id,doi,titulo,anio,revista,autores,fuente_bases,resumen
1,10.1111/eva.12902,"Forest genomics: Advancing climate adaptation, forest health, productivity, and conservation",2020,Evolutionary Applications,"Isabel, N.; Holliday, J.A.; Aitken, S.N.",scopus;wos,"Forest ecosystems provide important ecological services and resources, from habitat for biodiversity to the production of environmentally friendly products, and play a key role in the global carbon cycle. Humanity is counting on forests to sequester and store a substantial portion of the anthropogenic carbon dioxide produced globally. However, the unprecedented rate of climate change, deforestation, and accidental importation of invasive insects and diseases are threatening the health and productivity of forests, and their capacity to provide these services. Knowledge of genetic diversity, local adaptation, and genetic control of key traits is required to predict the adaptive capacity of tree populations, inform forest management and conservation decisions, and improve breeding for productive trees that will withstand the challenges of the 21st century. Genomic approaches have well accelerated the generation of knowledge of the genetic and evolutionary underpinnings of nonmodel tree species, and advanced their applications to address these challenges. This special issue of Evolutionary Applications features 14 papers that demonstrate the value of a wide range of genomic approaches that can be used to better understand the biology of forest trees, including species that are widespread and managed for timber production, and others that are threatened or endangered, or serve important ecological roles. We highlight some of the major advances, ranging from understanding the evolution of genomes since the period when gymnosperms separated from angiosperms 300 million years ago to using genomic selection to accelerate breeding for tree health and productivity. We also discuss some of the challenges and future directions for applying genomic tools to address long-standing questions about forest trees. © 2019 The Authors. Evolutionary Applications published by John Wiley & Sons Ltd."
2,10.1111/mec.17136,Population genomic analyses reveal population structure and major hubs of invasive Anopheles stephensi in the Horn of Africa,2023,Molecular Ecology,"Samake, J.N.; Lavretsky, P.; Gunarathna, I.; Follis, M.; Brown, J.I.; Ali, S.; Yared, S.; Carter, T.E.",scopus;wos,"Anopheles stephensi invasion in the Horn of Africa (HoA) poses a substantial risk of increased malaria disease burden in the region. An understanding of the history of introduction(s), establishment(s) and potential A. stephensi sources in the HoA is needed to predict future expansions and establish where they may be effectively controlled. To this end, we take a landscape genomic approach to assess A. stephensi origins and spread throughout the HoA, information essential for vector control. Specifically, we assayed 2070 genome-wide single nucleotide polymorphisms across 214 samples spanning 13 populations of A. stephensi from Ethiopia and Somaliland collected in 2018 and 2020, respectively. Principal component and genetic ancestry analyses revealed clustering that followed an isolation-by-distance pattern, with genetic divergence among the Ethiopian samples significantly correlating with geographical distance. Additionally, genetic relatedness was observed between the northeastern and east central Ethiopian A. stephensi populations and the Somaliland A. stephensi populations. These results reveal population differentiation and genetic connectivity within HoA A. stephensi populations. Furthermore, based on genetic network analysis, we uncovered that Dire Dawa, the site of a spring 2022 malaria outbreak, was one of the major hubs from which sequential founder events occurred in the rest of the eastern Ethiopian region. These findings can be useful for the selection of sites for heightened control to prevent future malaria outbreaks. Finally, we did not detect significant genotype–environmental associations, potentially due to the recency of their colonization and/or other anthropogenic factors leading to the initial spread and establishment of A. stephensi. Our study highlights how coupling genomic data at landscape levels can shed light into even ongoing invasions. © 2023 The Authors. Molecular Ecology published by John Wiley & Sons Ltd."
3,10.1111/evo.12121,Fine-scale genetic structure in a wild bird population: The role of limited dispersal and environmentally based selection as causal factors,2013,Evolution,"Garroway, C.J.; Radersma, R.; Sepil, I.; Santure, A.W.; De Cauwer, I.; Slate, J.; Sheldon, B.C.",scopus,"Individuals are typically not randomly distributed in space; consequently ecological and evolutionary theory depends heavily on understanding the spatial structure of populations. The central challenge of landscape genetics is therefore to link spatial heterogeneity of environments to population genetic structure. Here, we employ multivariate spatial analyses to identify environmentally induced genetic structures in a single breeding population of 1174 great tits Parus major genotyped at 4701 single-nucleotide polymorphism (SNP) loci. Despite the small spatial scale of the study relative to natal dispersal, we found multiple axes of genetic structure. We built distance-based Moran's eigenvector maps to identify axes of pure spatial variation, which we used for spatial correction of regressions between SNPs and various external traits known to be related to fitness components (avian malaria infection risk, local density of conspecifics, oak tree density, and altitude). We found clear evidence of fine-scale genetic structure, with 21, seven, and nine significant SNPs, respectively, associated with infection risk by two species of avian malaria (Plasmodium circumflexum and P. relictum) and local conspecific density. Such fine-scale genetic structure relative to dispersal capabilities suggests ecological and evolutionary mechanisms maintain within-population genetic diversity in this population with the potential to drive microevolutionary change. © 2013 The Society for the Study of Evolution."
4,10.1111/mec.16461,Genomic associations with poxvirus across divergent island populations in Berthelot's pipit,2022,Molecular Ecology,"Sheppard, E.C.; Martin, C.A.; Armstrong, C.; González-Quevedo, C.; Illera, J.C.; Suh, A.; Spurgin, L.; Richardson, D.S.",scopus;wos,"Understanding the mechanisms and genes that enable animal populations to adapt to pathogens is important from an evolutionary, health and conservation perspective. Berthelot's pipit (Anthus berthelotii) experiences extensive and consistent spatial heterogeneity in avian pox infection pressure across its range of island populations, thus providing an excellent system with which to examine how pathogen-mediated selection drives spatial variation in immunogenetic diversity. Here, we test for evidence of genetic variation associated with avian pox at both an individual and population-level. At the individual level, we find no evidence that variation in MHC class I and TLR4 (both known to be important in recognising viral infection) was associated with pox infection within two separate populations. However, using genotype-environment association (Bayenv) in conjunction with genome-wide (ddRAD-seq) data, we detected strong associations between population-level avian pox prevalence and allele frequencies of single nucleotide polymorphisms (SNPs) at a number of sites across the genome. These sites were located within genes involved in cellular stress signalling and immune responses, many of which have previously been associated with responses to viral infection in humans and other animals. Consequently, our analyses indicate that pathogen-mediated selection may play a role in shaping genomic variation among relatively recently colonised island bird populations and highlight the utility of genotype-environment associations for identifying candidate genes potentially involved in host-pathogen interactions. © 2022 The Authors. Molecular Ecology published by John Wiley & Sons Ltd."
5,10.1111/mec.15261,Urbanization impacts apex predator gene flow but not genetic diversity across an urban-rural divide,2019,Molecular Ecology,"Trumbo, D.R.; Salerno, P.E.; Logan, K.A.; Alldredge, M.W.; Gagne, R.B.; Kozakiewicz, C.P.; Kraberger, S.; Fountain-Jones, N.M.; Craft, M.E.; Carver, S.; Ernest, H.B.; Crooks, K.R.; VandeWoude, S.; Funk, W.C.",scopus;wos,"Apex predators are important indicators of intact natural ecosystems. They are also sensitive to urbanization because they require broad home ranges and extensive contiguous habitat to support their prey base. Pumas (Puma concolor) can persist near human developed areas, but urbanization may be detrimental to their movement ecology, population structure, and genetic diversity. To investigate potential effects of urbanization in population connectivity of pumas, we performed a landscape genomics study of 130 pumas on the rural Western Slope and more urbanized Front Range of Colorado, USA. Over 12,000 single nucleotide polymorphisms (SNPs) were genotyped using double-digest, restriction site-associated DNA sequencing (ddRADseq). We investigated patterns of gene flow and genetic diversity, and tested for correlations between key landscape variables and genetic distance to assess the effects of urbanization and other landscape factors on gene flow. Levels of genetic diversity were similar for the Western Slope and Front Range, but effective population sizes were smaller, genetic distances were higher, and there was more admixture in the more urbanized Front Range. Forest cover was strongly positively associated with puma gene flow on the Western Slope, while impervious surfaces restricted gene flow and more open, natural habitats enhanced gene flow on the Front Range. Landscape genomic analyses revealed differences in puma movement and gene flow patterns in rural versus urban settings. Our results highlight the utility of dense, genome-scale markers to document subtle impacts of urbanization on a wide-ranging carnivore living near a large urban center. © 2019 John Wiley & Sons Ltd"
6,10.1002/gepi.20337,"Tests for gene-environment interaction from case-control data: A novel study of type I error, power and designs",2008,Genetic Epidemiology,"Mukherjee, B.; Ahn, J.; Gruber, S.B.; Rennert, G.; Moreno, V.; Chatterjee, N.",scopus;wos,"To evaluate the risk of a disease associated with the joint effects of -genetic susceptibility and environmental exposures, epidemiologic researchers often test for non-multiplicative gene-environment effects from case-control studies. In this article, we present a comparative study of four alternative tests for interactions: (i) the standard case-control method;-(ii) the case-only method, which requires an assumption of gene-environment independence for the underlying population; (iii) a two-step method that decides between the case-only and case-control estimators depending on a statistical test for the gene-environment independence assumption and (iv) a novel empirical-Bayes (EB) method that combines the case-control and case-only estimators depending on the sample size and strength of the gene-environment association in the data. We evaluate the methods in terms of integrated Type I error and power, averaged with respect to varying scenarios for gene-environment association that are likely to appear in practice. These unique studies suggest that the novel EB procedure overall is a promising approach for detection of gene-environment interactions from case-control studies. In particular, the EB procedure, unlike the case-only or two-step methods, can closely maintain a desired Type I error under realistic scenarios of gene-environment dependence and yet can be substantially more powerful than the traditional case-control analysis when the gene-environment independence assumption is satisfied, exactly or approximately. Our studies also reveal potential utility of some non-traditional case-control designs that samples controls at a smaller rate than the cases. Apart from the simulation studies, we also illustrate the different methods by analyzing interactions of two commonly studied genes, N-acetyl transferase type 2 and glutathione s-transferase M1, with smoking and dietary exposures, in a large case-control study of colorectal cancer."
7,10.1002/ppp3.10496,Integrated environmental and genomic analysis reveals the drivers of fine-scale divergence and local adaptation in northern populations of two wild rice species in China,2024,Plants People Planet,"Chen, Y.; Chen, H.; He, Z.-Z.; Tian, D.F.; Dong, S.; Liu, Y.; Wang, Y.; Zhang, W.; Li, L.; Yang, J.; Song, Z.",scopus;wos,"Societal Impact Statement: Crop wild relatives represent precious genetic resources for crop improvement. Investigating their local adaptation to marginal environments is important for the utilization of wild genetic resources. Oryza officinalis and Oryza granulata are wild relatives of cultivated rice and possess genes that convey resistance to insects, disease, and tolerance to shade and drought. The northern edge for the distribution of these two lies in China where populations are facing habitat destruction. This study found that the northern marginal populations of both species have adapted to local conditions, with specific implications for the conservation and utilization of wild rice. Summary: O. officinalis and O. granulata, wild relatives of cultivated rice, represent important gene reservoirs with the potential to improve rice with respect to insect resistance and stress tolerance. However, the northern marginal populations of these two species in China are facing habitat destruction. Here, we investigated the genetic diversity and divergence of northern marginal populations of O. officinalis and O. granulata. The genomic variation of two species was examined by whole-genome sequencing on 357 individuals. Generalized dissimilarity modeling was applied to investigate the effects of geographic and environmental isolation on population differentiation. Genetic-environment association analysis and genome-wide FST outlier scans were used to identify environmentally driven signals of selection. The marginal populations of both species exhibited low genetic diversity and obvious genetic differentiation stemmed from the joint effects of isolation by geographic distance and the environment. Both genomes exhibited specific signals of adaptation to cold environments in the north. Investigation of the divergence and adaptation of marginal populations of O. officinalis and O. granulata will help us to determine how wild rice can adapt to local environments, thus allowing for the development of scientific conservation policies and the identification of new genetic resources for rice with improved resistance. © 2024 The Authors. Plants, People, Planet published by John Wiley & Sons Ltd on behalf of New Phytologist Foundation."
8,10.1093/biostatistics/kxm011,Retrospective analysis of haplotype-based case-control studies under a flexible model for gene-environment association,2008,Biostatistics,"Chen, Y.-H.; Chatterjee, N.; Carroll, R.J.",scopus;wos,"Genetic epidemiologic studies often involve investigation of the association of a disease with a genomic region in terms of the underlying haplotypes, that is the combination of alleles at multiple loci along homologous chromosomes. In this article, we consider the problem of estimating haplotype-environment interactions from case-control studies when some of the environmental exposures themselves may be influenced by genetic susceptibility. We specify the distribution of the diplotypes (haplotype pair) given environmental exposures for the underlying population based on a novel semiparametric model that allows haplotypes to be potentially related with environmental exposures, while allowing the marginal distribution of the diplotypes to maintain certain population genetics constraints such as Hardy-Weinberg equilibrium. The marginal distribution of the environmental exposures is allowed to remain completely nonparametric. We develop a semiparametric estimating equation methodology and related asymptotic theory for estimation of the disease odds ratios associated with the haplotypes, environmental exposures, and their interactions, parameters that characterize haplotype-environment associations and the marginal haplotype frequencies. The problem of phase ambiguity of genotype data is handled using a suitable expectation-maximization algorithm. We study the finite-sample performance of the proposed methodology using simulated data. An application of the methodology is illustrated using a case-control study of colorectal adenoma, designed to investigate how the smoking-related risk of colorectal adenoma can be modified by ""NAT2,"" a smoking-metabolism gene that may potentially influence susceptibility to smoking itself. The Author 2007. Published by Oxford University Press. All rights reserved."
9,10.1111/j.1365-294x.2010.04573.x,Beyond MHC: Signals of elevated selection pressure on Atlantic salmon (Salmo salar) immune-relevant loci,2010,Molecular Ecology,"Tonteri, A.; VasemÄgi, A.; Lumme, J.; Primmer, C.R.",scopus;wos,"Using Atlantic salmon (Salmo salar) as a model system, we investigated whether 18 microsatellites tightly linked to immune-relevant genes have experienced different selection pressures than 76 loci with no obvious association with immune function. Immune-relevant loci were identified as outliers by two outlier tests significantly more often than nonimmune linked loci (22% vs. 1.6%). In addition, the allele frequencies of immune relevant markers were more often correlated with latitude and temperature. Combined, these results support the hypothesis that immune-relevant loci more frequently exhibit footprints of selection than other loci. They also indicate that the correlation between immune-relevant loci and latitude may be due to temperature-induced differences in pathogen-driven selection or some other environmental factor correlated with latitude. © 2010 Blackwell Publishing Ltd."
10,10.1111/mec.17646,Locally Specific Genome-Wide Signatures of Adaptation to Environmental Variation at High Resolution in an Alpine Plant,2025,Molecular Ecology,"Rogivue, A.; Leempoel, K.; Guillaume, A.S.; Choudhury, R.R.; Felber, F.; Kasser, M.; Joost, S.; Parisod, C.; Gugerli, F.",scopus;wos,"Microevolutionary processes shape adaptive responses to heterogeneous environments, where these effects vary both among and within species. However, it remains largely unknown to which degree signatures of adaptation to environmental drivers can be detected based on the choice of spatial scale and genomic marker. We studied signatures of local adaptation across two levels of spatial extents, investigating complementary types of genomic variants—single-nucleotide polymorphisms (SNPs) and polymorphic transposable elements (TEs)—in populations of the alpine model plant species Arabis alpina. We coupled environmental factors, derived from remote sensed digital elevation models (DEMs) at very high resolution (0.5 m), with whole-genome sequencing data of 304 individuals across four populations. By comparing putatively adaptive loci detected between each local population versus a regional assessment including all populations simultaneously, we demonstrate that responses of A. alpina to similar amounts of abiotic variation are largely governed by local evolutionary processes. Furthermore, we find minimally overlapping signatures of local adaptation between SNPs and polymorphic TEs. Notably, functional annotations of candidate genes for adaptation revealed several symbiosis-related genes associated with the abiotic factors studied, which could represent selective pressures from biotic agents. Our results highlight the importance of considering different spatial extents and types of genomic polymorphisms when searching for signatures of adaptation to environmental variation. Such insights provide key information on microevolutionary processes and could guide management decisions to mitigate negative impacts of climate change on alpine plant populations. © 2025 John Wiley & Sons Ltd."
11,10.3390/plants12142607,Climate and Soil Microsite Conditions Determine Local Adaptation in Declining Silver Fir Forests,2023,Plants,"García-García, I.; Méndez-Cea, B.; González de Andrés, E.; Gazol, A.; Sánchez-Salguero, R.; Manso-Martínez, D.; Horreo, J.L.; Camarero, J.J.; Linares, J.C.; Gallego, F.J.",scopus;wos,"Ongoing climatic change is threatening the survival of drought-sensitive tree species, such as silver fir (Abies alba). Drought-induced dieback had been previously explored in this conifer, although the role played by tree-level genetic diversity and its relationship with growth patterns and soil microsite conditions remained elusive. We used double digest restriction-site-associated DNA sequencing (ddRADseq) to describe different genetic characteristics of five silver fir forests in the Spanish Pyrenees, including declining and non-declining trees. Single nucleotide polymorphisms (SNPs) were used to investigate the relationships between genetics, dieback, intraspecific trait variation (functional dendrophenotypic traits and leaf traits), local bioclimatic conditions, and rhizosphere soil properties. While there were no noticeable genetic differences between declining and non-declining trees, genome–environment associations with selection signatures were abundant, suggesting a strong influence of climate, soil physicochemical properties, and soil microbial diversity on local adaptation. These results provide novel insights into how genetics and diverse environmental factors are interrelated and highlight the need to incorporate genetic data into silver fir forest dieback studies to gain a better understanding of local adaptation. © 2023 by the authors."
12,10.1002/gepi.20492,"The gene, environment association studies consortium (GENEVA): Maximizing the knowledge obtained from GWAS by collaboration across studies of multiple conditions",2010,Genetic Epidemiology,"Cornelis, M.C.; Agrawal, A.; Cole, J.W.; Hansel, N.N.; Barnes, K.C.; Beaty, T.H.; Bennett, S.N.; Bierut, L.J.; Boerwinkle, E.; Doheny, K.F.; Feenstra, B.; Feingold, E.; Fornage, M.; Haiman, C.A.; Harris, E.L.; Hayes, M.G.; Heit, J.A.; Hu, F.B.; Kang, J.H.; Laurie, C.C.; Ling, H.; Manolio, T.A.; Marazita, M.L.; Mathias, R.A.; Mirel, D.B.; Paschall, J.; Pasquale, L.R.; Pugh, E.W.; Rice, J.P.; Udren, J.; Van Dam, R.M.; Wang, X.; Wiggs, J.L.; Williams, K.; Yu, K.",scopus;wos,"Genome-wide association studies (GWAS) have emerged as powerful means for identifying genetic loci related to complex diseases. However, the role of environment and its potential to interact with key loci has not been adequately addressed in most GWAS. Networks of collaborative studies involving different study populations and multiple phenotypes provide a powerful approach for addressing the challenges in analysis and interpretation shared across studies. The Gene, Environment Association Studies (GENEVA) consortium was initiated to: identify genetic variants related to complex diseases; identify variations in gene-trait associations related to environmental exposures; and ensure rapid sharing of data through the database of Genotypes and Phenotypes. GENEVA consists of several academic institutions, including a coordinating center, two genotyping centers and 14 independently designed studies of various phenotypes, as well as several Institutes and Centers of the National Institutes of Health led by the National Human Genome Research Institute. Minimum detectable effect sizes include relative risks ranging from 1.24 to 1.57 and proportions of variance explained ranging from 0.0097 to 0.02. Given the large number of research participants (N>80,000), an important feature of GENEVA is harmonization of common variables, which allow analyses of additional traits. Environmental exposure information available from most studies also enables testing of gene-environment interactions. Facilitated by its sizeable infrastructure for promoting collaboration, GENEVA has established a unified framework for genotyping, data quality control, analysis and interpretation. By maximizing knowledge obtained through collaborative GWAS incorporating environmental exposure information, GENEVA aims to enhance our understanding of disease etiology, potentially identifying opportunities for intervention. © 2010 Wiley-Liss, Inc."
13,10.1016/j.ufug.2024.128627,"Urbanization affects population connectivity, reproductive success and phenotypic traits in the Mediterranean cliff species Brassica incana (Brassicaceae)",2025,Urban Forestry and Urban Greening,"Laccetti, L.; Frachon, L.; Arrigo, L.; Scopece, G.",scopus;wos,"Biotic and abiotic changes induced by urbanization can highly affect the ecology and evolution of plant species. Indeed, urban development can have a major impact on plant population genomics, reproductive success and phenotypic traits hence influencing the adaptive strategies and the ecological functions of plant species within ecosystems. Through a holistic study of the impact of urbanization on the genetic and ecological dynamics of a Mediterranean plant species, we shed light on the mechanisms driving plant responses to urban environments. By focusing on 15 populations of the Mediterranean cliff species Brassica incana distributed along an urbanization gradient, we first analyzed the potential drivers of among-population genomic differentiation using a landscape genomics approach. Then, we provided a comprehensive understanding of the complex interplay among ecological factors (climate, herbivore damage, pollinator community), reproductive (relative fruit set and seed-ovule ratio) and phenotypic (glucosinolate content, flower number) traits involved in the response of B. incana populations to urban pressures using complementary Structural Equation Modeling (SEM) and correlative approaches. Our results show that urbanization reduces among-population connectivity by influencing the genomic differentiation among populations. Also, according to SEM analysis, urbanization showed direct and indirect (mediated by mean annual temperature) effects on both pollinator community and herbivory levels, and direct and indirect (mediated by honeybees and long-tongued bees) effects on plant reproductive success. Additionally, urban populations showed higher contents of a glucosinolate compound (glucobrassicin). Taken together, our findings suggest that urbanization can shape genomic differentiation, reproductive success and phenotypic variation. We showed that the impact of urbanization is rather complex and is likely mediated by the interplay between direct and indirect effects of abiotic and biotic conditions on B. incana. Overall, we documented how urban development can shape eco-evolutionary dynamics of a cliff species located in a densely inhabited Mediterranean area. © 2024 The Authors"
14,10.1111/mec.17125,"Whole genome analyses reveal weak signatures of population structure and environmentally associated local adaptation in an important North American pollinator, the bumble bee Bombus vosnesenskii",2023,Molecular Ecology,"Heraghty, S.D.; Jackson, J.M.; Lozier, J.D.",scopus;wos,"Studies of species that experience environmental heterogeneity across their distributions have become an important tool for understanding mechanisms of adaptation and predicting responses to climate change. We examine population structure, demographic history and environmentally associated genomic variation in Bombus vosnesenskii, a common bumble bee in the western USA, using whole genome resequencing of populations distributed across a broad range of latitudes and elevations. We find that B. vosnesenskii exhibits minimal population structure and weak isolation by distance, confirming results from previous studies using other molecular marker types. Similarly, demographic analyses with Sequentially Markovian Coalescent models suggest that minimal population structure may have persisted since the last interglacial period, with genomes from different parts of the species range showing similar historical effective population size trajectories and relatively small fluctuations through time. Redundancy analysis revealed a small amount of genomic variation explained by bioclimatic variables. Environmental association analysis with latent factor mixed modelling (LFMM2) identified few outlier loci that were sparsely distributed throughout the genome and although a few putative signatures of selective sweeps were identified, none encompassed particularly large numbers of loci. Some outlier loci were in genes with known regulatory relationships, suggesting the possibility of weak selection, although compared with other species examined with similar approaches, evidence for extensive local adaptation signatures in the genome was relatively weak. Overall, results indicate B. vosnesenskii is an example of a generalist with a high degree of flexibility in its environmental requirements that may ultimately benefit the species under periods of climate change. © 2023 John Wiley & Sons Ltd."
15,10.1609/aaai.v40i46.41280,BSAN: Behavioral State Attention Network for Modeling Mosquito Host-Seeking Behavior,2026,Proceedings of the AAAI Conference on Artificial Intelligence,"Sun, H.; Li, J.Z.; Marshall, J.M.",scopus,"Understanding the complex host-seeking behavior of disease vectors such as mosquitoes are critical for predicting disease transmission and vector control. This behavior arises from a dynamic interplay between multimodal sensory cues and internal behavioral states, a process challenging traditional ODE frameworks due to its inherent stochasticity and discrete, state-based nature. We introduce the Behavioral State Attention Network (BSAN), a deep learning architecture designed to model the underlying sensorimotor computations of this behavior. BSAN utilizes a recurrent neural network (RNN) with an LSTM core to process temporal sequences, incorporating a variational encoder to capture the randomness of flight paths and a Mixture Density Network (MDN) to predict multi-modal velocity distributions. The architecture explicitly models distinct behavioral states, such as CO2 plume tracking and thermal approach, through a Mixture-of-Experts (MoE) framework, and learns to interpretably integrate olfactory, thermal, and visual inputs using a cross-modal attention mechanism. The network generates realistic flight trajectories that exhibit emergent host-seeking behaviors. By providing both trajectory predictions and interpretable behavioral primitives, BSAN serves as a framework for downstream applications in landscape genomics and vector control, enabling the prediction of mosquito population connectivity through environment-specific movement kernels. © 2026, Association for the Advancement of Artificial Intelligence (www.aaai.org). All rights reserved."
16,10.1016/j.scitotenv.2025.178559,"Exploring the connection between climatic conditions and genetic properties of Abies alba Mill., including warm and summer-dry Mediterranean environments",2025,Science of the Total Environment,"Coşgun, S.; Gauthier, J.; Beffa, G.; Bonanomi, G.; Carraro, G.; Cherubini, P.; Gobet, E.; Leunda, M.; Manetti, M.-C.; Mazza, G.; Pistone, A.; Schwörer, C.; Sperisen, C.; van Vugt, L.; Alvarez, N.; Conedera, M.; Gugerli, F.; Tinner, W.",scopus,"Abies alba Mill. is a prominent European tree species predominantly inhabiting cool and humid montane environments. However, paleoecological evidence reveals that during the Eemian and mid-Holocene, A. alba thrived in much warmer and drier climates. This capacity is nowadays reflected in cryptic meso- and sub-Mediterranean lowland populations. To link A. alba populations across diverse climates spanning from the Mediterranean lowlands to the Alpine timberline, we genotyped 421 specimens from Italy and Switzerland at 190 single-nucleotide polymorphisms (SNPs). Population genetic structure analyses indicate that isolated meso- and sub-Mediterranean lowland populations in Tuscany and Ticino align genetically with higher elevation populations in each region, suggesting that their capacity to thrive in warmer, drier conditions cannot be attributed to plantations with planting stock originating from different climates or to the occurrence of a single warm-adapted lineage showing a disjunct distribution, unless migration between Tuscany and Ticino stands occurred. Genotype–environment associations reveal that temperature seasonality, precipitation during critical seasons, and relative humidity are important for explaining the species' genetic variation. With genotype–environment and genotype–phenotype associations, we identified candidate adaptive genes potentially linked to climatic conditions and drought response. While certain adaptive alleles may have spread from Tuscany and Southern Italy or could be explained by a shared ancestry of Ticino and Tuscan populations, local adaptation may have occurred at specific loci. These findings underscore the importance of considering the hitherto overlooked lowland Mediterranean populations of A. alba to better understand the species' climatic niche and its potential for forest conservation and management under global warming. © 2025 The Authors"
17,10.1002/ecm.70006,First evidence of a genetic basis for thermal adaptation in a schistosome host snail,2025,Ecological Monographs,"Maes, T.; Verheyen, J.; Senghor, B.; Mudavanhu, A.; Schols, R.; Hellemans, B.; Geslain, E.; Volckaert, F.A.M.; Gante, H.F.; Huyse, T.",scopus;wos,"Freshwater snails play a key role in the transmission of schistosomiasis, a tropical parasitic disease affecting over 150 million people. Adaptation of these snails to local climatic conditions is a critical factor in determining how climate change and other environmental factors influence disease transmission dynamics, yet this potential adaptation has remained unexplored. Bulinus truncatus is the schistosome intermediate host snail with the widest geographic distribution and is therefore an important factor determining the maximum range of urogenital schistosomiasis. In this study, we assessed the local adaptation capacity of B. truncatus to temperature through an integrative approach encompassing phenotypic, ecophysiological, and genomic data. Ten snail populations from diverse thermal environments were collected in three countries, with eight populations reared in a common garden. The F2 generation (N = 2304) was exposed to eight chronic temperature treatments (±36 snails/population/temperature treatment) and various life history traits were recorded for over 14 weeks. Subsequently, ecophysiological analyses were conducted on the 10 last surviving snails per population. Genotyping the parental generation collected in the field using a genotyping-by-sequencing (GBS) approach, revealed 12,875 single-nucleotide polymorphisms (SNPs), of which 4.91% were potentially under selection. We observed a significant association between outlier SNPs, temperature, and precipitation. Thermal adaptations in life history traits were evident, with lower survival rates at high temperatures of warm-origin snails compensated for by higher reproduction rates. Cold-origin snails, on the other hand, exhibited higher growth rates adapted to a shorter growing season. Ecophysiological adaptations included elevated sugar and hemoglobin contents in cold-adapted snails. In contrast, warm-adapted snails displayed not only increased protein levels but also more oxidative damage. Furthermore, heightened phenoloxidase levels indicated a more robust immune response in snails from parasite-rich regions. These morphological and physiological differences provide convincing evidence for a genetic basis of local adaptation. This in turn holds profound implications for the snail's response to climate change, future schistosomiasis risk, and the effectiveness of schistosomiasis control measures. © 2025 The Author(s). Ecological Monographs published by Wiley Periodicals LLC on behalf of The Ecological Society of America."
18,10.1111/eva.12794,Landscape genomics to the rescue of a tropical bee threatened by habitat loss and climate change,2019,Evolutionary Applications,"Jaffé, R.; Veiga, J.C.; Pope, N.S.; Lanes, É.C.M.; Carvalho, C.S.; Alves, R.; Andrade, S.C.S.; Arias, M.C.; Bonatti, V.; Carvalho, A.T.; de Castro, M.S.; Contrera, F.A.L.; Francoy, T.M.; Freitas, B.M.; Giannini, T.C.; Hrncir, M.; Martins, C.F.; Oliveira, G.; Saraiva, A.M.; Souza, B.A.; Imperatriz-Fonseca, V.L.",scopus;wos,"Habitat degradation and climate change are currently threatening wild pollinators, compromising their ability to provide pollination services to wild and cultivated plants. Landscape genomics offers powerful tools to assess the influence of landscape modifications on genetic diversity and functional connectivity, and to identify adaptations to local environmental conditions that could facilitate future bee survival. Here, we assessed range-wide patterns of genetic structure, genetic diversity, gene flow, and local adaptation in the stingless bee Melipona subnitida, a tropical pollinator of key biological and economic importance inhabiting one of the driest and hottest regions of South America. Our results reveal four genetic clusters across the species’ full distribution range. All populations were found to be under a mutation–drift equilibrium, and genetic diversity was not influenced by the amount of reminiscent natural habitats. However, genetic relatedness was spatially autocorrelated and isolation by landscape resistance explained range-wide relatedness patterns better than isolation by geographic distance, contradicting earlier findings for stingless bees. Specifically, gene flow was enhanced by increased thermal stability, higher forest cover, lower elevations, and less corrugated terrains. Finally, we detected genomic signatures of adaptation to temperature, precipitation, and forest cover, spatially distributed in latitudinal and altitudinal patterns. Taken together, our findings shed important light on the life history of M. subnitida and highlight the role of regions with large thermal fluctuations, deforested areas, and mountain ranges as dispersal barriers. Conservation actions such as restricting long-distance colony transportation, preserving local adaptations, and improving the connectivity between highlands and lowlands are likely to assure future pollination services. © 2019 The Authors. Evolutionary Applications published by John Wiley & Sons Ltd"
19,10.1093/molbev/msz078,Adaptation to plant communities across the genome of arabidopsis thaliana,2019,Molecular Biology and Evolution,"Frachon, L.; Mayjonade, B.; Bartoli, C.; Hautekèete, N.-C.; Roux, F.",scopus;wos,"Despite the importance of plant-plant interactions on plant community dynamics and crop yield, our understanding of the adaptive genetics underlying these interactions is still limited and deserves to be investigated in the context of complex and diffuse interactions occurring in plant assemblages. Here, based on 145 natural populations of Arabidopsis thaliana located in south-west of France and characterized for plant communities, we conducted a Genome-Environment Association analysis to finely map adaptive genomic regions of A. thaliana associated with plant community descriptors. To control for correlated abiotic environment effects, we also characterized the populations for a set of biologically meaningful climate and soil variables. A nonnegligible fraction of top single nucleotide polymorphisms was associated with both plant community descriptors and abiotic variables, highlighting the importance of considering the actual abiotic drivers of plant communities to disentangle genetic variants for biotic adaptation from genetic variants for abiotic adaptation. The adaptive loci associated with species abundance were highly dependent on the identity of the neighboring species suggesting a high degree of biotic specialization of A. thaliana to members of its plant interaction network. Moreover, the identification of adaptive loci associated with a-diversity and composition of plant communities supports the ability of A. thaliana to interact simultaneously with multiple plant neighbors, which in turn can help to understand the role of community-wide selection. Altogether, our study highlights that dissecting the genetic basis underlying plant-plant interactions at a regional scale while controlling for abiotic confounding factors can help understanding the adaptive mechanisms modulating natural plant assemblages. © The Author(s) 2019."
20,10.1093/gbe/evx267,At the origin of a worldwide invasion: Unraveling the genetic makeup of the caribbean bridgehead populations of the dengue vector aedes Aegypti,2018,Genome Biology and Evolution,"Sherpa, S.; Rioux, D.; Goindin, D.; Fouque, F.; François, O.; Després, L.",scopus;wos,"Human-driven global environmental changes have considerably increased the risk of biological invasions, especially the spread of human parasites and their vectors. Among exotic species that have major impacts on public health, the dengue fever mosquito Aedes Aegypti originating from Africa has spread worldwide during the last three centuries. Although considerable progress has been recently made in understanding the history of this invasion, the respective roles of human and abiotic factors in shaping patterns of genetic diversity remain largely unexplored. Using a genome-wide sample of genetic variants (3,530 ddRAD SNPs), we analyzed the genetic structure of Ae. Aegypti populations in the Caribbean, the first introduced territories in the Americas. Fourteen populations were sampled in Guyane and in four islands of the Antilles that differ in climatic conditions, intensity of urbanization, and vector control history. The genetic diversity in the Caribbean was low (He ¼ 0.14–0.17), as compared with a single African collection from Benin (He ¼ 0.26) and site-frequency spectrum analysis detected an ancient bottleneck dating back 300 years ago, supporting a founder event during the introduction of Ae. Aegypti. Evidence for a more recent bottleneck May be related to the eradication program undertaken on the American continent in the 1950s. Among 12 loci detected as FST-outliers, two were located in candidate genes for insecticide resistance (cytochrome P450 and voltage-gated sodium channel). Genome–environment association tests identified additional loci associated with human density and/or deltamethrin resistance. Our results highlight the high impact of human pressures on the demographic history and genetic variation of Ae. Aegypti Caribbean populations. © The Author 2017."
21,10.1111/jse.12592,"Population structure, landscape genomics, and genetic signatures of adaptation to exotic disease pressure in Cornus florida L.—Insights from GWAS and GBS data",2020,Journal of Systematics and Evolution,"Pais, A.L.; Whetten, R.W.; Xiang, Q.-Y.",scopus;wos,"Understanding the consequences of exotic diseases on native forests is important to evolutionary ecology and conservation biology because exotic pathogens have drastically altered US eastern deciduous forests. Cornus florida L. (flowering dogwood tree) is one such species facing heavy mortality. Characterizing the genetic structure of C. florida populations and identifying the genetic signature of adaptation to dogwood anthracnose (an exotic pathogen responsible for high mortality) remain vital for conservation efforts. By integrating genetic data from genotype by sequencing (GBS) of 289 trees across the host species range and distribution of disease, we evaluated the spatial patterns of genetic variation and population genetic structure of C. florida and compared the pattern to the distribution of dogwood anthracnose. Using genome-wide association study and gradient forest analysis, we identified genetic loci under selection and associated with ecological and diseased regions. The results revealed signals of weak genetic differentiation of three or more subgroups nested within two clusters—explaining up to 2%–6% of genetic variation. The groups largely corresponded to the regions within and outside the eastern Hot-Continental ecoregion, which also overlapped with areas within and outside the main distribution of dogwood anthracnose. The fungal sequences contained in the GBS data of sampled trees bolstered visual records of disease at sampled locations and were congruent with the reported range of Discula destructiva, suggesting that fungal sequences within-host genomic data were informative for detecting or predicting disease. The genetic diversity between populations at diseased vs. disease-free sites across the range of C. florida showed no significant difference. We identified 72 single-nucleotide polymorphisms (SNPs) from 68 loci putatively under selection, some of which exhibited abrupt turnover in allele frequencies along the borders of the Hot-Continental ecoregion and the range of dogwood anthracnose. One such candidate SNP was independently identified in two prior studies as a possible L-type lectin-domain containing receptor kinase. Although diseased and disease-free areas do not significantly differ in genetic diversity, overall there are slight trends to indicate marginally smaller amounts of genetic diversity in disease-affected areas. Our results were congruent with previous studies that were based on a limited number of genetic markers in revealing high genetic variation and weak population structure in C. florida. © 2020 Institute of Botany, Chinese Academy of Sciences"
22,10.1186/s12864-026-12991-6,Integrated environmental and genomic analysis reveals the drivers and genetic mechanisms of agro-climatic adaptation in geese,2026,BMC Genomics,"Zhou, X.; Xia, J.; Chen, W.; Zou, J.; Chen, J.; Zhang, X.",scopus;wos,"Background: Adaptation is one of the key processes of animal domestication, environmental pressures will leave footprints in the genome. Geese are widely distributed across multiple geographical conditions with distinct adaptations. However, few reports have focused on the environmental adaptability of geese. Moreover, the key environmental drivers that trigger local adaptation and its genetic mechanisms are still unknown. To this end, 35 agro-climatic variables of 257 geese from 14 Chinese breeds were obtained, the key environmental drivers and its genetic mechanism were elucidated by combining the genome data. Results: Five key environmental drivers, elevation, water scarcity (BIO14), two variables as proxies of food availability (Grass and Landuse), and one variable as proxy of disease resistance (Forest) were identified after dissecting 35 agro-climatic variables by using ecological niche modeling (ENM). Integrating five key environmental drivers with single-nucleotide polymorphism variations, we conduct genome-wide selection signature analyses and genome-environment analysis. This analysis identified 1984 key genes likely integral to the environmental adaptation and mainly enriched in MAPK signaling pathways and metabolic pathways. Allele frequency distribution and selective sweep analysis revealed that some genes play crucial roles in environmental adaptation, including SATB1, NTRK2 and CTIF involved in adapting to the high-altitude hypoxic environments; ARMH3 and BDH2 participated in adapting to water deficiency; COL5L1, ULK4 and PI4KA associated with disease resistance, and other genes involved in metabolic adaptations including IQSEC1, TBC1D14, GRK5, FGGY and LRP1B, etc. Notably, we noticed that feather colour differentiation in geese might be driven by human agricultural practices, with LRP1B involved in this process. Conclusions: Overall, our study elucidated the five key environmental drivers and their genetic mechanisms. The candidate genes related to environmental adaptability offer new insights into genetic resource development and breeding strategies of Chinese indigenous geese. © The Author(s) 2026."
23,10.1186/s12870-025-07695-0,Ecotypic divergence in Mongolian Scots pine persists via large-effect genetic adaptation and phenotypic plasticity,2025,BMC Plant Biology,"Fong, Q.; Ke, C.-Y.; Gao, D.-M.; Luo, M.-X.; Yang, Y.-Z.; Gao, R.-H.; Liao, P.-C.",scopus;wos,"Background: Understanding how ecotypic divergence persists under extensive gene flow is critical for predicting adaptive responses in long-lived conifers. Mongolian Scots pine (Pinus sylvestris var. mongolica) occupies contrasting mountain and sandy-dune habitats in northeastern China, forming two ecotypes with distinct environmental adaptations. Using reference-free Specific Locus Amplified Fragment sequencing (SLAF-seq) data and genome-wide SNPs, we explored patterns of genomic differentiation and genotype-environment associations to determine whether adaptive divergence is driven by few large-effect loci or polygenic shifts. Results: Despite weak population structure, we identified ~ 3% of the genome as adaptive outliers with strong differentiation between ecotypes. These loci exhibited significant environmental associations indicating that both adaptive genomic islands and polygenic shifts are dominated by large-effect variants rather than minor-effect alleles. Furthermore, phenotypic differentiation between ecotypes reflected a dual mechanism: adaptive genetic divergence shaping hydraulic traits and mechanical support, and genotype-by-environment (G×E) interactions enabling phenotypic plasticity in physiological responses, such as water-use efficiency and stress tolerance. Conclusion: The interplay between hard genetic adaptation and plasticity highlights how Mongolian Scots pine can simultaneously preserve ecotypic differentiation and respond flexibly to environmental heterogeneity. Importantly, such plasticity may provide a critical buffer against rapid climate change, allowing populations to persist despite ongoing gene flow and delayed genomic divergence. Our study highlights how divergent selection and plasticity together maintain ecotypic divergence in wind-pollinated pine variety with high gene flow and demonstrates a novel reference-free approach for dissecting adaptive architectures in non-model genomes. © The Author(s) 2025."
24,10.1016/j.scitotenv.2023.165085,The effects of urban life on animal immunity: Adaptations and constraints,2023,Science of the Total Environment,"Minias, P.",scopus;wos,"Land transformation, including urbanization, is a dominant form of anthropogenic change to the global environment at the dawn of the Anthropocene epoch. More and more species are brought into direct contact with humans, being either required to develop broad-scale adaptations to urban environment or filtered out from urbanized areas. While behavioural or physiological adaptations are at the forefront of urban biology research, there is accumulating evidence for divergent pathogen pressure across urbanization gradients, requiring adjustments in host immune function. At the same time, host immunity may be constrained by unfavourable components of an urban environment, such as poor-quality food resources, disturbance, or pollution. Here, I reviewed existing evidence for adaptations and constrains in the immune system of urban animals, focusing on the recent implementation of metabarcoding, genomic, transcriptomic, and epigenomic approaches in urban biology research. I show that spatial variation in pathogen pressure across urban and non-urban landscapes is highly complex and may be context-dependent, but there is solid evidence for pathogen-driven immunostimulation in urban-dwelling animals. I also show that genes coding for molecules directly involved in interactions with pathogens are the prime candidates for immunogenetic adaptations to urban life. Evidence emerging from landscape genomics and transcriptomics show that immune adaptations to urban life may have a polygenic nature, but immune traits may not be among the key biological functions experiencing broad-scale microevolutionary changes in response to urbanization. Finally, I provided recommendations for future research, including i) a better integration of different ‘omic’ approaches to obtain a more complete picture of immune adaptations to urban life in non-model animal taxa, ii) quantification of fitness landscapes for immune phenotypes and genotypes across urbanization gradient, and iii) much broader taxonomic coverage (including invertebrates) necessary to draw more robust conclusions on how general (or taxa-specific) are immune responses of animals to urbanization. © 2023 The Author"
25,10.1111/j.0105-2896.2009.00850.x,Autoimmunity to specific citrullinated proteins gives the first clues to the etiology of rheumatoid arthritis,2010,Immunological Reviews,"Wegner, N.; Lundberg, K.; Kinloch, A.; Fisher, B.; Malmström, V.; Feldmann, M.; Venables, P.J.",scopus;wos,"Rheumatoid arthritis (RA) is now clearly a true autoimmune disease with accumulating evidence of pathogenic disease-specific autoimmunity to citrullinated proteins. Citrullination, also termed deimination, is a modification of arginine side chains catalyzed by peptidylarginine deiminase (PAD) enzymes. This post-translational modification has the potential to alter the structure, antigenicity, and function of proteins. In RA, antibodies to cyclic citrullinated peptides are now well established for clinical diagnosis, though we argue that the identification of specific citrullinated antigens, as whole proteins, is necessary for exploring pathogenic mechanisms. Four citrullinated antigens, fibrinogen, vimentin, collagen type II, and α-enolase, are now well established, with others awaiting further characterization. All four proteins are expressed in the joint, and there is evidence that antibodies to citrullinated fibrinogen and collagen type II mediate inflammation by the formation of immune complexes, both in humans and animal models. Antibodies to citrullinated proteins are associated with HLA 'shared epitope' alleles, and autoimmunity to at least one antigenic sequence, the CEP-1 peptide from citrullinated α-enolase (KIHAcitEIFDScitGNPTVE), shows a specific association with HLA-DRB1*0401, *0404, 620W PTPN22, and smoking. Periodontitis, in which Porphyromonas gingivalis is a major pathogenic bacterium, has been linked to RA in epidemiological studies and also shares similar gene/environment associations. This is also the only bacterium identified that expresses endogenous citrullinated proteins and its own bacterial PAD enzyme, though the precise molecular mechanisms of bacterial citrullination have yet to be explored. Thus, both smoking and Porphyromonas gingivalis are attractive etiological agents for further investigation into the gene/environment/autoimmunity triad of RA. © 2009 John Wiley & Sons A/S."
26,10.1016/j.psj.2024.104508,"South African indigenous chickens' genetic diversity, and the adoption of ecological niche modelling and landscape genomics as strategic conservation techniques",2025,Poultry Science,"Mogano, R.R.; Mpofu, T.J.; Mtileni, B.; Hadebe, K.",scopus;wos,"Selection pressures found in the prevailing production environments have shaped the genetic structure of indigenous chickens we see today. Indigenous chickens, raised in villages, provide essential genetic resources and income for poverty alleviation by providing affordable protein. However, they are threatened by predators, emerging diseases, and market demand for ideal breeds and fast production which causes loss of their valuable traits. The lack of knowledge about genetic diversity and genetic mechanisms underlying adaptive variants may compromise the goal of conserving indigenous chicken breeds. The main insights of the study are that indigenous chickens are highly diversified, and environmental factors play a key role in enabling chicken adaptation and distribution. Genomic and spatial technologies have made it possible to explore the genetic structure and fully comprehend the mechanism underlying the local adaptation of indigenous chickens. These technologies can aid in creating programs that enhance productivity and promote climate-resilient breeds. This review explores the impact of natural selection on indigenous chicken, genetic diversity, population size, and the advancement of technologies in understanding local adaptation drivers. In conclusion, this review highlights the importance of studying the habitats and how this will guide in conserving local breeds in their intended production environment. © 2024"
27,10.3389/fmars.2021.638979,Reefscape Genomics: Leveraging Advances in 3D Imaging to Assess Fine-Scale Patterns of Genomic Variation on Coral Reefs,2021,Frontiers in Marine Science,"Bongaerts, P.; Dubé, C.E.; Prata, K.E.; Gijsbers, J.C.; Achlatis, M.; Hernandez-Agreda, A.",scopus;wos,"Coral reefs across the world are undergoing rapid deterioration, and understanding the ecological and evolutionary processes that govern these ecosystems is critical to our ability to protect them. Molecular ecological studies have been instrumental in advancing such understanding, and while initially focused primarily on broad-scale patterns, they have gradually uncovered the prevalence of local genetic structuring. Genome-wide sequencing approaches have provided new opportunities to understand both neutral and adaptive contributions to this largely unexplained diversity, but fine-scale assessments have been hampered by challenges associated with aquatic environments, in terms of (geo)referencing, seafloor characterization, and in situ phenotyping. Here, we discuss the potential of “reefscape genomics,” leveraging recent advances in underwater imaging to enable spatially explicit genomic studies on coral reefs. More specifically, we consider how (close-range) photogrammetry approaches enable (1) fine-scale spatial mapping of benthic target organisms, (2) repeatable characterization of the abiotic and biotic reefscape, and (3) simultaneous in situ mass-phenotyping. The spatially explicit consideration of genomic data –combined with detailed environmental and phenotypic characterization– opens up the opportunity for fine-scale landscape genomic approaches on coral reefs (and other marine ecosystems). Such approaches enable assessment of the spatio-temporal drivers and adaptive potential of the extensive genetic structuring and cryptic diversity encountered in benthic invertebrates, such as reef-building corals. Considering the threats that coral reefs are facing worldwide, we believe that reefscape genomics represents a promising advancement of our molecular ecological toolkit to help inform how we can most effectively conserve and restore coral reef ecosystems into the future. © Copyright © 2021 Bongaerts, Dubé, Prata, Gijsbers, Achlatis and Hernandez-Agreda."
28,10.1016/j.jcma.2015.09.003,"Association of polymorphisms of adiponectin gene promoter-11377C/G, glutathione peroxidase-1 gene C594T, and cigarette smoking in nonalcoholic fatty liver disease",2016,Journal of the Chinese Medical Association,"Zhang, C.-X.; Guo, L.-K.; Qin, Y.-M.; Li, G.-Y.",scopus;wos,"Background: The number of studies on adiponectin, GPx-1 gene polymorphisms, and nonalcoholic fatty liver disease (NAFLD) susceptibility is increasing, but none have investigated the effect of cigarette smoking in combination with the gene polymorphisms on the susceptibility to NAFLD. In order to understand the distribution of adiponectin and GPx-1 in the local population, to explore the possible association of cigarette smoking with adiponectin and GPx-1 gene polymorphisms in the pathogenesis of NAFLD, we conducted this research, examining the distribution of polymorphisms of adiponectin and GPx-1 in NAFLD patients and healthy controls, analyzing the association between these polymorphisms and cigarette smoking. Methods: Two hundred nonalcoholic simple fatty liver (NAFL), 200 nonalcoholic steatohepatitis (NASH), and 200 nonalcoholic fatty hepatic cirrhosis (NAFHC) cases from the First Affiliated Hospital of Xinxiang Medical College in China from February 2011 to November 2014 were selected for this study, and 200 healthy individuals as a control group. No significant difference among the four groups in age, sex, ethnicity, and birthplace was observed. The genetic polymorphisms of adiponectin gene promoter-11377C/G and GPx-1 gene C594T were analyzed using polymerase chain reaction-restriction fragment length polymorphisms in peripheral blood leukocytes of the above-mentioned cases. The interaction between the two mutants and the gene-environment association of the genotypes with cigarette smoking were analyzed. Results: The frequencies of adiponectin gene promoter-11377C/G(CG), -11377C/G (GG), GPx-1 gene C594T (CT) and C594T (TT) were 24.50%, 26.00%, 24.00%, and 25.50% in the NAFL group, 34.50%, 37.00%, 35.00%, and 36.00% in the NASH group, 42.00%, 46.00%, 43.50%, and 45.50% in the NAFHC group, and 14.00%, 14.50%, 13.00%, and 14.00% in the control group, respectively. Statistical tests showed a significant difference in the frequencies among each group (p < 0.01). The risk of NAFLD significantly increased in patients with adiponectin gene promoter-11377C/G (CG) genotype [odds ratio (OR)NAFL = 2.5278 ORNASH = 6.1823 ORNAFHC = 17.8570), in those with -11377C/G (GG) genotype (ORNAFL= 2.5900 ORNASH = 6.4017 ORNAFHC = 18.9023), in those with GPx-1 gene C594T (CT) genotype (ORNAFL= 2.6687 ORNASH = 6.7772 ORNAFHC = 22.2063), and in those with C594T (TT) genotype (ORNAFL= 2.6330 ORNASH = 6.4729 ORNAFHC = 21.5682). Combined analysis of the polymorphisms showed that percentages of adiponectin gene promoter -11377C/G (GG)/GPx-1 gene C594T (TT) in the NAFL, the NASH, NAFHC, and control groups was 7.00%, 13.50%, 21.00%, and 2.00%, respectively (p < 0.01). The people who carried the adiponectin gene promoter -11377C/G (GG)/GPx-1 gene C594T (TT) had a high risk of NAFLD (ORNAFL= 7.2800 ORNASH = 41.2941 ORNAFHC = 363.9724), and statistical analysis suggested a positive association between -11377C/G (GG) and C594T (TT) in increasing the risk of NAFLD (γ2NAFL = 2.2071, γ4 NAFL = 2.0773; γ2 γ NASH = 2.1084; γ4NASH = 2.0543; γ2 NAFHC = 2.1387 γ4NAFHC = 2.0004). Likewise, there were also positive association in the pathogenesis of NAFLD between -11377C/G (CG) and C594T (TT), -11377C/G (CG) and C594T (CT), -11377C/G (GG), and C594T (TT) (CT).The frequencies of smoking index (SI) ≤ 400 and SI > 400 were 22.50% and 26.50% in the NAFL group, 29.00% and 40.50% in the NASH group, 34.00% and 51.50% in the NAFHC group, and 15.50% and 12.00% in the control group, respectively. Statistical tests showed a significant difference in the frequencies among each group (all p < 0.01). The risk of NAFLD significantly increased in patients with SI < 400 (ORNAFL= 2.0636 ORNASH = 4.4474 ORNAFH C = 10.9677) and in those with SI > 400 (ORNAFL= 3.1393 ORNASH = 8.0225 ORNAFHC = 21.4583), and statistical analysis suggested a positive association between cigarette smoking and -11377C/G (CG), -11377C/G (GG), C594T (CT), and C594T (TT) in increasing the risk of NAFLD (all γ > 1). Conclusion: Adiponectin gene promoter -11377C/G (CG), -11377C/G (GG), GPx-1 gene C594T (CT), C594T (TT), and cigarette smoking are risk factors in NAFLD, and the significant association between genetic polymorphisms of -11377C/G, C594T, and cigarette smoking amplify the risk of NAFLD. © 2016."
29,10.1111/mec.70320,Domestic Dog Introgression in Australian Dingoes: Environmental Drivers and Evolutionary Consequences,2026,Molecular Ecology,"Osuna-Mascaró, C.; Cairns, K.M.; Doan, K.; Flores-Manzanero, A.; Nesbitt, B.J.; Newsome, T.M.; Pilot, M.",scopus;wos,"Introgressive hybridisation between wild and domestic animals is a widespread phenomenon with important implications for genetic diversity, local adaptation, and conservation management. The causes and consequences of this process are poorly understood. In Australia, hybridisation between dingoes and domestic dogs presents a dual conservation challenge, threatening the genetic integrity of dingoes while allowing potential adaptive introgression. To investigate the environmental drivers of this process, we analysed high-density SNP array data in 390 dingoes and 396 domestic dogs. Dingo populations showed regional genetic structure and were clearly differentiated from domestic dogs. Using local ancestry inference and genome–environment association analyses, we found low levels of dog introgression in dingoes from remote areas in Central and Western Australia, and moderate levels in Eastern and Southern populations. Climatic variables (maximum temperature of the warmest month, mean temperature of the driest quarter) and the Human Footprint Index (reflecting density of human populations and environmental modifications) were significant predictors of introgression. We identified four genomic regions with overrepresented dog ancestry, including a large introgressed block on chromosome 27, which contained an olfactory receptor gene showing signatures of positive selection, suggesting adaptive introgression. In addition, a chromosomal inversion previously described in dogs and absent in dingoes was initially identified as an introgressed block. We also detected eight genomic regions nearly free of dog ancestry, suggesting purifying selection against maladaptive variants. Together, these results highlight the complex interplay between introgression, human influence, and local adaptation in dingoes, offering valuable insights for conserving the evolutionary potential of this apex predator in increasingly modified landscapes. © 2026 John Wiley & Sons Ltd."
30,10.20506/rst.39.2.3099,Genomics and climate change,2020,Revue scientifique et technique (International Office of Epizootics),"McManus, C.M.; Rezende Paiva, S.; Faria, D.",scopus;wos,"Climate change is predicted to change the nature and distribution of global farming systems, and strategies will be needed to adapt and optimise global food-producing systems. If genomic technologies are to be useful in this scenario, there is a need for the careful definition of phenotypes and routine sample collection, as well as large-scale genotyping of animal populations. Genomic tools will greatly enhance the characterisation of available germplasm and exploration of local genetic resources, while faster and cheaper DNA sequencing is leading to an increased understanding of the underlying genetic basis of traits. The use of genomic tools to increase animal resilience, reduce methane emissions from cattle and sheep, improve disease resistance, decrease environmental impact, reduce competition for land and water and, finally, increase production may be the most feasible path for the future of livestock production. In this review, the authors discuss various genomic strategies in the light of climate change, focusing on the selection of resistant/tolerant animals, landscape genomics, metagenomics and gene editing.; L’un des effets anticipés du changement climatique sera la modification de la nature et de la distribution des systèmes d’élevage dans le monde, raison pour laquelle des stratégies seront nécessaires pour adapter et optimiser les systèmes mondiaux de production alimentaire. Si l’on veut que les technologies de la génomique soient utiles dans ce scénario, il faudra procéder avec soin à la définition des phénotypes et à la collecte de routine des échantillons, et réaliser le génotypage à grande échelle des populations animales. Les outils génomiques permettront d’améliorer nettement la caractérisation du germoplasme disponible et d’effectuer une exploration plus approfondie des ressources génétiques locales, tandis que le séquençage ADN devenu plus rapide et meilleur marché se traduira par une meilleure compréhension de la base génétique sousjacente des caractères. Le recours à des outils génomiques pour augmenter la résilience animale, réduire les émissions de méthane du cheptel bovin et ovin, améliorer la résistance aux maladies, diminuer l’impact environnemental, réduire la concurrence pour les terres et les ressources hydrographiques et, enfin, accroître la production pourrait être la voie à suivre la plus réaliste pour l’avenir de la production animale. Les auteurs examinent plusieurs stratégies génomiques à la lumière du changement climatique, en se concentrant sur la sélection des animaux résistants/tolérants, sur la génomique du paysage, sur la métagénomique et sur l’édition génomique.; Según apuntan las predicciones, el cambio climático va a modificar la naturaleza y la distribución de los sistemas agropecuarios del mundo y por doquier en el planeta harán falta estrategias destinadas a adaptar y optimizar los sistemas de producción de alimentos. Para que las herramientas de la genómica sean útiles, en caso de que efectivamente se cumplan estos augurios, es indispensable disponer de detalladas caracterizaciones fenotípicas, muestreos sistemáticos y tipificaciones génicas a gran escala de las poblaciones animales. Las herramientas de la genómica mejorarán mucho la caracterización del germoplasma existente y el estudio de los recursos genéticos locales, a la vez que la secuenciación de ADN, cada vez más rápida y barata, nos aporta ya un conocimiento más profundo de la base genética de los rasgos fenotípicos. Quizá el camino más practicable para el porvenir de la producción ganadera sea el que pasa por utilizar las herramientas de la genómica para conferir más resiliencia a los animales, reducir las emisiones de metano del ganado vacuno y ovino, mejorar la resistencia a enfermedades, atenuar el impacto ambiental, reducir la competencia por los suelos y el agua y, por último, incrementar la producción. Los autores examinan una serie de estrategias genómicas desde la óptica del cambio climático, centrándose en la selección de animales resistentes o tolerantes, la genómica de paisajes, la metagenómica y la edición génica."
31,10.1093/gbe/evaf143,Climate Adaptation and Genetic Differentiation in the Mosquito Species Culex tarsalis,2025,Genome Biology and Evolution,"Liao, Y.; Islam, T.; Noorai, R.; Streich, J.; Saski, C.; Cohnstaedt, L.W.; Cooper, E.A.",scopus;wos,"The increasing prevalence of vector-borne diseases around the world highlights the pressing need for an in-depth exploration of the genetic and environmental factors that shape the adaptability and widespread distribution of mosquito populations. This research focuses on Culex tarsalis, a principal vector for various viral diseases including West Nile Virus. Through the development of a new reference genome and the examination of Restriction-Site Associated DNA sequencing (RAD-seq) data from over 300 individuals and 28 locations, we demonstrate that variables such as temperature, evaporation rates, and the density of vegetation significantly impact the genetic makeup of Cx. tarsalis populations. Among the alleles most strongly associated with environmental factors is a nonsynonymous mutation in a key gene related to circadian rhythms. These results offer new insights into the mechanisms of spread and adaptation in a key North American vector species, which is poised to become a growing health threat to both humans and animals in the face of ongoing climate change. © 2025 Published by Oxford University Press on behalf of Society for Molecular Biology and Evolution."
32,10.1016/j.metabol.2012.05.013,Genetic association between obstructive bronchitis and enzymes of oxidative stress,2012,Metabolism: Clinical and Experimental,"Bauer, M.; Gräbsch, C.; Schlink, U.; Klopp, N.; Illig, T.; Krämer, U.; Von Berg, A.; Schaaf, B.; Borte, M.; Heinrich, J.; Herbarth, O.; Lehmann, I.; Röder, S.",scopus;wos,"Objective: Obstructive respiratory diseases, mainly the chronic obstructive pulmonary disease (COPD) and asthma, are associated with functional polymorphisms of xenobiotic-metabolizing enzymes (XMEs). To date, association for obstructive bronchitis has not been described. Material/Methods: In this study, we investigated the genotypes from 26 functional polymorphisms of 20 XMEs in children (n, 1028) at the age of 6 years from the German prospective birth cohort study (LISAplus) and analyzed the associations between genotypes and obstructive bronchitis. Results: For the first time, we found noteworthy gene-disease associations for the functional PON1 M55L and EPHX1 H139R polymorphisms and gene-environment associations for the functional COMT V158M and NQO1 P187S polymorphisms after stratification for maternal active smoking behaviour during pregnancy. The noteworthy associations were substantiated by the biological findings that all the risk genotypes belong to genes involved in oxidative stress and code for proteins with a fast enzymatic activity or concomitantly appear in common estrogene-metabolizing pathway (COMT, NQO1). Conclusion: The oxidative stress has to be taken into account in mechanism of the obstructive bronchitis in early childhood. The risk genotypes may serve as risk factors for respiratory obstruction rather than for signs of COPD or asthma. © 2012 Elsevier Inc."
33,10.1111/mec.17175,"Conservation genomics of an endangered montane amphibian reveals low population structure, low genomic diversity and selection pressure from disease",2023,Molecular Ecology,"Trumbo, D.R.; Hardy, B.M.; Crockett, H.J.; Muths, E.; Forester, B.R.; Cheek, R.G.; Zimmerman, S.J.; Corey-Rivas, S.; Bailey, L.L.; Funk, W.C.",scopus;wos,"Wildlife diseases are a major global threat to biodiversity. Boreal toads (Anaxyrus [Bufo] boreas) are a state-endangered species in the southern Rocky Mountains of Colorado and New Mexico, and a species of concern in Wyoming, largely due to lethal skin infections caused by the amphibian chytrid fungus Batrachochytrium dendrobatidis (Bd). We performed conservation and landscape genomic analyses using single nucleotide polymorphisms from double-digest, restriction site-associated DNA sequencing in combination with the development of the first boreal toad (and first North American toad) reference genome to investigate population structure, genomic diversity, landscape connectivity and adaptive divergence. Genomic diversity (π = 0.00034–0.00040) and effective population sizes (Ne = 8.9–38.4) were low, likely due to post-Pleistocene founder effects and Bd-related population crashes over the last three decades. Population structure was also low, likely due to formerly high connectivity among a higher density of geographically proximate populations. Boreal toad gene flow was facilitated by low precipitation, cold minimum temperatures, less tree canopy, low heat load and less urbanization. We found >8X more putatively adaptive loci related to Bd intensity than to all other environmental factors combined, and evidence for genes under selection related to immune response, heart development and regulation and skin function. These data suggest boreal toads in habitats with Bd have experienced stronger selection pressure from disease than from other, broad-scale environmental variations. These findings can be used by managers to conserve and recover the species through actions including reintroduction and supplementation of populations that have declined due to Bd. © 2023 The Authors. Molecular Ecology published by John Wiley & Sons Ltd."
34,10.1111/mec.16845,Genome-phenotype-environment associations identify signatures of selection in a panmictic population of threespine stickleback,2023,Molecular Ecology,"Strickland, K.; Räsänen, K.; Kristjánsson, B.K.; Phillips, J.S.; Einarsson, A.; Snorradóttir, R.G.; Bartrons, M.; Jónsson, Z.O.",scopus;wos,"Adaptive genetic divergence occurs when selection imposed by the environment causes the genomic component of the phenotype to differentiate. However, genomic signatures of natural selection are usually identified without information on which trait is responding to selection by which selective agent(s). Here, we integrate whole-genome sequencing with phenomics and measures of putative selective agents to assess the extent of adaptive divergence in threespine stickleback occupying the highly heterogeneous lake Mývatn, NE Iceland. We find negligible genome wide divergence, yet multiple traits (body size, gill raker structure and defence traits) were divergent along known ecological gradients (temperature, predatory bird densities and water depth). SNP based heritability of all measured traits was high (h2 = 0.42–0.65), indicating adaptive potential for all traits. Environment-association analyses further identified thousands of loci putatively involved in selection, related to genes linked to, for instance, neuron development and protein phosphorylation. Finally, we found that loci linked to water depth were concurrently associated with pelvic spine length variation - supporting the conclusion that divergence in pelvic spine length occurred in the face of gene flow. Our results suggest that whilst there is substantial genetic variation in the traits measured, phenotypic divergence of Mývatn stickleback is mostly weakly associated with environmental gradients, potentially as a result of substantial gene flow. Our study illustrates the value of integrative studies that combine genomic assays of multivariate trait variation with landscape genomics. © 2023 The Authors. Molecular Ecology published by John Wiley & Sons Ltd."
35,10.1038/ng.480,"Specific interaction between genotype, smoking and autoimmunity to citrullinated α-enolase in the etiology of rheumatoid arthritis",2009,Nature Genetics,"Mahdi, H.; Fisher, B.A.; Källberg, H.; Plant, D.; Malmström, V.; Rönnelid, J.; Charles, P.; Ding, B.; Alfredsson, L.; Padyukov, L.; Symmons, D.P.M.; Venables, P.J.; Klareskog, L.; Lundberg, K.",scopus;wos,"Gene-environment associations are important in rheumatoid arthritis (RA) susceptibility, with an association existing between smoking, HLA-DRB1 'shared epitope' alleles, PTPN22 and antibodies to cyclic citrullinated peptides(CCP). Here, we test the hypothesis that a subset of the anti-CCP response, with specific autoimmunity to citrullinated α-enolase, accounts for an important portion of these associations. In 1,497 individuals from three RA cohorts, antibodies to the immunodominant citrullinated α-enolase CEP-1 epitope were detected in 43-63% of the anti-CCP-positive individuals, and this subset was preferentially linked to HLA-DRB104. In a case-control analysis of 1,000 affected individuals and 872 controls, the combined effect of shared epitope, PTPN22 and smoking showed the strongest association with the anti-CEP-1-positive subset (odds ratio (OR) of 37, compared to an OR of 2 for the corresponding anti-CEP-1-negative, anti-CCP-positive subset). We conclude that citrullinated α-enolase is a specific citrullinated autoantigen that links smoking to genetic risk factors in the development of RA. © 2009 Nature America, Inc. All rights reserved."
36,10.1111/1365-2435.13914,The joint effect of host plant genetic diversity and arbuscular mycorrhizal fungal communities on restoration success,2021,Functional Ecology,"Aavik, T.; Träger, S.; Zobel, M.; Honnay, O.; Van Geel, M.; Bueno, C.G.; Koorem, K.",scopus;wos,"Drastic loss in the area and quality of natural and semi-natural habitats over the last hundred years has placed biodiversity and related ecosystem functions under substantial threat. Restoration of degraded ecosystems is among the main solutions to counteract this trend. However, past restoration efforts have not always led to the anticipated halt of species loss, neither have they ensured sustainable provision of vital ecosystem services. It has been proposed that one of the reasons for the failure to stop biodiversity decline through ecological restoration lies in overlooking the importance of improving ecosystem complexity, including the recovery of interaction networks with co-adapted species. In the current review, we show how simultaneously addressing these often unnoticed aspects has the potential to advance the success of ecological restoration. We focus on the relationship between the community composition of arbuscular mycorrhizal (AM) fungi and the genetic diversity of the host plant population as an example. Most terrestrial plant species associate with AM fungi, which have a fundamental role in ecosystem functioning through enhancing plant nutrition and tolerance to abiotic and biotic stress. Previous studies have highlighted the significance of these symbionts in increasing the restoration success of degraded habitats. In parallel, the role of gene-level diversity within plant populations for creating sustainable ecosystems has increasingly been acknowledged over the last years. However, considering the possible interaction of these two aspects, that is taking AM fungal communities and genetic diversity of host plant populations into account to enhance restoration success, has received no attention. Evidence suggests that the genetic diversity within a host plant population can have a significant effect on the ability of the host plant to benefit from mycorrhizal associations. We suggest that novel genomic approaches, such as community genetics and landscape genomics, should be applied to shed light on this aspect of plant–fungal interactions and be incorporated in restoration planning. Fundamental understanding of the nature of such associations can benefit from using restoration frameworks as large-scale experimental settings. A free Plain Language Summary can be found within the Supporting Information of this article. © 2021 The Authors. Functional Ecology published by John Wiley & Sons Ltd on behalf of British Ecological Society."
37,10.1093/jhered/esx051,Contrasting Patterns of Gene Flow for Amazonian Snakes That Actively Forage and Those That Wait in Ambush,2017,Journal of Heredity,"De Fraga, R.; Lima, A.P.; Magnusson, W.E.; Ferrão, M.; Stow, A.J.",scopus;wos,"Knowledge of genetic structure, geographic distance and environmental heterogeneity can be used to identify environmental features and natural history traits that influence dispersal and gene flow. Foraging mode is a trait that might predict dispersal capacity in snakes, because actively foragers typically have greater movement rates than ambush predators. Here, we test the hypothesis that 2 actively foraging snakes have higher levels of gene flow than 2 ambush predators. We evaluated these 4 co-distributed species of snakes in the Brazilian Amazon. Snakes were sampled along an 880 km transect from the central to the southwest of the Amazon basin, which covered a mosaic of vegetation types and seasonal differences in climate. We analyzed thousands of single nucleotide polymorphisms to compare patterns of neutral gene flow based on isolation by geographic distance (IBD) and environmental resistance (IBR). We show that IBD and IBR were only evident in ambush predators, implying lower levels of dispersal than the active foragers. Therefore, gene flow was high enough in the active foragers analyzed here to prevent any build-up of spatial genotypic structure with respect to geographic distance and environmental heterogeneity. © The American Genetic Association 2017. All rights reserved."
38,10.1016/j.neulet.2017.04.061,The interaction of miR-34b/c polymorphisms and negative life events increases susceptibility to major depressive disorder in Han Chinese population,2017,Neuroscience Letters,"Xu, C.; Yang, C.; Zhang, A.; Xu, Y.; Li, X.; Liu, Z.; Liu, S.; Sun, N.; Zhang, K.",scopus;wos,"Background Previous studies have shown that microRNAs(miRNAs) are involved in the pathogenesis of MDD; in particular, miR-34b/c has been implicated in MDD risk and found to exert antidepressant effects. However, the effects of miR-34b/c polymorphisms on MDD risk have not been investigated. Methods In this study, we evaluated the effect of miR-34b/c gene polymorphisms and their interaction with negative life events in relation to MDD, using data from 381 Han Chinese patients with MDD and 291 healthy volunteers. Allelic, genotypic, haplotypic, and gene-environment associations were analyzed using UNPHASED and SPSS software. Results After discarding data with extremely severe negative life events in our study population, we found an association between rs4938723, rs2187473 polymorphisms and MDD in the dominant models (TC/CC vs. TT, OR = 1.45, P = 0.027; TC/CC vs. TT, OR = 3.32, P = 0.030). In haplotype analysis, the C-G haplotype (rs4938723/rs28757623) showed the strongest association with MDD (OR = 1.95, P = 0.026). Additionally, we found significant gene-environment combination rs4938723 C allele, rs28757623 G allele and high level of negative life events (C-G-HN) was significantly associated with MDD (OR, 3.85; 95% CI, 1.62–9.13). In addition, the combination of (C-C-HN) is of significance (OR, 2.99; 95% CI, 1.36–6.60), indicating that the rs28757623 C allele may contribute to the risk of MDD as well. Limitations The sample size was small and the role of miR-34b/c polymorphisms for MDD should be assessed using independent samples from other ethnic populations. Conclusions: Our results suggest that miR-34b/c is a susceptibility factor for MDD stratified by negative life events and that rs4938723 is a significant association locus for gene-environment interaction in relation to MDD risk. © 2017 Elsevier B.V."
39,10.1111/j.1541-0420.2007.00750.x,Semiparametric Bayesian analysis of case-control data under conditional gene-environment independence,2007,Biometrics,"Mukherjee, B.; Zhang, L.; Ghosh, M.; Sinha, S.",scopus;wos,"In case-control studies of gene-environment association with disease, when genetic and environmental exposures can be assumed to be independent in the underlying population, one may exploit the independence in order to derive more efficient estimation techniques than the traditional logistic regression analysis (Chatterjee and Carroll, 2005, Biometrika 92, 399-418). However, covariates that stratify the population, such as age, ethnicity and alike, could potentially lead to nonindependence. In this article, we provide a novel semiparametric Bayesian approach to model stratification effects under the assumption of gene-environment independence in the control population. We illustrate the methods by applying them to data from a population-based case-control study on ovarian cancer conducted in Israel. A simulation study is conducted to compare our method with other popular choices. The results reflect that the semiparametric Bayesian model allows incorporation of key scientific evidence in the form of a prior and offers a flexible, robust alternative when standard parametric model assumptions do not hold. © 2007, The International Biometric Society."
40,10.3389/fpls.2021.761446,Flavonoids Modulate the Accumulation of Toxins From Aspergillus flavus in Maize Kernels,2021,Frontiers in Plant Science,"Castano-Duque, L.; Gilbert, M.K.; Mack, B.M.; Lebar, M.D.; Carter-Wientjes, C.H.; Sickler, C.M.; Cary, J.W.; Rajasekaran, K.",scopus;wos,"Aspergillus flavus is an opportunistic fungal pathogen capable of producing aflatoxins, potent carcinogenic toxins that accumulate in maize kernels after infection. To better understand the molecular mechanisms of maize resistance to A. flavus growth and aflatoxin accumulation, we performed a high-throughput transcriptomic study in situ using maize kernels infected with A. flavus strain 3357. Three maize lines were evaluated: aflatoxin-contamination resistant line TZAR102, semi-resistant MI82, and susceptible line Va35. A modified genotype-environment association method (GEA) used to detect loci under selection via redundancy analysis (RDA) was used with the transcriptomic data to detect genes significantly influenced by maize line, fungal treatment, and duration of infection. Gene ontology enrichment analysis of genes highly expressed in infected kernels identified molecular pathways associated with defense responses to fungi and other microbes such as production of pathogenesis-related (PR) proteins and lipid bilayer formation. To further identify novel genes of interest, we incorporated genomic and phenotypic field data from a genome wide association analysis with gene expression data, allowing us to detect significantly expressed quantitative trait loci (eQTL). These results identified significant association between flavonoid biosynthetic pathway genes and infection by A. flavus. In planta fungal infections showed that the resistant line, TZAR102, has a higher fold increase of the metabolites naringenin and luteolin than the susceptible line, Va35, when comparing untreated and fungal infected plants. These results suggest flavonoids contribute to plant resistance mechanisms against aflatoxin contamination through modulation of toxin accumulation in maize kernels. Copyright © 2021 Castano-Duque, Gilbert, Mack, Lebar, Carter-Wientjes, Sickler, Cary and Rajasekaran."
41,10.1007/978-981-99-7520-4_8,Plant Resistance to Insects in Oilseed Crops,2024,Plant Resistance to Insects in Major Field Crops,"Irshad, S.S.; Panwar, N.; Bansal, L.; Thirumurugan, S.; Kumar, S.",scopus,"Oilseed crops are energy rich crops that are grown under energy deprived conditions. The demand for premium seed oils is increasing as the world’s population grows. The attack of pests and diseases reduces the production potential of these crops. The cost of controlling insect pests by synthetic chemical insecticides in agriculture annually is billions of dollars worldwide. The overuse of insecticides has many associated ill effects. To maintain the ecological balance of the environment, it is imperative to develop alternative pest management systems that aim for minimal pesticide use and the conservation of natural enemies. Resistance in host plants is one such alternative strategy. Since one of the main bottlenecks in realization of full yield potential of oilseed crops is attack of insect pests, a traditional and effective alternative crop protection method serves as the fundamental tool of integrated pest management. Future develop-ment of insect-resistant oilseed crop cultivars will depend on the adoption of technologies and breeding techniques such as genomic selection, high-throughput phenomics, gene editing, and landscape genomics as well as the continuous use of sources of resistance from crop germplasm. © The Editor(s) (if applicable) and The Author(s), under exclusive license to Springer Nature Singapore Pte Ltd. 2024."
42,10.1093/aje/kwv198,Tests for gene-environment interactions and joint effects with exposure misclassification,2016,American Journal of Epidemiology,"Boonstra, P.S.; Mukherjee, B.; Gruber, S.B.; Ahn, J.; Schmit, S.L.; Chatterjee, N.",scopus;wos,"The number of methods for genome-wide testing of gene-environment (G-E) interactions continues to increase, with the aim of discovering new genetic risk factors and obtaining insight into the disease-gene-environment relationship. The relative performance of these methods, assessed on the basis of family-wise type I error rate and power, depends on underlying disease-gene-environment associations, estimates of which may be biased in the presence of exposure misclassification. This simulation study expands on a previously published simulation study of methods for detecting G-E interactions by evaluating the impact of exposure misclassification. We consider 7 single-step and modular screening methods for identifying G-E interaction at a genome-wide level and 7 joint tests for genetic association and G-E interaction, for which the goal is to discover new genetic susceptibility loci by leveraging G-E interaction when present. In terms of statistical power, modular methods that screen on the basis of the marginal disease-gene relationship are more robust to exposure misclassification. Joint tests that include main/marginal effects of a gene display a similar robustness, which confirms results from earlier studies. Our results offer an increased understanding of the strengths and limitations of methods for genome-wide searches for G-E interaction and joint tests in the presence of exposure misclassification. © The Author 2016. Published by Oxford University Press on behalf of the Johns Hopkins Bloomberg School of Public Health."
43,10.1155/2015/736569,The Information Filtering of Gene Network for Chronic Diseases: Social Network Perspective,2015,International Journal of Distributed Sensor Networks,"Choi, J.; Kwon, H.-J.",scopus;wos,"Web and mobile platforms have provided an environment of technical cooperation through technical development and the diffusion of related devices. Large-scale data sets have been available to analyze web interaction and data analysis. Particularly, large-scale data make us learn new patterns and insight into several research fields. For healthcare field, most chronic diseases are caused by environmental and genetic factors (Van der Laan et al., 2003). The relationship between environmental exposure and gene factors is crucial regarding disease etiology (Swift et al., 2004). For example, Tobacco is considered one of the biggest environmental factors responsible for many diseases each year. Schwartz and Collins (2007) discussed the importance of gene and environment factor correlation in human diseases. Thomas (2010) published a review of different approaches on gene-environment association studies attempting to explain some of the most complex diseases. Although previous studies have studied chronicle diseases with their causes one by one, those studies do not show integrated relationships between various diseases and their related human genes. Therefore, this study investigates the gene-disease relationships which are affected by tobacco and is able to find new association links with social network analysis and other mining techniques. © 2015 Jaewon Choi and Hyuk-Jun Kwon."
44,10.1007/s13213-019-01451-0,Probiotic lactobacilli mediated changes in global epigenetic signatures of human intestinal epithelial cells during Escherichia coli challenge,2019,Annals of Microbiology,"Bhat, M.I.; Kumari, A.; Kapila, S.; Kapila, R.",scopus;wos,"Host genome environment association is critical for proper development and functioning of an individual. Microbiota and probiotics within the cellular vicinity may serve such critical stimuli that can bring out different epigenetic mediated host responses. The aim of present study was to explore the changes in epigenetic signatures of Caco-2 cells by probiotic strains (Lactobacillus rhamnosus MTCC 5897: LR, Lactobacillus fermentum MTCC 5898: LF and their mixture: RF), respectively, or during challenge with Escherichia coli (ATCC 14948) using exclusion, competition and displacement assays. Adenocarcinoma intestinal epithelial Caco-2 cells were treated with LR, LF, RF and E. coli for 6 h, respectively. Caco-2 cells were also challenged with E. coli and probiotic lactobacilli during exclusion, competition and displacement assays. Finally, global epigenetic modifications by acetylation of H4 and H3 histone proteins and DNA methylation patterns were determined. Probiotic-treated Caco-2 cells displayed significant (p < 0.01) reduction in percent global H4 and H3 acetylation, respectively, in contrast to their elevated (p < 0.05) levels after E. coli infection. On the other hand, a remarkable (p < 0.01) decrease in percent H4 and H3 acetylation were observed when E. coli were excluded, competed or displaced by lactobacilli strains. No changes in the global DNA methylation patterns were observed in Caco-2 cells after exposure to probiotic strains or E. coli, respectively, but surprisingly, their levels increased significantly (p < 0.05) when lactobacilli-treated cells were challenged with E. coli during exclusion or competition than displacement assays. Probiotic L. rhamnosus and L. fermentum modulated the host epigenetic signatures via global histone acetylation individually or during E. coli challenge by exclusion, competition and displacement assays. Whilst on the other hand changes in global DNA methylation patterns were obtained significantly during probiotic treatment with E. coli in exclusion and competition protocols. © 2019, Università degli studi di Milano."
45,10.1111/1462-2920.70108,Plant Genetic Bases Associated With Microbiota Descriptors Shed Light Into a Novel Holobiont Generalist Genes Theory,2025,Environmental Microbiology,"Maillet, L.; Norest, M.; Kautsky, A.; Geraci, A.; Oddo, E.; Troia, A.; Guillerm-Erckelboudt, A.-Y.; Falentin, C.; Rousseau-Gueutin, M.; Chèvre, A.-M.; Istace, B.; Cruaud, C.; Belser, C.; Aury, J.-M.; Schicchi, R.; Frachon, L.; Bartoli, C.",scopus;wos,"Plants as animals are associated with a cortege of microbes influencing their health, fitness and evolution. Scientists refer to all living organisms as holobionts, complex genetic units that coevolve simultaneously. This is what has been recently proposed as the hologenome theory. This exciting theory has important implications on animal and plant health; however, it still needs consistent proof to be validated. Indeed, holobionts are still poorly studied in their natural habitats where coevolution processes occur. Compared to animals, wild plant populations are an excellent model to explore the hologenome theory. These sessile holobionts have coevolved with their microbiota for decades, and natural selection and adaptive processes acting on wild plants are likely to regulate the plant–microbe interactions. Here, we conducted a microbiota survey, plant genome sequencing and genome–environmental analysis (GEA) of 26 natural populations of the plant species Brassica rapa. We collected plants over two seasons in Italy and France and analysed the root and rhizosphere microbiota. When conducting GEA, we evidenced neat peaks of association correlating with both fungal and bacterial microbiota. Surprisingly, we found 13 common genes between fungal and bacterial diversity descriptors that we referred to under the name of holobiont generalist genes (HGGs). © 2025 The Author(s). Environmental Microbiology published by John Wiley & Sons Ltd."
46,10.1038/s41559-023-02265-9,Disease-driven top predator decline affects mesopredator population genomic structure,2024,Nature Ecology and Evolution,"Beer, M.A.; Proft, K.M.; Veillet, A.; Kozakiewicz, C.P.; Hamilton, D.G.; Hamede, R.; McCallum, H.; Hohenlohe, P.A.; Burridge, C.P.; Margres, M.J.; Jones, M.E.; Storfer, A.",scopus;wos,"Top predator declines are pervasive and often have dramatic effects on ecological communities via changes in food web dynamics, but their evolutionary consequences are virtually unknown. Tasmania’s top terrestrial predator, the Tasmanian devil, is declining due to a lethal transmissible cancer. Spotted-tailed quolls benefit via mesopredator release, and they alter their behaviour and resource use concomitant with devil declines and increased disease duration. Here, using a landscape community genomics framework to identify environmental drivers of population genomic structure and signatures of selection, we show that these biotic factors are consistently among the top variables explaining genomic structure of the quoll. Landscape resistance negatively correlates with devil density, suggesting that devil declines will increase quoll genetic subdivision over time, despite no change in quoll densities detected by camera trap studies. Devil density also contributes to signatures of selection in the quoll genome, including genes associated with muscle development and locomotion. Our results provide some of the first evidence of the evolutionary impacts of competition between a top predator and a mesopredator species in the context of a trophic cascade. As top predator declines are increasing globally, our framework can serve as a model for future studies of evolutionary impacts of altered ecological interactions. © The Author(s), under exclusive licence to Springer Nature Limited 2024."
47,10.1007/s10980-023-01725-8,Open areas associated with traditional agriculture promote functional connectivity among amphibian demes in Mediterranean agrosystems,2023,Landscape Ecology,"Albero, L.; Martínez-Solano, Í.; Hermida, M.; Vera, M.; Tarroso, P.; Bécares, E.",scopus;wos,"Context: Functional connectivity across fragmented habitat patches is essential for the conservation of animal populations in humanized landscapes. Given their low dispersal capacity, amphibians in the Mediterranean region are threatened by habitat fragmentation and loss due to changes in land use, including agricultural intensification. Objectives: We assessed patterns of functional connectivity of a Near Threatened Mediterranean amphibian, the sharp ribbed newt (Pleurodeles waltl), in an agricultural landscape matrix in NW Spain subject to different intensification regimes. Methods: We sampled newts in 17 ponds embedded in a terrestrial habitat matrix dominated by agricultural land uses. Genome-wide molecular markers (1390 SNPs) were used to assess patterns of genetic diversity and gene flow among ponds. We tested the role of landscape features on functional connectivity using isolation by resistance models incorporating information on Normalized Difference Vegetation Index (NDVI) data. Results: We found low levels of genetic diversity in all sampled populations. Global FST estimates and cluster analyses revealed shallow but significant genetic structure in the study area, with NDVI-based resistance models showing that open areas (rainfed crops and grasslands) offer lower resistance to gene flow and thus promote functional connectivity among demes. Conclusions: Our study highlights the important role of landscape features, such as open areas resulting from traditional rainfed agriculture, in promoting functional connectivity between amphibian populations in Mediterranean agrosystems. Conservation policies must adopt a functional network strategy and protect groups of inter-connected temporary ponds across the traditional agricultural matrix to efficiently preserve their associated biotic communities. © 2023, The Author(s)."
48,10.1002/ece3.70355,Local adaptation of Dromiciops marsupials (Microbiotheriidae) from southern South America: Implications for species management facing climate change,2024,Ecology and Evolution,"Quintero-Galvis, J.F.; Saenz-Agudelo, P.; D'Elía, G.; Nespolo, R.F.",scopus;wos,"The two species of the microbiotheriid marsupial genus Dromiciops (Dromiciops bozinovici: “Panchos's monito del monte” and Dromiciops gliroides: “monito del monte”) exhibit a marked latitudinal genetic differentiation. Nevertheless, it is unclear whether this differentiation results from neutral processes or can be explained, to some extent, by local adaptation to different environmental conditions. Here, we used an SNP panel gathered by Rad-seq and searched for footprints of local adaptation (putative loci under selection) by exploring genetic associations with environmental variables in the two species of Dromiciops in Chilean and Argentinean populations. We applied three methods for detecting outlier SNPs and two genotype–environment associations approaches to quantify associations between allelic frequencies and environmental variables. Both species display strong genetic structure. D. bozinovici exhibited three distinct genetic groups, marking the first report of such structuring in this species using SNPs. In contrast, D. gliroides displayed four genetic clusters, consistent with previous studies. Both species exhibited an association of their genetic structure with environmental variables. D. bozinovici exhibited significant associations of allelic frequencies with elevation, precipitation during the warmest periods, and seasonality in the thermal regime. For D. gliroides, genetic variation appeared to be associated with more variables than D. bozinovici, including precipitation and temperature-related variables, isothermality, and elevation. All the outlier SNPs were mapped to the D. gliroides reference genome to explore if they fell within functionally known genes. These results represent a necessary first step toward identifying the genome regions that harbor genes associated with climate adaptations in Dromiciops. Notably, we identified genes involved in various functions, including carbohydrate synthesis (ALG8), muscle and neuronal regulation (MEF2D), and stress responses (PTGES3). Ultimately, this study contributes valuable insights that can inform targeted conservation strategies aimed at preserving the genetic diversity of Dromiciops in the face of environmental challenges. © 2024 The Author(s). Ecology and Evolution published by John Wiley & Sons Ltd."
49,10.1002/gepi.20564,Phenotype harmonization and cross-study collaboration in GWAS consortia: The GENEVA experience,2011,Genetic Epidemiology,"Bennett, S.N.; Caporaso, N.; Fitzpatrick, A.L.; Agrawal, A.; Barnes, K.; Boyd, H.A.; Cornelis, M.C.; Hansel, N.N.; Heiss, G.; Heit, J.A.; Kang, J.H.; Kittner, S.J.; Kraft, P.; Lowe, W.; Marazita, M.L.; Monroe, K.R.; Pasquale, L.R.; Ramos, E.M.; van Dam, R.M.; Udren, J.; Williams, K.",scopus;wos,"Genome-wide association study (GWAS) consortia and collaborations formed to detect genetic loci for common phenotypes or investigate gene-environment (GE) interactions are increasingly common. While these consortia effectively increase sample size, phenotype heterogeneity across studies represents a major obstacle that limits successful identification of these associations. Investigators are faced with the challenge of how to harmonize previously collected phenotype data obtained using different data collection instruments which cover topics in varying degrees of detail and over diverse time frames. This process has not been described in detail. We describe here some of the strategies and pitfalls associated with combining phenotype data from varying studies. Using the Gene Environment Association Studies (GENEVA) multi-site GWAS consortium as an example, this paper provides an illustration to guide GWAS consortia through the process of phenotype harmonization and describes key issues that arise when sharing data across disparate studies. GENEVA is unusual in the diversity of disease endpoints and so the issues it faces as its participating studies share data will be informative for many collaborations. Phenotype harmonization requires identifying common phenotypes, determining the feasibility of cross-study analysis for each, preparing common definitions, and applying appropriate algorithms. Other issues to be considered include genotyping timeframes, coordination of parallel efforts by other collaborative groups, analytic approaches, and imputation of genotype data. GENEVA's harmonization efforts and policy of promoting data sharing and collaboration, not only within GENEVA but also with outside collaborations, can provide important guidance to ongoing and new consortia. © 2011 Wiley-Liss, Inc."
50,10.1002/sim.5742,Semiparametric odds ratio model for case-control and matched case-control designs,2013,Statistics in Medicine,"Chen, H.Y.; Reilly, M.P.; Li, M.",scopus;wos,"We propose a semiparametric odds ratio model that extends Umbach and Weinberg's approach to exploiting gene-environment association model for efficiency gains in case-control designs to both discrete and continuous data. We directly model the gene-environment association in the control population to avoid estimating the intercept in the disease risk model, which is inherently difficult because of the scarcity of information on the parameter with the sampling designs. We propose a novel permutation-based approach to eliminate the high-dimensional nuisance parameters in the matched case-control design. The proposed approach reduces to the conditional logistic regression when the model for the gene-environment association is unrestricted. Simulation studies demonstrate good performance of the proposed approach. We apply the proposed approach to a study of gene-environment interaction on coronary artery disease. © 2013 John Wiley & Sons, Ltd."
51,10.1007/s10654-013-9837-4,Comparisons of power of statistical methods for gene-environment interaction analyses,2013,European Journal of Epidemiology,"Ege, M.J.; Strachan, D.P.",scopus;wos,"Any genome-wide analysis is hampered by reduced statistical power due to multiple comparisons. This is particularly true for interaction analyses, which have lower statistical power than analyses of associations. To assess gene-environment interactions in population settings we have recently proposed a statistical method based on a modified two-step approach, where first genetic loci are selected by their associations with disease and environment, respectively, and subsequently tested for interactions. We have simulated various data sets resembling real world scenarios and compared single-step and two-step approaches with respect to true positive rate (TPR) in 486 scenarios and (study-wide) false positive rate (FPR) in 252 scenarios. Our simulations confirmed that in all two-step methods the two steps are not correlated. In terms of TPR, two-step approaches combining information on gene-disease association and gene-environment association in the first step were superior to all other methods, while preserving a low FPR in over 250 million simulations under the null hypothesis. Our weighted modification yielded the highest power across various degrees of gene-environment association in the controls. An optimal threshold for step 1 depended on the interacting allele frequency and the disease prevalence. In all scenarios, the least powerful method was to proceed directly to an unbiased full interaction model, applying conventional genome-wide significance thresholds. This simulation study confirms the practical advantage of two-step approaches to interaction testing over more conventional one-step designs, at least in the context of dichotomous disease outcomes and other parameters that might apply in real-world settings. © 2013 Springer Science+Business Media Dordrecht."
52,10.1186/s12864-024-10193-6,Landscape genomics reveals regions associated with adaptive phenotypic and genetic variation in Ethiopian indigenous chickens,2024,BMC Genomics,"Kebede, F.G.; Derks, M.F.L.; Dessie, T.; Hanotte, O.; Barros, C.P.; Crooijmans, R.P.M.A.; Komen, H.; Bastiaansen, J.W.M.",scopus;wos,"Climate change is a threat to sustainable livestock production and livelihoods in the tropics. It has adverse impacts on feed and water availability, disease prevalence, production, environmental temperature, and biodiversity. Unravelling the drivers of local adaptation and understanding the underlying genetic variation in random mating indigenous livestock populations informs the design of genetic improvement programmes that aim to increase productivity and resilience. In the present study, we combined environmental, genomic, and phenotypic information of Ethiopian indigenous chickens to investigate their environmental adaptability. Through a hybrid sampling strategy, we captured wide biological and ecological variabilities across the country. Our environmental dataset comprised mean values of 34 climatic, vegetation and soil variables collected over a thirty-year period for 260 geolocations. Our biological dataset included whole genome sequences and quantitative measurements (on eight traits) from 513 individuals, representing 26 chicken populations spread along 4 elevational gradients (6–7 populations per gradient). We performed signatures of selection analyses (and XP-EHH) to detect footprints of natural selection, and redundancy analyses (RDA) to determine genotype-environment and genotype-phenotype-associations. RDA identified 1909 outlier SNPs linked with six environmental predictors, which have the highest contributions as ecological drivers of adaptive phenotypic variation. The same method detected 2430 outlier SNPs that are associated with five traits. A large overlap has been observed between signatures of selection identified byand XP-EHH showing that both methods target similar selective sweep regions. Average genetic differences measured by are low between gradients, but XP-EHH signals are the strongest between agroecologies. Genes in the calcium signalling pathway, those associated with the hypoxia-inducible factor (HIF) transcription factors, and sports performance (GALNTL6) are under selection in high-altitude populations. Our study underscores the relevance of landscape genomics as a powerful interdisciplinary approach to dissect adaptive phenotypic and genetic variation in random mating indigenous livestock populations. © The Author(s) 2024."
53,10.3389/ffgc.2022.1005761,Transformative changes in tree breeding for resilient forest restoration,2022,Frontiers in Forests and Global Change,"Ray, D.; Berlin, M.; Alia, R.; Sanchez, L.; Hynynen, J.; González-Martinez, S.; Bastien, C.",scopus;wos,"Deciding how to establish woodland in forest restoration is not straightforward as different outcomes may be obtained from different establishment approaches, each with cost implications and degree of success limitations attached. Planning restoration requires knowledge of site conditions, including how sites are likely to respond under climate change. For objectives of production and high timber quality it is likely that ground preparation will be used, and planting with forest reproductive material (FRM) of known traits, such as: high survival and growth in establishment, drought tolerance adequate for climate projections, good resistance to pests and pathogens. For objectives associated with biodiversity, carbon sequestration, water supply protection, soil protection, natural regeneration could be a less costly solution with a limited amount of assisted translocation of selected FRM to improve resilience. If objectives are for rewilding forest areas, a degree of natural colonisation perhaps with translocation of some FRM could be a solution. Ignoring site conditions and suitability of available sources of FRM for forest restoration is likely to provide unexpected results with a mix of open ground, scrub and scattered trees resulting from climate, herbivore, and browsing impacts. The recent B4EST EU Horizon 2020 project examined progress in novel rapid approaches for testing the quality of FRM from existing genetic trials. Here we review the work of B4EST to show the opportunities from transformative tree breeding in forest restoration schemes, including: new climate projection ensembles at high temporal and spatial resolution to develop norms of reaction and transfer models with genetic components; multi-environment genotype-phenotype associations and multi-locus genotype-environment associations in identifying drivers of local adaptation; techniques for genomic selection using single nucleotide polymorphism (SNP) arrays to derive functional traits from polygenic associations; work on seed orchard site and climate specific FRM and zones for deployment; and work on some of the forest ecosystem service benefits derived at a landscape scale. We conclude that tree-breeding will provide robust forest restoration for planting, and rewilding (assisted natural regeneration), and if not “ignoring” but instead assisting natural colonisation processes – tree breeding may improve long-term forest resilience under environmental change. Copyright © 2022 Ray, Berlin, Alia, Sanchez, Hynynen, González-Martinez and Bastien."
54,10.1111/cge.12370,Biobanks and personalized medicine,2014,Clinical Genetics,"Olson, J.E.; Bielinski, S.J.; Ryu, E.; Winkler, E.M.; Takahashi, P.Y.; Pathak, J.; Cerhan, J.R.",scopus;wos,"We provide a mini-review of how biobanks can support clinical genetics in the era of personalized medicine. We discuss types of biobanks, including disease specific and general biobanks not focused on one disease. We present considerations in setting up a biobank, including consenting and governance, biospecimens, risk factor and related data, informatics, and linkage to electronic health records for phenotyping. We also discuss the uses of biobanks and ongoing considerations, including genotype-driven recruitment, investigations of gene-environment associations, and the re-use of data generated from studies. Finally, we present a brief discussion of some of the unresolved issues, such as return of research results and sustaining biobanks over time. In summary, carefully designed biobanks can provide critical research and infrastructure support for clinical genetics in the era of personalized medicine. © 2014 John Wiley & Sons A/S. Published by John Wiley & Sons Ltd."
55,10.1098/rspb.2026.0446,No evidence of fine-scale local adaptation of winter moths to variable tree phenology,2026,Proceedings of the Royal Society B: Biological Sciences,"Learmonth, R.; Estandía, A.; Beaupère, L.; Cole, E.F.; Sheldon, B.",scopus;wos,"Abstract – Spatial variation in plant phenology can impose strong selective pressures on herbivorous insects whose fitness relies on synchrony with host plants, promoting local adaptation to host timing. Winter moths (Operophtera brumata) have been shown to synchronize egg hatching with host budburst, but whether this reflects local adaptation remains unclear. We used three complementary approaches to assess small-scale local adaptation of winter moths to oak phenology in Wytham Woods, UK, a 385-hectare woodland with repeatable variation in individual oak budburst phenology. We experimentally investigated whether host tree phenology predicts hatch timing using common gardens across multiple temperatures, evaluated fitness benefits of synchrony using translocations, and assessed population structure and gene-environment associations using whole-genome sequencing. We found no support for local adaptation to individual trees. Common garden experiments revealed systematic differences in hatch timing which were unrelated to host budburst, while translocations indicated no fitness consequences of asynchrony. Genetic analyses showed no detectable population structure or association with budburst timing. Local adaptation to host phenology therefore appears not to arise on individual trees but may instead occur at broader spatial scales. Understanding the scale of local adaptation is essential for predicting how insect-plant synchrony will respond to environmental change across heterogeneous landscapes. © 2026 The Authors."
56,10.1371/journal.pone.0225005,Minimal genetic differentiation of the malaria vector Nyssorhynchus darlingi associated with forest cover level in Amazonian Brazil,2019,PLoS ONE,"Prussing, C.; Emerson, K.J.; Bickersmith, S.A.; Sallum, M.A.M.; Conn, J.E.",scopus,"The relationship between deforestation and malaria in Amazonian Brazil is complex, and a deeper understanding of this relationship is required to inform effective control measures in this region. Here, we are particularly interested in characterizing the impact of land use and land cover change on the genetics of the major regional vector of malaria, Nyssorhynchus darlingi (Root). We used nextera-tagmented, Reductively Amplified DNA (nextRAD) genotyping-by-sequencing to genotype 164 Ny. darlingi collected from 16 collection sites with divergent forest cover levels in seven municipalities in four municipality groups that span the state of Amazonas in northwestern Amazonian Brazil: São Gabriel da Cachoeira, Presidente Figueiredo, four municipalities in the area around Cruzeiro do Sul, and Lábrea. Using a dataset of 5,561 Single Nucleotide Polymorphisms (SNPs), we investigated the genetic structure of these Ny. darlingi populations with a combination of model- and non-model-based analyses. We identified weak to moderate genetic differentiation among the four municipality groups. There was no evidence for microgeographic genetic structure of Ny. darlingi among forest cover levels within the municipality groups, indicating that there may be gene flow across areas of these municipalities with different degrees of deforestation. Additionally, we conducted an environmental association analysis using two outlier detection methods to determine whether individual SNPs were associated with forest cover level without affecting overall population genetic structure. We identified 14 outlier SNPs, and investigated functions associated with their proximal genes, which could be further characterized in future studies. © 2019 Prussing et al. This is an open access article distributed under the terms of the Creative Commons Attribution License, which permits unrestricted use, distribution, and reproduction in any medium, provided the original author and source are credited."
57,10.1111/jbi.14504,Seascape genetics in a polychaete worm: Disentangling the roles of a biogeographic barrier and environmental factors,2022,Journal of Biogeography,"Mendes, C.B.; Cortez, T.; Santos, C.S.G.; Sobral-Souza, T.; Santos, A.D.; Sasaki, D.K.; Silva, D.A.; Dottori, M.; Andrade, S.C.S.",scopus;wos,"Aim: Seascape genomic studies aim to understand how environmental variables shape species diversity through genotype–environment associations. Identifying these effects on lecithotrophic larval species that live in intertidal zones is particularly challenging because they are subject to environmental heterogeneity and anthropogenic events. Here, we evaluate how biotic and abiotic features in the Southwest Atlantic littoral zone can affect a high dispersal species' present and historical demography. Location: Brazilian coast, covering more than 3000 km. Taxon: Perinereis ponteni. Methods: We investigated population genetic diversity, connectivity and past dynamics using 23,300 single-nucleotide polymorphisms (SNPs) generated using genotyping by sequencing. We tested whether environmental abiotic variables could explain the variance found in genotype frequencies using isolation-by-environment (IBE) and landscape association approaches. These data, combined with palaeodistribution simulations and oceanic circulation modelling, were used to infer species demographic history and connectivity patterns. Results: Along with high levels of connectivity detected, we found a genetic boundary in the southeastern region of Brazil around Cabo Frio (Rio de Janeiro), and a cline trend for some loci. The palaeodistribution simulations reveal a spatial refuge in the southeast during the Last Glacial Maximum (21 kya), with the expansion of the northern region. We identified 1421 SNPs with frequencies associated with eight environmental variables, most of which were related to temperature—the main environmental factor determining IBE. Main Conclusions: Perinereis ponteni, a polychaete with high gene flow capability responds to biogeographic barriers, highlighting the importance of biotic and abiotic factors in shaping population connectivity. Furthermore, the effect of temperature indicates that future climate change and ocean warming can hugely impact this species. © 2022 John Wiley & Sons Ltd."
58,10.3389/fpsyt.2024.1297760,Methylome-wide and meQTL analysis helps to distinguish treatment response from non-response and pathogenesis markers in schizophrenia,2024,Frontiers in Psychiatry,"Polakkattil, B.K.; Vellichirammal, N.N.; Nair, I.V.; Nair, C.M.; Banerjee, M.",scopus;wos,"Schizophrenia is a complex condition with entwined genetic and epigenetic risk factors, posing a challenge to disentangle the intermixed pathological and therapeutic epigenetic signatures. To resolve this, we performed 850K methylome-wide and 700K genome-wide studies on the same set of schizophrenia patients by stratifying them into responders, non-responders, and drug-naïve patients. The key genes that signified the response were followed up using real-time gene expression studies to understand the effect of antipsychotics at the gene transcription level. The study primarily implicates hypermethylation in therapeutic response and hypomethylation in the drug-non-responsive state. Several differentially methylated sites and regions colocalized with the schizophrenia genome-wide association study (GWAS) risk genes and variants, supporting the convoluted gene–environment association. Gene ontology and protein–protein interaction (PPI) network analyses revealed distinct patterns that differentiated the treatment response from drug resistance. The study highlights the strong involvement of several processes related to nervous system development, cell adhesion, and signaling in the antipsychotic response. The ability of antipsychotic medications to alter the pathology by modulating gene expression or methylation patterns is evident from the general increase in the gene expression of response markers and histone modifiers and the decrease in class II human leukocyte antigen (HLA) genes following treatment with varying concentrations of medications like clozapine, olanzapine, risperidone, and haloperidol. The study indicates a directional overlap of methylation markers between pathogenesis and therapeutic response, thereby suggesting a careful distinction of methylation markers of pathogenesis from treatment response. In addition, there is a need to understand the trade-off between genetic and epigenetic observations. It is suggested that methylomic changes brought about by drugs need careful evaluation for their positive effects on pathogenesis, course of disease progression, symptom severity, side effects, and refractoriness. Copyright © 2024 Polakkattil, Vellichirammal, Nair, Nair and Banerjee."
59,10.1098/rspb.2017.2806,"Genome-wide single nucleotide polymorphism scan suggests adaptation to urbanization in an important pollinator, the red-tailed bumblebee (Bombus lapidarius L.)",2018,Proceedings of the Royal Society B: Biological Sciences,"Theodorou, P.; Radzevičiūtė, R.; Kahnt, B.; Soro, A.; Grosse, I.; Paxton, R.J.",scopus;wos,"Urbanization is considered a global threat to biodiversity; the growth of cities results in an increase in impervious surfaces, soil and air pollution, fragmentation of natural vegetation and invasion of non-native species, along with numerous environmental changes, including the heat island phenomenon. The combination of these effects constitutes a challenge for both the survival and persistence of many native species, while also imposing altered selective regimes. Here, using 110 314 single nucleotide polymorphisms generated by restriction-site-associated DNA sequencing, we investigated the genomewide effects of urbanization on putative neutral and adaptive genomic diversity in a major insect pollinator, Bombus lapidarius, collected from nine German cities and nine paired rural sites. Overall, genetic differentiation among siteswas lowand therewas no obvious genome-wide genetic structuring, suggesting the absence of strong effects of urbanization on gene flow. We nevertheless identified several loci under directional selection, a subset of which was associated with urban land use, including the percentage of impervious surface surrounding each sampling site. Overall, our results provide evidence of local adaptation to urbanization in the face of gene flow in a highly mobile insect pollinator. © 2018 The Author(s) Published by the Royal Society. All rights reserved."
60,10.1371/journal.pone.0047832,Spatial Structure and Climatic Adaptation in African Maize Revealed by Surveying SNP Diversity in Relation to Global Breeding and Landrace Panels,2012,PLoS ONE,"Westengen, O.T.; Berg, P.R.; Kent, M.P.; Brysting, A.K.",scopus,"Background: Climate change threatens maize productivity in sub-Saharan Africa. To ensure food security, access to locally adapted genetic resources and varieties is an important adaptation measure. Most of the maize grown in Africa is a genetic mix of varieties introduced at different historic times following the birth of the trans-Atlantic economy, and knowledge about geographic structure and local adaptations is limited. Methodology: A panel of 48 accessions of maize representing various introduction routes and sources of historic and recent germplasm introductions in Africa was genotyped with the MaizeSNP50 array. Spatial genetic structure and genetic relationships in the African panel were analysed separately and in the context of a panel of 265 inbred lines representing global breeding material (based on 26,900 SNPs) and a panel of 1127 landraces from the Americas (270 SNPs). Environmental association analysis was used to detect SNPs associated with three climatic variables based on the full 43,963 SNP dataset. Conclusions: The genetic structure is consistent between subsets of the data and the markers are well suited for resolving relationships and admixture among the accessions. The African accessions are structured in three clusters reflecting historical and current patterns of gene flow from the New World and within Africa. The Sahelian cluster reflects original introductions of Meso-American landraces via Europe and a modern introduction of temperate breeding material. The Western cluster reflects introduction of Coastal Brazilian landraces, as well as a Northeast-West spread of maize through Arabic trade routes across the continent. The Eastern cluster most strongly reflects gene flow from modern introduced tropical varieties. Controlling for population history in a linear model, we identify 79 SNPs associated with maximum temperature during the growing season. The associations located in genes of known importance for abiotic stress tolerance are interesting candidates for local adaptations. © 2012 Westengen et al."
61,10.3389/fgene.2023.1103969,"Population genomic analysis reveals geographic structure and climatic diversification for Macrophomina phaseolina isolated from soybean and dry bean across the United States, Puerto Rico, and Colombia",2023,Frontiers in Genetics,"Ortiz, V.; Chang, H.-X.; Sang, H.; Jacobs, J.; Malvick, D.K.; Baird, R.; Mathew, F.M.; Estévez de Jensen, C.; Wise, K.A.; Mosquera, G.M.; Chilvers, M.I.",scopus;wos,"Macrophomina phaseolina causes charcoal rot, which can significantly reduce yield and seed quality of soybean and dry bean resulting from primarily environmental stressors. Although charcoal rot has been recognized as a warm climate-driven disease of increasing concern under global climate change, knowledge regarding population genetics and climatic variables contributing to the genetic diversity of M. phaseolina is limited. This study conducted genome sequencing for 95 M. phaseolina isolates from soybean and dry bean across the continental United States, Puerto Rico, and Colombia. Inference on the population structure using 76,981 single nucleotide polymorphisms (SNPs) revealed that the isolates exhibited a discrete genetic clustering at the continental level and a continuous genetic differentiation regionally. A majority of isolates from the United States (96%) grouped in a clade with a predominantly clonal genetic structure, while 88% of Puerto Rican and Colombian isolates from dry bean were assigned to a separate clade with higher genetic diversity. A redundancy analysis (RDA) was used to estimate the contributions of climate and spatial structure to genomic variation (11,421 unlinked SNPs). Climate significantly contributed to genomic variation at a continental level with temperature seasonality explaining the most variation while precipitation of warmest quarter explaining the most when spatial structure was accounted for. The loci significantly associated with multivariate climate were found closely to the genes related to fungal stress responses, including transmembrane transport, glycoside hydrolase activity and a heat-shock protein, which may mediate climatic adaptation for M. phaseolina. On the contrary, limited genome-wide differentiation among populations by hosts was observed. These findings highlight the importance of population genetics and identify candidate genes of M. phaseolina that can be used to elucidate the molecular mechanisms that underly climatic adaptation to the changing climate. Copyright © 2023 Ortiz, Chang, Sang, Jacobs, Malvick, Baird, Mathew, Estévez de Jensen, Wise, Mosquera and Chilvers."
62,10.3390/f16030455,Genetic Diversity and Landscape Genomics of Carya dabieshanensis (M.C. Liu and Z.J. Li) in a Heterogenous Habitat,2025,Forests,"Li, H.; Hong, J.; Tian, J.; Zhang, D.; Yang, R.; Xia, G.; Huang, Y.",scopus,"Carya dabieshanensis is a species of significant economic value due to its unique flavor and nutritional properties as a snack food, as well as its durable wood, which is highly suitable for furniture production. Known for its remarkable adaptability to environmental stress, this species serves as a valuable genetic resource for enhancing hickory cultivars. However, its restricted distribution and limited availability of high-quality germplasm have impeded large-scale cultivation and hindered industry development. While the genetic diversity and genomic basis of its environmental adaptation hold great promise for future breeding programs, no studies to date have utilized SNP markers to explore its genetic diversity or the genomic mechanisms underlying environmental adaptability. In this study, we analyzed 60 samples from 12 natural populations of C. dabieshanensis, representing its global distribution. Using the Carya illinoinensis (Wangenh. and K. Koch) genome as a reference, we employed Specific Locus Amplified Fragment Sequencing (SLAF-seq) to generate high-quality SNP data. By integrating population and landscape genomics approaches, we investigated the genetic structure and diversity of wild populations and identified key environmental factors driving genetic differentiation. Our population genomics analysis revealed 9,120,926 SNP markers, indicating substantial genetic diversity (π = 1.335 × 10−3 to 1.750 × 10−3) and significant genetic differentiation among populations (FST = 0.117–0.354). Landscape genomics analysis identified BIO3 (Isothermality), BIO6 (Min Temperature of Coldest Month), and BIO14 (Precipitation of Driest Month) as critical environmental factors shaping genetic diversity. This study provides essential insights into the genetic resources of C. dabieshanensis, facilitating the development of climate-resilient cultivars and offering a scientific foundation for the conservation and sustainable management of its wild populations. © 2025 by the authors."
63,10.1186/s40246-025-00824-8,Association between hot spring residency and dry eye disease: a crossover gene–environment interaction (GxE) study in Taiwan,2025,Human Genomics,"Wu, H.-Y.; Chang, K.-J.; Chiu, W.; Wang, C.-Y.; Lin, Y.-C.; Hsu, Y.-T.; Wen, Y.-C.; Chiang, P.-H.; Chen, Y.-H.; Dai, H.-J.; Lu, C.-H.; Chen, Y.-C.; Tsai, H.-Y.; Chen, Y.-C.; Hsu, C.-H.; Chiou, S.-H.; Yang, Y.-P.; Hsieh, A.-R.; Hsu, C.-C.",scopus;wos,"Background/aims: The advent of genetic biobanking has powered gene-environment interaction (GxE) studies in various disease contexts. Therefore, we aimed to discover novel GxE effects that address hot spring residency as a risk to inconspicuous disease association. Methods: A complete genetic and demographic registry comprising 129,451 individuals was obtained from Taiwan Biobank (TWB). After geographical disease prevalence was analyzed to identify putative disease association with hot-spring residency, multivariable regression and logistic regression were rechecked to exclude socioeconomic confounders in geographical-disease association. Genome-wide association study (GWAS), gene ontology (GO), and protein-protein interaction (PPI) analysis identified predisposing genetic factors among hotspring-associated diseases. Lastly, a polygenic risk score (PRS) model was formulated to stratify environmental susceptibility in accord with their genetic predisposition. Results: After socioeconomic covariate adjustment, prevalence of dry eye disease (DED) was significantly associated with hot spring distribution. Through single nucleotide polymorphisms (SNPs) discovery and subsequent PPI pathway aggregation, CDKL2 kinase pathways were significantly enriched in hot-spring specific DED functional SNPs. Notably, PRS predicted disease well in hot spring regions (AUC = 0.9168). Hot spring and discovered SNPs contributed to crossover GxE effect on DED (relative risk (RR)G+E−= 0.99; RRG-E+ = 0.35; RRG+E+ = 2.04). Conclusion: We identified hot-spring exposure as a modifiable risk in the PRS-predicted GxE context of DED. © The Author(s) 2025."
64,10.1002/ece3.11662,Landscape genomics reveals genetic signals of environmental adaptation of African wild eggplants,2024,Ecology and Evolution,"Omondi, E.O.; Lin, C.-Y.; Huang, S.-M.; Liao, C.-A.; Lin, Y.-P.; Oliva, R.; van Zonneveld, M.",scopus;wos,"Crop wild relatives (CWR) provide a valuable resource for improving crops. They possess desirable traits that confer resilience to various environmental stresses. To fully utilize crop wild relatives in breeding and conservation programs, it is important to understand the genetic basis of their adaptation. Landscape genomics associates environments with genomic variation and allows for examining the genetic basis of adaptation. Our study examined the differences in allele frequency of 15,416 single nucleotide polymorphisms (SNPs) generated through genotyping by sequencing approach among 153 accessions of 15 wild eggplant relatives and two cultivated species from Africa, the principal hotspot of these wild relatives. We also explored the correlation between these variations and the bioclimatic and soil conditions at their collection sites, providing a comprehensive understanding of the genetic signals of environmental adaptation in African wild eggplant. Redundancy analysis (RDA) results showed that the environmental variation explained 6% while the geographical distances among the collection sites explained 15% of the genomic variation in the eggplant wild relative populations when controlling for population structure. Our findings indicate that even though environmental factors are not the main driver of selection in eggplant wild relatives, it is influential in shaping the genomic variation over time. The selected environmental variables and candidate SNPs effectively revealed grouping patterns according to the environmental characteristics of sampling sites. Using four genotype–environment association methods, we detected 396 candidate SNPs (2.5% of the initial SNPs) associated with eight environmental factors. Some of these SNPs signal genes involved in pathways that help adapt to environmental stresses such as drought, heat, cold, salinity, pests, and diseases. These candidate SNPs will be useful for marker-assisted improvement and characterizing the germplasm of this crop for developing climate-resilient eggplant varieties. The study provides a model for applying landscape genomics to other crops' wild relatives. © 2024 The Author(s). Ecology and Evolution published by John Wiley & Sons Ltd."
65,10.1111/mec.17483,Genetic differentiation across a steep and narrow environmental gradient: Quantitative genetic and genomic insights into Lake Superior populations of Quercus rubra,2024,Molecular Ecology,"Gómez Quijano, M.J.; Gross, B.L.; Etterson, J.R.",scopus;wos,"Adaptive differentiation of traits and underlying loci can occur at a small geographical scale if natural selection is stronger than countervailing gene flow and drift. We investigated this hypothesis using coupled quantitative genetic and genomic approaches for a wind-pollinated tree species, Quercus rubra, along the steep, narrow gradient of the Lake Superior coast that encompasses four USDA Hardiness Zones within 100 km. For the quantitative genetic component of this study, we examined phenotypic differentiation among eight populations in a common garden, measuring seed mass, germination, height, stem diameter, leaf number, specific leaf area and survival. For the genomic component, we quantified genetic differentiation for 26 populations from the same region using RAD-seq. Because hybridisation with Quercus ellipsoidalis occurs in other parts of the species' range, we included two populations of this congener for comparison. In the common garden study, we found a strong signal of population differentiation that was significantly associated with at least one climate factor for nine of 10 measured traits. In contrast, we found no evidence of genomic differentiation among populations based on FST or any other measures. However, both distance-based and genotype–environment association analyses identified loci showing the signature of selection, with one locus in common across five analyses. This locus was associated with the minimum temperature of the coldest month, a factor that defines the climate zones and was also significant in the common garden analyses. In addition, we documented introgression from Q. ellipsoidalis into Q. rubra, with rates of introgression correlated with the climate gradient. In sum, this study reveals signatures of selection at the quantitative trait and genomic level consistent with climate adaptation, a pattern that is more often documented at a much broader geographical scale, especially in long-lived wind-pollinated species. © 2024 The Author(s). Molecular Ecology published by John Wiley & Sons Ltd."
66,10.1186/s12864-023-09402-5,Genomic signatures of local adaptation in recent invasive Aedes aegypti populations in California,2023,BMC Genomics,"Soudi, S.; Crepeau, M.; Collier, T.C.; Lee, Y.; Cornel, A.J.; Lanzaro, G.C.",scopus;wos,"Background: Rapid adaptation to new environments can facilitate species invasions and range expansions. Understanding the mechanisms of adaptation used by invasive disease vectors in new regions has key implications for mitigating the prevalence and spread of vector-borne disease, although they remain relatively unexplored. Results: Here, we integrate whole-genome sequencing data from 96 Aedes aegypti mosquitoes collected from various sites in southern and central California with 25 annual topo-climate variables to investigate genome-wide signals of local adaptation among populations. Patterns of population structure, as inferred using principal components and admixture analysis, were consistent with three genetic clusters. Using various landscape genomics approaches, which all remove the confounding effects of shared ancestry on correlations between genetic and environmental variation, we identified 112 genes showing strong signals of local environmental adaptation associated with one or more topo-climate factors. Some of them have known effects in climate adaptation, such as heat-shock proteins, which shows selective sweep and recent positive selection acting on these genomic regions. Conclusions: Our results provide a genome wide perspective on the distribution of adaptive loci and lay the foundation for future work to understand how environmental adaptation in Ae. aegypti impacts the arboviral disease landscape and how such adaptation could help or hinder efforts at population control. © 2023, The Author(s)."
67,10.1111/nph.15171,Soil environment is a key driver of adaptation in Medicago truncatula: new insights from landscape genomics,2018,New Phytologist,"Guerrero, J.; Andrello, M.; Burgarella, C.; Manel, S.",scopus;wos,"Spatial differences in environmental selective pressures interact with the genomes of organisms, ultimately leading to local adaptation. Landscape genomics is an emergent research area that uncovers genome–environment associations, thus allowing researchers to identify candidate loci for adaptation to specific environmental variables. In the present study, we used latent factor mixed models (LFMMs) and Moran spectral outlier detection/randomization (MSOD-MSR) to identify candidate loci for adaptation to 10 environmental variables (climatic, soil and atmospheric) among 43 515 single nucleotide polymorphisms (SNPs) from 202 accessions of the model legume Medicago truncatula. Soil variables were associated with a large number of candidate loci identified through both LFMMs and MSOD-MSR. Genes tagged by candidate loci associated with drought and salinity are involved in the response to biotic and abiotic stresses, while those tagged by candidates associated with soil nitrogen and atmospheric nitrogen, participate in the legume-rhizobia symbiosis. Candidate SNPs identified through both LFMMs and MSOD-MSR explained up to 56% of variance in flowering traits. Our findings highlight the importance of soil in driving adaptation in the system and elucidate the basis of evolutionary potential of M. truncatula to respond to global climate change and anthropogenic disruption of the nitrogen cycle. © 2018 The Authors New Phytologist © 2018 New Phytologist Trust"
68,10.1016/j.tree.2015.01.005,Landscape community genomics: Understanding eco-evolutionary processes in complex environments,2015,Trends in Ecology and Evolution,"Hand, B.K.; Lowe, W.H.; Kovach, R.P.; Muhlfeld, C.C.; Luikart, G.",scopus;wos,"Extrinsic factors influencing evolutionary processes are often categorically lumped into interactions that are environmentally (e.g., climate, landscape) or community-driven, with little consideration of the overlap or influence of one on the other. However, genomic variation is strongly influenced by complex and dynamic interactions between environmental and community effects. Failure to consider both effects on evolutionary dynamics simultaneously can lead to incomplete, spurious, or erroneous conclusions about the mechanisms driving genomic variation. We highlight the need for a landscape community genomics (LCG) framework to help to motivate and challenge scientists in diverse fields to consider a more holistic, interdisciplinary perspective on the genomic evolution of multi-species communities in complex environments. © 2015 Elsevier Ltd."
69,10.1093/molbev/msad036,Putative Signals of Generalist Plant Species Adaptation to Local Pollinator Communities and Abiotic Factors,2023,Molecular Biology and Evolution,"Frachon, L.; Arrigo, L.; Rusman, Q.; Poveda, L.; Qi, W.; Scopece, G.; Schiestl, F.P.",scopus;wos,"The reproductive success of flowering plants with generalized pollination systems is influenced by interactions with a diverse pollinator community and abiotic factors. However, knowledge about the adaptative potential of plants to complex ecological networks and the underlying genetic mechanisms is still limited. Based on a pool-sequencing approach of 21 natural populations of Brassica incana in Southern Italy, we combined a genome-environmental association analysis with a genome scan for signals of population genomic differentiation to discover genetic variants associated with the ecological variation. We identified genomic regions putatively involved in the adaptation of B. incana to the identity of local pollinator functional categories and pollinator community composition. Interestingly, we observed several shared candidate genes associated with long-tongue bees, soil texture, and temperature variation. We established a genomic map of potential generalist flowering plant local adaptation to complex biotic interactions, and the importance of considering multiple environmental factors to describe the adaptive landscape of plant populations.  © 2023 The Author(s)."
70,10.1111/bjd.16720,Individuals with filaggrin-related eczema and asthma have increased long-term medication and hospital admission costs,2018,British Journal of Dermatology,"Soares, P.; Fidler, K.; Felton, J.; Tavendale, R.; Hövels, A.; Bremner, S.A.; Palmer, C.N.A.; Mukhopadhyay, S.",scopus;wos,"Background: Eczema and asthma are chronic diseases with onset usually before the age of 5 years. More than 50% of individuals with eczema will develop asthma and/or other allergic diseases. Several loss-of-function mutations in filaggrin (FLG) have been identified in patients with eczema. However, the association of FLG with healthcare use is unknown. Objectives: To determine whether FLG mutations are associated with increased prescribing for eczema and asthma and whether increased prescribing is associated with increased healthcare costs. Methods: A secondary analysis of BREATHE, a cross-sectional study of gene–environment associations with asthma severity, was undertaken. BREATHE data was collected for 1100 participants with asthma, in Tayside and Fife, Scotland during the period 2003–2005. Through collaboration with the Health Informatics Centre in Dundee, BREATHE was linked to accident and emergency, community prescribing and Scottish morbidity records. The data linkage allowed longitudinal exploration of associations between genetic variation and prescribing. Results: An association was found between FLG mutations and increased prescribing for mild and moderate eczema, asthma-reliever medicine and asthma exacerbations. A strong association was found between FLG mutations and prescribing of emollients [incidence rate ratio (IRR) 2·19, 95% confidence interval (CI) 1·36–3·52], treatment for severe eczema (IRR 2·18, 95% CI 1·22–3·91) and a combination of a long-acting β2-agonist and corticosteroids (IRR 3·29, 95% CI 1·68–6·43). Conclusions: The presence of FLG mutations in this cohort is associated with increased prescribing for eczema and asthma. Randomized controlled trials are required to determine if these individuals could benefit from management strategies to reduce morbidity and treatment costs. © 2018 The Authors. British Journal of Dermatology published by John Wiley & Sons Ltd on behalf of British Association of Dermatologists."
71,10.1002/gepi.20516,Quality control and quality assurance in genotypic data for genome-wide association studies,2010,Genetic Epidemiology,"Laurie, C.C.; Doheny, K.F.; Mirel, D.B.; Pugh, E.W.; Bierut, L.J.; Bhangale, T.; Boehm, F.; Caporaso, N.E.; Cornelis, M.C.; Edenberg, H.J.; Gabriel, S.B.; Harris, E.L.; Hu, F.B.; Jacobs, K.B.; Kraft, P.; Landi, M.T.; Lumley, T.; Manolio, T.A.; McHugh, C.; Painter, I.; Paschall, J.; Rice, J.P.; Rice, K.M.; Zheng, X.; Weir, B.S.",scopus;wos,"Genome-wide scans of nucleotide variation in human subjects are providing an increasing number of replicated associations with complex disease traits. Most of the variants detected have small effects and, collectively, they account for a small fraction of the total genetic variance. Very large sample sizes are required to identify and validate findings. In this situation, even small sources of systematic or random error can cause spurious results or obscure real effects. The need for careful attention to data quality has been appreciated for some time in this field, and a number of strategies for quality control and quality assurance (QC/QA) have been developed. Here we extend these methods and describe a system of QC/QA for genotypic data in genome-wide association studies (GWAS). This system includes some new approaches that (1) combine analysis of allelic probe intensities and called genotypes to distinguish gender misidentification from sex chromosome aberrations, (2) detect autosomal chromosome aberrations that may affect genotype calling accuracy, (3) infer DNA sample quality from relatedness and allelic intensities, (4) use duplicate concordance to infer SNP quality, (5) detect genotyping artifacts from dependence of Hardy-Weinberg equilibrium test P-values on allelic frequency, and (6) demonstrate sensitivity of principal components analysis to SNP selection. The methods are illustrated with examples from the ""Gene Environment Association Studies"" (GENEVA) program. The results suggest several recommendations for QC/QA in the design and execution of GWAS. © 2010 Wiley-Liss, Inc."
72,10.1002/ece3.9611,Genomic divergence between two sister Ostrya species through linked selection and recombination,2022,Ecology and Evolution,"Zhang, J.; Zhang, S.; Zheng, Z.; Lu, Z.; Yang, Y.",scopus;wos,"Studying the evolution of genomic divergence between lineages is a topical issue in evolutionary biology. However, the evolutionary forces that shape the heterogeneous divergence of the genomic landscape are still poorly understood. Here, two wind-pollinated sister-species (Ostrya japonica and O. chinensis) are used to explore what these potential forces might be. A total of 40 individuals from 16 populations across their main distribution areas in China were sampled for genome-wide resequencing. Population demography analyses revealed that these two sister-species diverged at 3.06–4.43 Mya. Both population contraction and increased gene flow were detected during glacial periods, suggesting secondary contact at those times. All three parameters (DXY, π, and ρ) decreased in those regions showing high levels of differentiation (FST). These findings indicate that linked selection and recombination played a key role in the genomic heterogeneous differentiation between the two Ostrya species. Genotype–environment association analyses showed that precipitation was the most important ecological factor for speciation. Such environmentally related genes and positive selection genes may have contributed to local adaptation and the maintenance of species boundaries. © 2022 The Authors. Ecology and Evolution published by John Wiley & Sons Ltd."
73,10.1016/b978-0-443-21903-0.00020-5,Tree population genomics,2025,Biotechnology Applications in Forestry: Forest Microbiology: Volume 4,"Chano, V.; Krutovsky, K.V.; Cao, H.; Müller, M.; Tost, M.; Vu, G.; Wilhelmi, S.; Gailing, O.",scopus,"In this chapter, we reviewed the use of large-scale genomic data from individuals and populations in tree population genomics, which, along with recent advances in sequencing methods and bioinformatics, has transformed research in forest sciences. Population genomics is a cornerstone for the investigation of the molecular bases of tree fitness under different ecological and climatic conditions, local adaptation, and speciation. Together with traditional population genetic methods, genomics offers innovative methods and a comprehensive genome-wide approach for studying and understanding adaptive evolutionary processes such as mutation, genetic drift, gene flow, and inbreeding, as well as the impact of genetic intraspecific variation in tree species, by providing information on multiple locus-specific effects and identifying functional genomic elements. In addition, epigenome-wide data at population scales possess a great potential to study phenotypic tree plasticity under different environmental scenarios, with special interest in the identification of genomic epivariants that can be linked with local adaptation and responses to biotic and abiotic stress. The use of genome-wide data has widely contributed to phylogenomics, allowing us to infer individual genetic admixtures and more accurately reconstruct phylogenetic trees. Finally, we addressed the application of tree population genomics for modern tree breeding and conservation programs, improving their efficiency and our understanding of the genetic impacts of management activities. This knowledge is crucial for the conservation and sustainable management of forest genetic resources. © 2025 Elsevier Inc. All rights reserved."
74,10.1097/mcp.0000000000000364,The role of gene-environment interplay in occupational and environmental diseases: Current concepts and knowledge gaps,2017,Current Opinion in Pulmonary Medicine,"Kwo, E.; Christiani, D.",scopus;wos,"Purpose of review The interplay between genetic susceptibilities and environmental exposures in the pathogenesis of a variety of diseases is an area of increased scientific, epidemiologic, and social interest. Given the variation in methodologies used in the field, this review aims to create a framework to help understand occupational exposures as they currently exist and provide a foundation for future inquiries into the biological mechanisms of the gene-environment interactions. Understanding of this complex interplay will be important in the context of occupational health, given the public health concerns surrounding a variety of occupational exposures. Recent findings Studies found evidence that suggest genetics influence the progression of disease postberyllium exposure through genetically encoded major histocompatibility complex, class II, DP alpha 2 (HLA-DP2)-peptide complexes as it relates to T-helper cells. This was characterized at the molecular level by the accumulation of Be-responsive CD4 T cells in the lung, which resulted in posttranslational change in the HLA-DPB1 complex. Summary These studies provide important evidence of gene-environment association, and many provide insights into specific pathogenic mechanisms. The following includes a review of the literature regarding gene-environment associations with a focus on pulmonary diseases as they relate to the workplace. © 2017 Wolters Kluwer Health, Inc. All rights reserved."
75,10.1111/eva.13558,The impact of geography and climate on the population structure and local adaptation in a wild bee,2023,Evolutionary Applications,"Samad-zada, F.; Kelemen, E.P.; Rehan, S.M.",scopus;wos,"Deciphering processes that contribute to genetic differentiation and divergent selection of natural populations is useful for evaluating the adaptive potential and resilience of organisms faced with various anthropogenic stressors. Insect pollinator species, including wild bees, provide critical ecosystem services but are highly susceptible to biodiversity declines. Here, we use population genomics to infer the genetic structure and test for evidence of local adaptation in an economically important native pollinator, the small carpenter bee (Ceratina calcarata). Using genome-wide SNP data (n = 8302), collected from specimens across the species' entire distribution, we evaluated population differentiation and genetic diversity and identified putative signatures of selection in the context of geographic and environmental variation. Results of the analyses of principal component and Bayesian clustering were concordant with the presence of two to three genetic clusters, associated with landscape features and inferred phylogeography of the species. All populations examined in our study demonstrated a heterozygote deficit, along with significant levels of inbreeding. We identified 250 robust outlier SNPs, corresponding to 85 annotated genes with known functional relevance to thermoregulation, photoperiod, and responses to various abiotic and biotic stressors. Taken together, these data provide evidence for local adaptation in a wild bee and highlight genetic responses of native pollinators to landscape and climate features. © 2023 The Authors. Evolutionary Applications published by John Wiley & Sons Ltd."
76,10.1093/gbe/evab260,Genome-Scale Data Reveal Deep Lineage Divergence and a Complex Demographic History in the Texas Horned Lizard (Phrynosoma cornutum) throughout the Southwestern and Central United States,2022,Genome Biology and Evolution,"Finger, N.; Farleigh, K.; Bracken, J.T.; LeachCrossed D sign©, A.D.; François, O.; Yang, Z.; Flouri, T.; Charran, T.; Jezkova, T.; Williams, D.A.; Blair, C.",scopus;wos,"The southwestern and central United States serve as an ideal region to test alternative hypotheses regarding biotic diversification. Genomic data can now be combined with sophisticated computational models to quantify the impacts of paleoclimate change, geographic features, and habitat heterogeneity on spatial patterns of genetic diversity. In this study, we combine thousands of genotyping-by-sequencing (GBS) loci with mtDNA sequences (ND1) from the Texas horned lizard (Phrynosoma cornutum) to quantify relative support for different catalysts of diversification. Phylogenetic and clustering analyses of the GBS data indicate support for at least three primary populations. The spatial distribution of populations appears concordant with habitat type, with desert populations in AZ and NM showing the largest genetic divergence from the remaining populations. The mtDNA data also support a divergent desert population, but other relationships differ and suggest mtDNA introgression. Genotype-environment association with bioclimatic variables supports divergence along precipitation gradients more than along temperature gradients. Demographic analyses support a complex history, with introgression and gene flow playing an important role during diversification. Bayesian multispecies coalescent analyses with introgression (MSci) analyses also suggest that gene flow occurred between populations. Paleo-species distribution models support two southern refugia that geographically correspond to contemporary lineages. We find that divergence times are underestimated and population sizes are overestimated when introgression occurred and is ignored in coalescent analyses, and furthermore, inference of ancient introgression events and demographic history is sensitive to inclusion of a single recently admixed sample. Our analyses cannot refute the riverine barrier or glacial refugia hypotheses. Results also suggest that populations are continuing to diverge along habitat gradients. Finally, the strong evidence of admixture, gene flow, and mtDNA introgression among populations suggests that P. cornutum should be considered a single widespread species under the General Lineage Species Concept.  © 2021 The Author(s). Published by Oxford University Press on behalf of the Society for Molecular Biology and Evolution."
77,10.1073/pnas.1908707117,Genomics of sorghum local adaptation to a parasitic plant,2020,Proceedings of the National Academy of Sciences of the United States of America,"Bellis, E.S.; Kelly, E.A.; Lorts, C.M.; Gao, H.; DeLeo, V.L.; Rouhan, G.; Budden, A.; Bhaskara, G.B.; Hu, Z.; Muscarella, R.; Timko, M.P.; Nebie, B.; Runo, S.M.; Chilcoat, N.D.; Juenger, T.E.; Morris, G.P.; dePamphilis, C.W.; Lasky, J.R.",scopus;wos,"Host–parasite coevolution can maintain high levels of genetic diversity in traits involved in species interactions. In many systems, host traits exploited by parasites are constrained by use in other functions, leading to complex selective pressures across space and time. Here, we study genome-wide variation in the staple crop Sorghum bicolor (L.) Moench and its association with the parasitic weed Striga hermonthica (Delile) Benth., a major constraint to food security in Africa. We hypothesize that geographic selection mosaics across gradients of parasite occurrence maintain genetic diversity in sorghum landrace resistance. Suggesting a role in local adaptation to parasite pressure, multiple independent loss-of-function alleles at sorghum LOW GERMINATION STIMULANT 1 (LGS1) are broadly distributed among African landraces and geographically associated with S. hermonthica occurrence. However, low frequency of these alleles within S. hermonthica-prone regions and their absence elsewhere implicate potential trade-offs restricting their fixation. LGS1 is thought to cause resistance by changing stereochemistry of strigolactones, hormones that control plant architecture and below-ground signaling to mycorrhizae and are required to stimulate parasite germination. Consistent with tradeoffs, we find signatures of balancing selection surrounding LGS1 and other candidates from analysis of genome-wide associations with parasite distribution. Experiments with CRISPR–Cas9-edited sorghum further indicate that the benefit of LGS1-mediated resistance strongly depends on parasite genotype and abiotic environment and comes at the cost of reduced photosystem gene expression. Our study demonstrates long-term maintenance of diversity in host resistance genes across smallholder agroecosystems, providing a valuable comparison to both industrial farming systems and natural communities. © 2020 National Academy of Sciences. All rights reserved."
78,10.1371/journal.pgen.1010019,Population genomics and geographic dispersal in Chagas disease vectors: Landscape drivers and evidence of possible adaptation to the domestic setting,2022,PLoS Genetics,"Hernandez-Castro, L.E.; Villacís, A.G.; Jacobs, A.; Cheaib, B.; Day, C.C.; Ocaña-Mayorga, S.; Yumiseva, C.A.; Bacigalupo, A.; Andersson, B.; Matthews, L.; Landguth, E.L.; Costales, J.A.; Llewellyn, M.S.; Grijalva, M.J.",scopus;wos,"Accurate prediction of vectors dispersal, as well as identification of adaptations that allow blood-feeding vectors to thrive in built environments, are a basis for effective disease control. Here we adopted a landscape genomics approach to assay gene flow, possible local adaptation, and drivers of population structure in Rhodnius ecuadoriensis, an important vector of Chagas disease. We used a reduced-representation sequencing technique (2b-RADseq) to obtain 2,552 SNP markers across 272 R. ecuadoriensis samples from 25 collection sites in southern Ecuador. Evidence of high and directional gene flow between seven wild and domestic population pairs across our study site indicates insecticide-based control will be hindered by repeated re-infestation of houses from the forest. Preliminary genome scans across multiple population pairs revealed shared outlier loci potentially consistent with local adaptation to the domestic setting, which we mapped to genes involved with embryogenesis and saliva production. Landscape genomic models showed elevation is a key barrier to R. ecuadoriensis dispersal. Together our results shed early light on the genomic adaptation in triatomine vectors and facilitate vector control by predicting that spatially-targeted, proactive interventions would be more efficacious than current, reactive approaches.  © 2022 Hernandez-Castro et al. This is an open access article distributed under the terms of the Creative Commons Attribution License, which permits unrestricted use, distribution, and reproduction in any medium, provided the original author and source are credited."
79,10.1038/s41598-020-74814-2,Reference transcriptomes and comparative analyses of six species in the threatened rosewood genus Dalbergia,2020,Scientific Reports,"Hung, T.H.; So, T.; Sreng, S.; Thammavong, B.; Boounithiphonh, C.; Boshier, D.H.; MacKay, J.J.",scopus;wos,"Dalbergia is a pantropical genus with more than 250 species, many of which are highly threatened due to overexploitation for their rosewood timber, along with general deforestation. Many Dalbergia species have received international attention for conservation, but the lack of genomic resources for Dalbergia hinders evolutionary studies and conservation applications, which are important for adaptive management. This study produced the first reference transcriptomes for 6 Dalbergia species with different geographical origins and predicted ~ 32 to 49 K unique genes. We showed the utility of these transcriptomes by phylogenomic analyses with other Fabaceae species, estimating the divergence time of extant Dalbergia species to ~ 14.78 MYA. We detected over-representation in 13 Pfam terms including HSP, ALDH and ubiquitin families in Dalbergia. We also compared the gene families of geographically co-occurring D. cochinchinensis and D. oliveri and observed that more genes underwent positive selection and there were more diverged disease resistance proteins in the more widely distributed D. oliveri, consistent with reports that it occupies a wider ecological niche and has higher genetic diversity. We anticipate that the reference transcriptomes will facilitate future population genomics and gene-environment association studies on Dalbergia, as well as contributing to the genomic database where plants, particularly threatened ones, are currently underrepresented. © 2020, The Author(s)."
80,10.1111/mec.17696,Genomic Signatures of Adaptation Across a Precipitation Gradient From Niche Centre to Niche Edge,2025,Molecular Ecology,"Van Deurs, S.; Reutimann, O.; Luqman, H.; Lifshitz, D.; Mayzlish-Gati, E.; Alexander, J.; Fior, S.",scopus;wos,"Evaluating the potential for species to adapt to changing climates relies on understanding current patterns of adaptive variation and selection, which might vary in intensity across a species' niche, hence affecting our inference of where adaptation might be most important in the future. Here, we investigate the genetic basis of adaptation in Lactuca serriola along a steep precipitation gradient in Israel approaching the species' arid niche limit and use candidate loci to inform predictions of its past and future adaptive evolution. Environmental association analyses combined with generalised dissimilarity models revealed 108 candidate genes showing nonlinear shifts in allele frequencies across the gradient, with 66% of these genes under strong selection near the dry niche edge. We detected selection acting on genes with separate suites of biological functions, specifically related to phenology and responses to environmental stressors, including osmotic stress, at the dry niche edge, and related to biotic interactions and defence closer to the niche centre. The adaptive genetic composition of populations, as inferred through polygenic risk scores, point to intensified selection operating towards the dry niche edge. However, inference of past and future evolutionary change predicts larger adaptive shifts occurring in the mesic part of the range, which is most affected by climate change. Our study reveals that adaptive shifts in response to climate change can be heterogeneous across a species' range and not necessarily strongest near its niche edge. © 2025 John Wiley & Sons Ltd."
81,10.3389/fpls.2022.895877,"The Past, Present, and Future of Host Plant Resistance in Cotton: An Australian Perspective",2022,Frontiers in Plant Science,"Egan, L.M.; Stiller, W.N.",scopus;wos,"Cotton is a key global fiber crop. However, yield potential is limited by the presence of endemic and introduced pests and diseases. The introduction of host plant resistance (HPR), defined as the purposeful use of resistant crop cultivars to reduce the impact of pests and diseases, has been a key breeding target for the Commonwealth Scientific and Industrial Research Organisation (CSIRO) cotton breeding program. The program has seen success in releasing cultivars resistant to Bacterial blight, Verticillium wilt, Fusarium wilt, and Cotton bunchy top. However, emerging biotic threats such as Black root rot and secondary pests, are becoming more frequent in Australian cotton production systems. The uptake of tools and breeding methods, such as genomic selection, high throughput phenomics, gene editing, and landscape genomics, paired with the continued utilization of sources of resistance from Gossypium germplasm, will be critical for the future of cotton breeding. This review celebrates the success of HPR breeding activities in the CSIRO cotton breeding program and maps a pathway for the future in developing resistant cultivars. Copyright © 2022 Egan and Stiller."
82,10.1111/mec.13473,The role of parasite-driven selection in shaping landscape genomic structure in red grouse (Lagopus lagopus scotica),2016,Molecular Ecology,"Wenzel, M.A.; Douglas, A.; James, M.C.; Redpath, S.M.; Piertney, S.B.",scopus;wos,"Landscape genomics promises to provide novel insights into how neutral and adaptive processes shape genome-wide variation within and among populations. However, there has been little emphasis on examining whether individual-based phenotype-genotype relationships derived from approaches such as genome-wide association (GWAS) manifest themselves as a population-level signature of selection in a landscape context. The two may prove irreconcilable as individual-level patterns become diluted by high levels of gene flow and complex phenotypic or environmental heterogeneity. We illustrate this issue with a case study that examines the role of the highly prevalent gastrointestinal nematode Trichostrongylus tenuis in shaping genomic signatures of selection in red grouse (Lagopus lagopus scotica). Individual-level GWAS involving 384 SNPs has previously identified five SNPs that explain variation in T. tenuis burden. Here, we examine whether these same SNPs display population-level relationships between T. tenuis burden and genetic structure across a small-scale landscape of 21 sites with heterogeneous parasite pressure. Moreover, we identify adaptive SNPs showing signatures of directional selection using FST outlier analysis and relate population- and individual-level patterns of multilocus neutral and adaptive genetic structure to T. tenuis burden. The five candidate SNPs for parasite-driven selection were neither associated with T. tenuis burden on a population level, nor under directional selection. Similarly, there was no evidence of parasite-driven selection in SNPs identified as candidates for directional selection. We discuss these results in the context of red grouse ecology and highlight the broader consequences for the utility of landscape genomics approaches for identifying signatures of selection. © 2015 John Wiley & Sons Ltd."
83,10.5114/aoms.2011.24123,"Frequencies of glutathione s-transferase (GSTM1, GSTM3 and GSTT1) polymorphisms in a Malaysian population",2011,Archives of Medical Science,"Alshagga, M.A.; Mohamed, N.; Suhid, A.N.; Ibrahim, I.A.A.; Zakaria, S.Z.S.",scopus;wos,"Introduction: Glutathione S-transferase (GST) is a xenobiotic metabolising enzyme (XME), which may modify susceptibility in certain ethnic groups, showing ethnic dependent polymorphism. The aim of this study was to determine GSTM1, GSTM3 and GSTT1 gene polymorphisms in a Malaysian population in Kuala Lumpur. Material and methods: Blood or buccal swab samples were collected from 137 Form II students from three schools in Wilayah Persekutuan Kuala Lumpur. Genotyping was done by polymerase chain reaction-restriction fragment length polymorphism (PCR-RFLP). Results: Glutathione-S-transferase GSTM3 gene frequencies were 89% for AA, 10% for AB and 1% for BB. The gene frequencies for deleted GSTM1 and GSTT1 were 66% and 18% respectively. Conclusions: This study suggested that the Malay population is at risk for environmental diseases and provides the basis for gene-environment association studies to be carried out. Copyright © 2011 Termedia & Banach."
84,10.1111/mec.17575,Successful Invasion Into New Environments Without Evidence of Rapid Adaptation by a Predatory Marine Gastropod,2024,Molecular Ecology,"Bentley, B.P.; Cheng, B.S.; Brennan, R.S.; Swenson, J.D.; Adkins, J.L.; Villeneuve, A.R.; Komoroske, L.M.",scopus;wos,"Invasive species with native ranges spanning strong environmental gradients are well suited for examining the roles of selection and population history in rapid adaptation to new habitats, providing insight into potential evolutionary responses to climate change. The Atlantic oyster drill (Urosalpinx cinerea) is a marine snail whose native range spans the strongest coastal latitudinal temperature gradient in the world, with invasive populations established on the US Pacific coast. Here, we leverage this system using genome-wide SNPs and environmental data to examine invasion history and identify genotype–environment associations indicative of local adaptation across the native range, and then assess evidence for allelic frequency shifts that would signal rapid adaptation within invasive populations. We demonstrate strong genetic structuring among native regions which aligns with life history expectations, identifying southern New England as the source of invasive populations. Then, we identify putatively thermally adaptive loci across the native range but find no evidence of allele frequency shifts in invasive populations that suggest rapid adaptation to new environments. Our results indicate that while these loci may underpin local thermal adaptation in their native range, selection is relaxed in invasive populations, perhaps due to complex polygenic architecture underlying thermal traits and/or standing capacity for phenotypic plasticity. Given the prolific invasion of Urosalpinx, our study suggests population success in new environments is influenced by factors other than selection on standing genetic variation that underlies local adaptation in the native range and highlights the importance of considering population history and environmental selection pressures when evaluating adaptive capacity. © 2024 John Wiley & Sons Ltd."
85,10.3389/fevo.2019.00206,Population genomics and demographic sampling of the ant-plant Vachellia drepanolobium and its symbiotic ants from sites across its range in East Africa,2019,Frontiers in Ecology and Evolution,"Boyle, J.H.; Martins, D.; Musili, P.M.; Pierce, N.E.",scopus;wos,"The association between the African ant plant, Vachellia drepanolobium, and the ants that inhabit it has provided insight into the boundaries between mutualism and parasitism, the response of symbioses to environmental perturbations, and the ecology of species coexistence. We use a landscape genomics approach at sites sampled throughout the range of this system in Kenya to investigate the demographics and genetic structure of the different partners in the association. We find that different species of ant associates of V. drepanolobium show striking differences in their spatial distribution throughout Kenya, and these differences are only partly correlated with abiotic factors. A comparison of the population structure of the host plant and its three obligately arboreal ant symbionts, Crematogaster mimosae, Crematogaster nigriceps, and Tetraponera penzigi, shows that the ants exhibit somewhat similar patterns of structure throughout each of their respective ranges, but that this does not correlate in any clear way with the respective genetic structure of the populations of their host plants. A lack of evidence for local coadaptation in this system suggests that all partners have evolved to cope with a wide variety of biotic and abiotic conditions. © 2019 Boyle, Martins, Musili and Pierce."
86,10.1126/sciadv.add6960,Adaptive protein evolution through length variation of short tandem repeats in Arabidopsis,2023,Science Advances,"Reinar, W.B.; Greulich, A.; Stø, I.M.; Knutsen, J.B.; Reitan, T.; Tørresen, O.K.; Jentoft, S.; Butenko, M.A.; Jakobsen, K.S.",scopus;wos,"Intrinsically disordered protein regions are of high importance for biotic and abiotic stress responses in plants. Tracts of identical amino acids accumulate in these regions and can vary in length over generations because of expansions and retractions of short tandem repeats at the genomic level. However, little attention has been paid to what extent length variation is shaped by natural selection. By environmental association analysis on 2514 length variable tracts in 770 whole-genome sequenced Arabidopsis thaliana, we show that length variation in glutamine and asparagine amino acid homopolymers, as well as in interaction hotspots, correlate with local bioclimatic habitat. We determined experimentally that the promoter activity of a light-stress gene depended on polyglutamine length variants in a disordered transcription factor. Our results show that length variations affect protein function and are likely adaptive. Length variants modulating protein function at a global genomic scale has implications for understanding protein evolution and eco-evolutionary biology.  Copyright © 2023 The Authors."
87,10.1111/mec.12833,Fine-scale population epigenetic structure in relation to gastrointestinal parasite load in red grouse (Lagopus lagopus scotica),2014,Molecular Ecology,"Wenzel, M.A.; Piertney, S.B.",scopus;wos,"Epigenetic modification of cytosine methylation states can be elicited by environmental stresses and may be a key process affecting phenotypic plasticity and adaptation. Parasites are potent stressors with profound physiological and ecological effects on their host, but there is little understanding in how parasites may influence host methylation states. Here, we estimate epigenetic diversity and differentiation among 21 populations of red grouse (Lagopus lagopus scotica) in north-east Scotland and test for association of gastrointestinal parasite load (caecal nematode Trichostrongylus tenuis) with hepatic genome-wide and locus-specific methylation states. Following methylation-sensitive AFLP (MSAP), 129 bands, representing 73 methylation-susceptible and 56 nonmethylated epiloci, were scored across 234 individuals. The populations differed significantly in genome-wide methylation levels and were also significantly epigenetically (FSC = 0.0227; P < 0.001) and genetically (FSC = 0.0058; P < 0.001) differentiated. Parasite load was not associated with either genome-wide methylation levels or epigenetic differentiation. Instead, we found eight disproportionately differentiated epilocus-specific methylation states (F ST outliers) using bayescan software and significant positive and negative association of 35 methylation states with parasite load from bespoke generalized estimating equations (GEE), simple logistic regression (sam) and Bayesian environmental analysis (bayenv2). Following Sanger sequencing, genome mapping and geneontology (go) annotation, some of these epiloci were linked to genes involved in regulation of cell cycle, signalling, metabolism, immune system and notably rRNA methylation, histone acetylation and small RNAs. These findings demonstrate an epigenetic signature of parasite load in populations of a wild bird and suggest intriguing physiological effects of parasite-associated cytosine methylation. © 2014 John Wiley & Sons Ltd."
88,10.1029/2024rg000836,Monitoring and Modeling the Soil-Plant System Toward Understanding Soil Health,2025,Reviews of Geophysics,"Zeng, Y.; Verhoef, A.; Vereecken, H.; Ben-Dor, E.; Veldkamp, T.; Shaw, L.; Van Der Ploeg, M.; Wang, Y.; Su, Z.",scopus;wos,"The soil health assessment has evolved from focusing primarily on agricultural productivity to an integrated evaluation of soil biota and biotic processes that impact soil properties. Consequently, soil health assessment has shifted from a predominantly physicochemical approach to incorporating ecological, biological and molecular microbiology indicators. This shift enables a comprehensive exploration of soil microbial community properties and their responses to environmental changes arising from climate change and anthropogenic disturbances. Despite the increasing availability of soil health indicators (physical, chemical, and biological) and data, a holistic mechanistic linkage has not yet been fully established between indicators and soil functions across multiple spatiotemporal scales. This article reviews the state-of-the-art of soil health monitoring, focusing on understanding how soil-microbiome-plant processes contribute to feedback mechanisms and causes of changes in soil properties, as well as the impact these changes have on soil functions. Furthermore, we survey the opportunities afforded by the soil-plant digital twin approach, an integrative framework that amalgamates process-based models, Earth Observation data, data assimilation, and physics-informed machine learning, to achieve a nuanced comprehension of soil health. This review delineates the prospective trajectory for monitoring soil health by embracing a digital twin approach to systematically observe and model the soil-plant system. We further identify gaps and opportunities, and provide perspectives for future research for an enhanced understanding of the intricate interplay between soil properties, soil hydrological processes, soil-plant hydraulics, soil microbiome, and landscape genomics. © 2025. The Author(s)."
89,10.1111/tpj.17229,Association analyses reveal both anthropic and environmental selective events during eggplant domestication,2025,Plant Journal,"Omondi, E.; Barchi, L.; Gaccione, L.; Portis, E.; Toppino, L.; Tassone, M.R.; Alonso, D.; Prohens, J.; Rotino, G.L.; Schafleitner, R.; van Zonneveld, M.; Giuliano, G.",scopus,"Eggplant (Solanum melongena) is one of the four most important Solanaceous crops, widely cultivated and consumed in Asia, the Mediterranean basin, and Southeast Europe. We studied the genome-wide association of historical genebank phenotypic data on a genotyped worldwide collection of 3449 eggplant accessions. Overall, 334 significant associations for key agronomic traits were detected. Significant correlations were obtained between different types of phenotypic data, some of which were not obvious, such as between fruit size/yield and fruit color components, suggesting simultaneous anthropic selection for genetically unrelated traits. Anthropic selection of traits like leaf prickles, fruit color, and yield, acted on distinct genomic regions in the two domestication centers (India and Southeast Asia), further confirming the multiple domestication of eggplant. To discriminate anthropic from environmental selection in domestication centers, we conducted a genotype–environment association (GEA) on a subset of georeferenced accessions from the Indian subcontinent. The population structure in this area revealed four genetic clusters, corresponding to a latitudinal gradient, and environmental factors explained 31% of the population structure when the effect of spatial distances was removed. GEA and outlier association identified 305 candidate regions under environmental selection, containing genes for abiotic stress responses, plant development, and flowering transition. Finally, in the Indian domestication center anthropic and environmental selection acted largely independently, and on different genomic regions. These data allow a better understanding of the different effects of environmental and anthropic selection during domestication of a crop, and the different world regions where some traits were initially selected by humans. © 2025 The Author(s). The Plant Journal published by Society for Experimental Biology and John Wiley & Sons Ltd."
90,10.1016/j.bbi.2023.11.025,Behavioral as well as hippocampal transcriptomic and microglial responses differ across sexes in adult mouse offspring exposed to a dual genetic and environmental challenge,2024,"Brain, Behavior, and Immunity","Carrier, M.; Hui, C.W.; Watters, V.; Šimončičová, E.; Picard, K.; González Ibáñez, F.; Vernoux, N.; Droit, A.; Desjardins, M.; Tremblay, M.-È.",scopus,"Introduction: A wide range of positive, negative, and cognitive symptoms compose the clinical presentation of schizophrenia. Schizophrenia is a multifactorial disorder in which genetic and environmental risk factors interact for a full emergence of the disorder. Infectious challenges during pregnancy are a well-known environmental risk factor for schizophrenia. Also, genetic variants affecting the function of fractalkine signaling between neurons and microglia were linked to schizophrenia. Translational animal models recapitulating these complex gene-environment associations have a great potential to untangle schizophrenia neurobiology and propose new therapeutic strategies. Methods: Given that genetic variants affecting the function of fractalkine signaling between neurons and microglia were linked to schizophrenia, we compared the outcomes of a well-characterized model of maternal immune activation induced using the viral mimetic polyinosinic:polycytidylic acid (Poly I:C) in wild-type versus fractalkine receptor knockout mice. Possible behavioral and immune alterations were assessed in male and female offspring during adulthood. Considering the role of the hippocampus in schizophrenia, microglial analyses and bulk RNA sequencing were performed within this region to assess the neuroimmune dynamics at play. Males and females were examined separately. Results: Offspring exposed to the dual challenge paradigm exhibited symptoms relevant to schizophrenia and unpredictably to mood disorders. Males displayed social and cognitive deficits related to schizophrenia, while females mainly presented anxiety-like behaviors related to mood disorders. Hippocampal microglia in females exposed to the dual challenge were hypertrophic, indicative of an increased surveillance, whereas those in males showed on the other end of the spectrum blunted morphologies with a reduced phagocytosis. Hippocampal bulk-RNA sequencing further revealed a downregulation in females of genes related to GABAergic transmission, which represents one of the main proposed causes of mood disorders. Conclusions: Building on previous results, we identified in the current study distinctive behavioral phenotypes in female mice exposed to a dual genetic and environmental challenge, thus proposing a new model of neurodevelopmentally-associated mood and affective symptoms. This paves the way to future sex-specific investigations into the susceptibility to developmental challenges using animal models based on genetic and immune vulnerability as presented here. © 2023"
91,10.1111/j.1365-294x.2011.05225.x,Genome-wide association analysis of clinical vs. nonclinical origin provides insights into Saccharomyces cerevisiae pathogenesis,2011,Molecular Ecology,"Muller, L.A.H.; Lucas, J.E.; Georgianna, D.R.; McCusker, J.H.",scopus;wos,"Because domesticated Saccharomyces cerevisiae strains have been used to produce fermented food and beverages for centuries without apparent health implications, S. cerevisiae has always been considered a Generally Recognized As Safe (GRAS) microorganism. However, the number of reported mucosal and systemic S. cerevisiae infections in the human population has increased and fatal infections have occurred even in relatively healthy individuals. In order to gain insight into the pathogenesis of S. cerevisiae and improve our understanding of the emergence of fungal pathogens, we performed a population-based genome-wide environmental association analysis of clinical vs. nonclinical origin in S. cerevisiae. Using tiling array-based, high-density genotypes of 44 clinical and 44 nonclinical S. cerevisiae strains from diverse geographical origins and source substrates, we identified several genetic loci associated with clinical background in S. cerevisiae. Associated polymorphisms within the coding sequences of VRP1, KIC1, SBE22 and PDR5, and the 5′ upstream region of YGR146C indicate the importance of pseudohyphal formation, robust cell wall maintenance and cellular detoxification for S. cerevisiae pathogenesis, and constitute good candidates for follow-up verification of virulence and virulence-related factors underlying the pathogenicity of S. cerevisiae. © 2011 Blackwell Publishing Ltd."
92,10.1111/1755-0998.70182,Improving Malaria Parasite Gene Flow Inference Under Sparse Spatial Sampling,2026,Molecular Ecology Resources,"Li, Y.; Guo, B.; O'Connor, T.D.; Takala-Harrison, S.; Stewart, K.",scopus;wos,"Estimating malaria parasite migration is crucial for informing elimination strategies, particularly by identifying regions with higher parasite migration that may serve as transmission sources and intervention targets. Methods that infer spatial variations in gene flow from georeferenced genetic data, including Estimated Effective Migration Surfaces (EEMS) and related approaches such as estimating Migration And Population-size Surfaces (MAPS), have become widely used to visualize barriers and corridors of organism movement. However, when sampling locations are sparse or unevenly distributed, spatial gene-flow maps can contain artefacts that are difficult to interpret, and methods such as EEMS provide posterior probability summaries that indicate whether inferred migration rates are statistically supported by the genomic data. However, these summaries do not directly capture whether a spatially inferred feature, such as a migration barrier or corridor, lies in a region with sufficient sampling locations to be geographically reliable. A high posterior probability in a sparsely sampled region reflects model confidence given available data, not spatial sampling adequacy. In this study, we developed a sample location–aware (SLA) filtering workflow that applies topological skeletons and kernel density estimation to assess sample density for each contour and filter out areas with lower sample density. This workflow can be applied to any gene-flow inference approach that produces spatially explicit migration features (e.g., contours, surfaces, or high/low-migration regions) from genotype data and sample coordinates. Using simulated genomic data and different barrier configurations under systematic site subsampling scenarios, we show that posterior-only filtering can retain spurious barrier features, whereas SLA filtering consistently increases the precision of inferred low-migration regions across sample sites. In an empirical case study of Plasmodium falciparum from Cambodia, SLA filtering produced more stable estimates of parasite migration patterns under location subsampling than posterior probability filtering alone. These results demonstrate that incorporating an explicit measure of geographic sampling density around each inferred migration feature improves the reliability and interpretability of spatial gene-flow migration patterns for malaria parasites and provides a general diagnostic and filtering approach for a broad class of georeferenced population-genetic migration mapping methods. © 2026 The Author(s). Molecular Ecology Resources published by John Wiley & Sons Ltd."
93,10.1016/j.jaci.2013.03.007,"Childhood allergic rhinitis, traffic-related air pollution, and variability in the GSTP1, TNF, TLR2, and TLR4 genes: Results from the TAG Study",2013,Journal of Allergy and Clinical Immunology,"Fuertes, E.; Brauer, M.; MacIntyre, E.; Bauer, M.; Bellander, T.; Von Berg, A.; Berdel, D.; Brunekreef, B.; Chan-Yeung, M.; Gehring, U.; Herbarth, O.; Hoffmann, B.; Kerkhof, M.; Klümper, C.; Koletzko, S.; Kozyrskyj, A.; Kull, I.; Heinrich, J.; Melén, E.; Pershagen, G.; Postma, D.; Tiesler, C.M.T.; Carlsten, C.",scopus,"Background: Associations between traffic-related air pollution (TRAP) and allergic rhinitis remain inconsistent, possibly because of unexplored gene-environment interactions. Objective: In a pooled analysis of 6 birth cohorts (Ntotal = 15,299), we examined whether TRAP and genetic polymorphisms related to inflammation and oxidative stress predict allergic rhinitis and sensitization. Methods: Allergic rhinitis was defined with a doctor diagnosis or reported symptoms at age 7 or 8 years. Associations between nitrogen dioxide, particulate matter 2.5 (PM2.5) mass, PM 2.5 absorbance, and ozone, estimated for each child at the year of birth, and single nucleotide polymorphisms within the GSTP1, TNF, TLR2, or TLR4 genes with allergic rhinitis and aeroallergen sensitization were examined with logistic regression. Models were stratified by genotype and interaction terms tested for gene-environment associations. Results: Point estimates for associations between nitrogen dioxide, PM2.5 mass, and PM 2.5 absorbance with allergic rhinitis were elevated, but only that for PM2.5 mass was statistically significant (1.37 [1.01, 1.86] per 5 μg/m3). This result was not robust to single-cohort exclusions. Carriers of at least 1 minor rs1800629 (TNF) or rs1927911 (TLR4) allele were consistently at an increased risk of developing allergic rhinitis (1.19 [1.00, 1.41] and 1.24 [1.01, 1.53], respectively), regardless of TRAP exposure. No evidence of gene-environment interactions was observed. Conclusion: The generally null effect of TRAP on allergic rhinitis and aeroallergen sensitization was not modified by the studied variants in the GSTP1, TNF, TLR2, or TLR4 genes. Children carrying a minor rs1800629 (TNF) or rs1927911 (TLR4) allele may be at a higher risk of allergic rhinitis. © 2013 American Academy of Allergy, Asthma & Immunology."
94,10.1002/bimj.202000157,Gene–environment interaction identification via penalized robust divergence,2022,Biometrical Journal,"Ren, M.; Zhang, S.; Ma, S.; Zhang, Q.",scopus,"In high-throughput cancer studies, gene–environment interactions associated with outcomes have important implications. Some commonly adopted identification methods do not respect the “main effect, interaction” hierarchical structure. In addition, they can be challenged by data contamination and/or long-tailed distributions, which are not uncommon. In this article, robust methods based on (Formula presented.) -divergence and density power divergence are proposed to accommodate contaminated data/long-tailed distributions. A hierarchical sparse group penalty is adopted for regularized estimation and selection and can identify important gene–environment interactions and respect the “main effect, interaction” hierarchical structure. The proposed methods are implemented using an effective group coordinate descent algorithm. Simulation shows that when contamination occurs, the proposed methods can significantly outperform the existing alternatives with more accurate identification. The proposed approach is applied to the analysis of The Cancer Genome Atlas (TCGA) triple-negative breast cancer data and Gene Environment Association Studies (GENEVA) Type 2 Diabetes data. © 2021 Wiley-VCH GmbH"
95,10.1093/hr/uhad031,The genomic and epigenetic footprint of local adaptation to variable climates in kiwifruit,2023,Horticulture Research,"Zhang, X.; Guo, R.; Shen, R.; Landis, J.B.; Jiang, Q.; Liu, F.; Wang, H.; Yao, X.",scopus;wos,"A full understanding of adaptive genetic variation at the genomic level will help address questions of how organisms adapt to diverse climates. Actinidia eriantha is a shade-tolerant species, widely distributed in the southern tropical region of China, occurring in spatially heterogeneous environments. In the present study we combined population genomic, epigenomic, and environmental association analyses to infer population genetic structure and positive selection across a climatic gradient, and to assess genomic offset to climatic change for A. eriantha. The population structure is strongly shaped by geography and influenced by restricted gene flow resulting from isolation by distance due to habitat fragmentation. In total, we identified 102 outlier loci and annotated 455 candidate genes associated with the genomic basis of climate adaptation, which were enriched in functional categories related to development processes and stress response; both temperature and precipitation are important factors driving adaptive variation. In addition to single-nucleotide polymorphisms (SNPs), a total of 27 single-methylation variants (SMVs) had significant correlation with at least one of four climatic variables and 16 SMVs were located in or adjacent to genes, several of which were predicted to be involved in plant response to abiotic or biotic stress. Gradient forest analysis indicated that the central/east populations were predicted to be at higher risk of future population maladaptation under climate change. Our results demonstrate that local climate factors impose strong selection pressures and lead to local adaptation. Such information adds to our understanding of adaptive mechanisms to variable climates revealed by both population genome and epigenome analysis.  © 2023 The Author(s). Published by Oxford University Press on behalf of Nanjing Agricultural University."
96,10.1093/schbul/sbaa058,"Association between Childhood Green Space, Genetic Liability, and the Incidence of Schizophrenia",2020,Schizophrenia Bulletin,"Engemann, K.; Pedersen, C.B.; Agerbo, E.; Arge, L.; Børglum, A.D.; Erikstrup, C.; Hertel, O.; Hougaard, D.M.; McGrath, J.J.; Mors, O.; Mortensen, P.B.; Nordentoft, M.; Sabel, C.E.; Sigsgaard, T.; Tsirogiannis, C.; Vilhjálmsson, B.J.; Werge, T.; Svenning, J.-C.; Horsdal, H.T.",scopus,"Childhood exposure to green space has previously been associated with lower risk of developing schizophrenia later in life. It is unclear whether this association is mediated by genetic liability or whether the 2 risk factors work additively. Here, we investigate possible gene-environment associations with the hazard ratio (HR) of schizophrenia by combining (1) an estimate of childhood exposure to residential-level green space based on the normalized difference vegetation index (NDVI) from Landsat satellite images, with (2) genetic liability estimates based on polygenic risk scores for 19 746 genotyped individuals from the Danish iPSYCH sample. We used information from the Danish registers of health, residential address, and socioeconomic status to adjust HR estimates for established confounders, ie, parents' socioeconomic status, and family history of mental illness. The adjusted HRs show that growing up surrounded by the highest compared to the lowest decile of NDVI was associated with a 0.52-fold (95% confidence interval [CI]: 0.40 to 0.66) lower schizophrenia risk, and children with the highest polygenic risk score had a 1.24-fold (95% CI: 1.18 to 1.30) higher schizophrenia risk. We found that NDVI explained 1.45% (95% CI: 1.07 to 1.90) of the variance on the liability scale, while polygenic risk score for schizophrenia explained 1.01% (95% CI: 0.77 to 1.46). Together they explained 2.40% (95% CI: 1.99 to 3.07) with no indication of a gene-environment interaction (P =. 29). Our results suggest that risk of schizophrenia is associated additively with green space exposure and genetic liability, and provide no support for an environment-gene interaction between NDVI and schizophrenia.  © 2020 The Author(s) 2020. Published by Oxford University Press on behalf of the Maryland Psychiatric Research Center.All rights reserved. For permissions, please email: journals.permissions@oup.com."
97,10.1093/bioinformatics/bts606,A high-performance computing toolset for relatedness and principal component analysis of SNP data,2012,Bioinformatics,"Zheng, X.; Levine, D.; Shen, J.; Gogarten, S.M.; Laurie, C.; Weir, B.S.",scopus;wos,"Genome-wide association studies are widely used to investigate the genetic basis of diseases and traits, but they pose many computational challenges. We developed gdsfmt and SNPRelate (R packages for multi-core symmetric multiprocessing computer architectures) to accelerate two key computations on SNP data: principal component analysis (PCA) and relatedness analysis using identity-by-descent measures. The kernels of our algorithms are written in C/C++ and highly optimized. Benchmarks show the uniprocessor implementations of PCA and identity-by-descent are ∼8-50 times faster than the implementations provided in the popular EIGENSTRAT (v3.0) and PLINK (v1.07) programs, respectively, and can be sped up to 30-300-fold by using eight cores. SNPRelate can analyse tens of thousands of samples with millions of SNPs. For example, our package was used to perform PCA on 55 324 subjects from the 'Gene-Environment Association Studies' consortium studies.Availability and implementation: gdsfmt and SNPRelate are available from R CRAN (http://cran.r-project.org), including a vignette. A tutorial can be found at https://www.genevastudy.org/ Accomplishments/software. © 2012 The Author."
98,10.1111/evo.14023,Disease swamps molecular signatures of genetic-environmental associations to abiotic factors in Tasmanian devil (Sarcophilus harrisii) populations,2020,Evolution,"Fraik, A.K.; Margres, M.J.; Epstein, B.; Barbosa, S.; Jones, M.; Hendricks, S.; Schönfeld, B.; Stahlke, A.R.; Veillet, A.; Hamede, R.; McCallum, H.; Lopez-Contreras, E.; Kallinen, S.J.; Hohenlohe, P.A.; Kelley, J.L.; Storfer, A.",scopus;wos,"Landscape genomics studies focus on identifying candidate genes under selection via spatial variation in abiotic environmental variables, but rarely by biotic factors (i.e., disease). The Tasmanian devil (Sarcophilus harrisii) is found only on the environmentally heterogeneous island of Tasmania and is threatened with extinction by a transmissible cancer, devil facial tumor disease (DFTD). Devils persist in regions of long-term infection despite epidemiological model predictions of species’ extinction, suggesting possible adaptation to DFTD. Here, we test the extent to which spatial variation and genetic diversity are associated with the abiotic environment (i.e., climatic variables, elevation, vegetation cover) and/or DFTD. We employ genetic-environment association analyses using 6886 SNPs from 3287 individuals sampled pre- and post-disease arrival across the devil's geographic range. Pre-disease, we find significant correlations of allele frequencies with environmental variables, including 365 unique loci linked to 71 genes, suggesting local adaptation to abiotic environment. The majority of candidate loci detected pre-DFTD are not detected post-DFTD arrival. Several post-DFTD candidate loci are associated with disease prevalence and were in linkage disequilibrium with genes involved in tumor suppression and immune response. Loss of apparent signal of abiotic local adaptation post-disease suggests swamping by strong selection resulting from the rapid onset of DFTD. © 2020 The Authors. Evolution © 2020 The Society for the Study of Evolution."
99,10.3389/fevo.2023.1260857,"Geography, climate and shifts in host plants distribution explain the genomic variation in the cactus moth",2023,Frontiers in Ecology and Evolution,"Poveda-Martínez, D.; Noguerales, V.; Hight, S.D.; Logarzo, G.; Emerson, B.C.; Varone, L.; Hasson, E.",scopus;wos,"Landscape heterogeneity and the host plant use are factors suggested to play determinant roles in shaping the evolutionary history of herbivorous insects. However, the role of the reconfiguration of host plants distributions linked to Quaternary climate oscillations as drivers of contemporary population genetic structure is still poorly understood. Here, we formally examine the relative contribution of such factors on intraspecific diversification using the South American cactus moth, Cactoblastis cactorum, an herbivore insect specialized in the use of cacti as host plants. We assessed genomic variation using genome-wide SNPs and mitochondrial data in populations sampled across a broad geographical gradient where moths feed on different cactus species. We integrated demographic simulations and ecological niche modeling into a landscape genomics framework, to test alternative hypotheses of past and current population connectivity for both C. cactorum and its host plants. Regions exhibiting higher genomic diversity were evaluated for congruence with areas where suitable climatic conditions remained stable through time. Our results revealed that past spatial configuration of suitable habitat conditions and shifts of host plants distributions are the factors that better explain the intraspecific diversification. Genomic data also supported the hypothesis that areas of long-term habitat stability served as refugia for C. cactorum, enabling the maintenance of high levels of genetic diversity over time. Overall, our study highlights the importance of integrating inter-specific interactions and their spatio-temporal dynamics to better understand the relative importance of abiotic and biotic factors driving the diversification processes in herbivorous insects with broad geographical and restricted host ranges. Copyright © 2023 Poveda-Martínez, Noguerales, Hight, Logarzo, Emerson, Varone and Hasson."
100,10.1038/s41437-017-0044-z,Landscape genomics and pathway analysis to understand genetic adaptation of South African indigenous goat populations,2018,Heredity,"Mdladla, K.; Dzomba, E.F.; Muchadeyi, F.C.",scopus;wos,"In Africa, extensively raised livestock populations in most smallholder farming communities are exposed to harsh and heterogeneous climatic conditions and disease pathogens that they adapt to in order to survive. Majority of these livestock species, including goats, are of non-descript and uncharacterized breeds and their response to natural selection presented by heterogeneous environments is still unresolved. This study investigated genetic diversity and its association with environmental and geographic conditions in 194 South African indigenous goats from different geographic locations genotyped on the Illumina goat SNP50K panel. Population structure analysis revealed a homogeneous genetic cluster of the Tankwa goats, restricted to the Northern Cape province. Overall, the Boer, Kalahari Red, and Savanna showed a wide geographic spread of shared genetic components, whereas the village ecotypes revealed a longitudinal distribution. The relative importance of environmental factors on genetic variation of goat populations was assessed using redundancy analysis (RDA). Climatic and geographic variables explained 22% of the total variation while climatic variables alone accounted for 17% of the diversity. Geographic variables solitarily explained 1% of the total variation. The first axis (Model I) of the RDA analysis revealed 329 outlier SNPs. Landscape genomic approaches of spatial analysis method (SAM) identified a total of 843 (1.75%) SNPs, while latent factor mixed models (LFMM) identified 714 (1.48%) SNPs significantly associated with environmental variables. Significant markers were within genes involved in biological functions potentially important for environmental adaptation. Overall, the study suggested environmental factors to have some effect in shaping the genetic variation of South African indigenous goat populations. Loci observed to be significant and under selection may be responsible for the adaption of the goat populations to local production systems. © 2018 The Genetics Society."
101,10.1002/aps3.70064,Off-target metagenomics: Leveraging whole genome sequencing to study the bacteriome of the liverwort Calasterella californica,2026,Applications in Plant Sciences,"González-Ramírez, I.S.; Song, M.J.; Mehlferber, E.C.; Mishler, B.D.",scopus;wos,"Premise: The recovery of non-target organism reads, especially when whole organisms are sampled, constitutes a great opportunity for studying microbial communities. The increase in whole genome sequencing feasibility and the development of new marker-based pipelines enable the use of short reads to study bacterial communities associated with organisms. Methods: We utilized population genomic data of the liverwort Calasterella californica obtained through the California Conservation Genomics Project to characterize the composition of its associated bacterial communities and explore its variation across the geographic space. Results: The bacterial communities associated with C. californica were dominated by the methanotroph Methylobacterium and other Hyphomicrobiales, a group that includes well-known plant symbionts. While diversity metrics of bacteria composition were similar across localities, we found significant differences in the relative abundance of a few taxa across California regions, likely driven by differences in precipitation and temperature seasonality. Discussion: Our results support previous observations that liverwort bacterial communities are not randomly assembled, suggesting a potential role of the plant in determining community composition, an emerging pattern that deserves more attention. The novel off-target metagenomics approach can be applied to any population-level resequencing where whole organisms are sequenced, opening the door to exciting avenues of microbiome research using repurposed data from landscape genomics. © 2026 The Author(s). Applications in Plant Sciences published by Wiley Periodicals LLC on behalf of Botanical Society of America."
102,10.1016/j.scitotenv.2022.156863,Spatial pattern of functional genes abundance reveals the importance of PhoD gene harboring bacterial community for maintaining plant growth in the tropical forest of Southwestern China,2022,Science of the Total Environment,"Mishra, S.; Wang, W.; Xia, S.; Lin, L.; Yang, X.",scopus,"The concept of microbial functional genes has added a new dimension to microbial ecology research by improving the model of microbial community-ecosystem functions relationship. However, our knowledge vis-à-vis fine-scale spatial distribution pattern of functional genes and their probable impact on plant community in the hyper-diverse tropical forest ecosystem is very limited. Here, we investigated the spatial pattern of functional genes abundance (NirK, AOA, AOB, and PhoD), identified key influencing factors, and distinguished the key functional group supporting the plant community in a tropical rainforest located in Xishuangbanna. In total, 200 soil samples and vegetation data of ~4800 individuals of plants across a 1 ha study area were collected. Our results detected higher spatial variability with a maximum magnitude of abundance for PhoD gene (4.53 × 107 copies) followed by NirK (2.71 × 106 copies), AOA (1.97 × 106 copies), and AOB (7.38 × 104 copies). A strong spatial dependence was observed for PhoD and NirK over the distance of 17 and 18 m, respectively. Interestingly, the N:P stoichiometry played a critical role in structuring the spatial pattern of the most abundant PhoD gene. The significant positive and negative relationship of PhoD with N:P ratio and available phosphorus, respectively, indicated that the P-limiting environment was a driving factor for recruitment of PhoD gene community. The structural equation modeling ascertained the direct positive impact of PhoD on plant biomass and high demand of available P by plants suggesting that the organic phosphorus mineralization process is essential to maintain plant productivity by re-establishing the availability of the most limiting P nutrient. Our preliminary study improves our understanding of how microbial functional genes-environment associations could be used for monitoring soil health and its overall impact on ecosystem multifunctionality. Finally, we intend to conduct the study at a large spatial scale for achieving a holistic view. © 2022 Elsevier B.V."
103,10.1016/j.pt.2019.03.010,The Coevolution Effect as a Driver of Spillover,2019,Trends in Parasitology,"Zohdy, S.; Schwartz, T.S.; Oaks, J.R.",scopus,"Global habitat fragmentation is associated with the emergence of infectious diseases of wildlife origins in human populations. Despite this well-accepted narrative, the underlying mechanisms driving this association remain unclear. We introduce a nuanced hypothesis, the ‘coevolution effect’. The central concept is that the subdivision of host populations which occurs with habitat fragmentation causes localized coevolution of hosts, obligate parasites, and pathogens which act as ‘coevolutionary engines’ within each fragment, accelerating pathogen diversification, and increasing pathogen diversity across the landscape. When combined with a mechanism to exit a fragment (e.g., mosquitoes), pathogen variants will spill over into human communities. Through this combined ecoevolutionary approach we may be able to understand the fine-scale mechanisms that drive disease emergence in the Anthropocene. © 2019 Elsevier Ltd"
104,10.1111/1749-4877.70071,Genomic Investigations Unveil the Genetic Underpinnings of Environmental Adaptation in African Goat Populations,2026,Integrative Zoology,"Peng, W.; Wang, Y.; Zhang, Y.; Gao, L.; Wu, L.; Wang, S.; Gao, Y.; Shi, W.; Lu, K.; Deng, R.; Li, J.; Han, J.; Lu, X.; Liu, Y.; Tang, X.; Zhang, Y.; Li, G.; Huang, L.; Yang, M.; Li, X.",scopus;wos,"In the expansive African region, goats display a diverse array of breeds that have evolved over time to adapt to varying local climates and environments. This study involved the analysis of 1591 samples, including 63 domestic breeds and 164 individuals from wild related species, focusing on genetic diversity, population structure, gene flow, selective signals, and landscape genomics. Our findings revealed lower genetic diversity in wild related species, particularly in the mountain goat (Oreamnos americanus). Gene flow was observed between wild Yura goats and North African populations. Introgression analysis identified 34 adaptive genes from wild relatives, particularly those involved in immune response to environmental stress (RGS family). Selection signatures, based on FST, nucleotide diversity (π), and iHS methods, highlighted genes associated with lipid deposition (GSK3B), energy metabolism (HTR4), and response to cold climates (GLIS1). Landscape genomics further identified 23 climate-related genes, encoding integrin complex (ITGAM/ITGAX), sodium channel (SCN7A/SCN9A), and proton transporter (ATP6V0D1), which regulate cell adhesion, ion homeostasis, and pH balance to cope with pathogen pressure in sub-Saharan Africa, osmotic imbalance in arid environments, and heat stress in the East African plateau. This study provides the first systematic explanation of the multi-directional adaptation mechanisms of African goats to high temperature, drought, and pathogen infection. The adaptive gene modules, such as the ABCG1-AGTR1 metabolic axis, provide precise molecular targets for drought stress of livestock in arid regions, and provide a new paradigm for understanding the evolutionary logic of mammalian environmental adaptation. © 2026 The Author(s). Integrative Zoology published by International Society of Zoological Sciences, Institute of Zoology/Chinese Academy of Sciences and John Wiley & Sons Australia, Ltd."
105,10.1111/mec.16752,Genomic profiling of climate adaptation in Aedes aegypti along an altitudinal gradient in Nepal indicates nongradual expansion of the disease vector,2023,Molecular Ecology,"Kramer, I.M.; Pfenninger, M.; Feldmeyer, B.; Dhimal, M.; Gautam, I.; Shreshta, P.; Baral, S.; Phuyal, P.; Hartke, J.; Magdeburg, A.; Groneberg, D.A.; Ahrens, B.; Müller, R.; Waldvogel, A.-M.",scopus;wos,"Driven by globalization, urbanization and climate change, the distribution range of invasive vector species has expanded to previously colder ecoregions. To reduce health-threatening impacts on humans, insect vectors are extensively studied. Population genomics can reveal the genomic basis of adaptation and help to identify emerging trends of vector expansion. By applying whole genome analyses and genotype-environment associations to populations of the main dengue vector Aedes aegypti, sampled along an altitudinal gradient in Nepal (200–1300 m), we identify putatively adaptive traits and describe the species' genomic footprint of climate adaptation to colder ecoregions. We found two differentiated clusters with significantly different allele frequencies in genes associated to climate adaptation between the highland population (1300 m) and all other lowland populations (≤800 m). We revealed nonsynonymous mutations in 13 of the candidate genes associated to either altitude, precipitation or cold tolerance and identified an isolation-by-environment differentiation pattern. Other than the expected gradual differentiation along the altitudinal gradient, our results reveal a distinct genomic differentiation of the highland population. Local high-altitude adaptation could be one explanation of the population's phenotypic cold tolerance. Carrying alleles relevant for survival under colder climate increases the likelihood of this highland population to a worldwide expansion into other colder ecoregions. © 2022 The Authors. Molecular Ecology published by John Wiley & Sons Ltd."
106,10.1007/s11250-021-02837-6,Landscape genomics and selection signatures of local adaptation of Eritrean indigenous cattle along environmental gradients,2021,Tropical Animal Health and Production,"Goitom, S.; Gicheha, M.G.; Njonge, F.K.; Kiplangat, N.",scopus;wos,"Most parts of Eritrea are classified as arid and semi-arid land (ASALs) which are characterised by dryness, high ambient temperatures and low precipitation. The country has three different environmental landscapes: highland, Western lowland and Eastern lowland agro-ecological zones (AEZs). The geophysical and biophysical characteristics of the AEZs vary. Indigenous cattle which are mainly kept in extensive production system have to cope with the adverse climatic conditions of these AEZs. They have to adapt to the harsh climate, poor feed quality and endemic diseases and parasites and reproduction challenges in the AEZs. The underlying genetic basis of the indigenous cattle adaption to the specific AEZs in Eritrea is limited. In this study, it is hypothesized that the indigenous cattle have evolved and developed unique adaptive characteristics because of being reared in specific ecological landscapes. This was tested using the landscape genomics and analysis of selection signatures to ascertain the genetic basis of their adaptability to the nutritional and environmental constraints that characterise the AEZ conditions. The study was carried out in three different environmental landscapes: highland, Eastern lowland and Western lowland AEZs. Blood samples were collected from a total of 188 indigenous cattle populations sampled from the three AEZs. DNA was extracted and genotyped using the genotype by sequencing (GBS) method. Analysis revealed the existence of medium to high genetic diversity between and within the indigenous cattle populations. Scanning of selection signatures revealed genomic regions under positive selection. The regions harboured genes (IFNAR2, CASR, AHSG, ATP1B3, AIRE, ROBO2, SCHIP1 and PARS2) of importance for facial morphology, locomotion, mineral homeostasis, immune system and skeletal and muscle system development. Findings pointed out the influence of AEZ landscapes on the genetic differentiation of indigenous cattle appearances probably due to selection driven by diverse climatic and biophysical conditions. The differentiation is orientated towards adaptive characteristics. © 2021, The Author(s), under exclusive licence to Springer Nature B.V."
107,10.1007/s11676-026-02117-9,Genetic and genomic improvement of Quercusalba productivity and resilience: a synthesis of breeding systems in white oaks (Quercus sect. Quercus),2026,Journal of Forestry Research,"Dahal, R.P.; Ding, C.; Din, H.U.; DeWald, L.E.; Thomas, A.M.; Weng, Y.; Nelson, C.D.; Chen, H.",scopus;wos,"American white oak (Quercus alba L.) is a keystone hardwood species with substantial ecological, economic, and cultural value across eastern North American forests. However, its long generation time, delayed reproductive maturity, recalcitrant acorns, regeneration limitations, and complex genotype-by-environment interactions have slowed genetic improvement and climate-resilient deployment. This review synthesizes current knowledge on Q.alba genetics, genomics, quantitative breeding, and conservation, integrating direct evidence from Q. alba with comparative insights from other white oaks (Quercus sect. Quercus) and broader tree improvement systems. Available evidence indicates that white oaks maintain substantial standing genetic variation and geographically structured adaptive diversity, while growth, phenology, and related traits often show moderate genetic control. Nevertheless, polygenic trait architectures, environmental heterogeneity, rapid linkage disequilibrium decay, and limited species-specific validation constrain the direct operational use of genomic signals for selection and seed deployment. We propose an implementation-focused framework that combines range-wide germplasm sampling, multi-environment provenance and progeny trials, spatially adjusted mixed models, genomic prediction, genotype-environment association analyses, and climate-informed seed transfer strategies. Emerging resources, including haplotype-resolved genomes, structural-variant analysis, pangenomics, metabolomics, microbiome-informed phenotyping, and genome editing, may further support white oak improvement but require rigorous validation in Q.alba populations and field trials. We argue that genomic and biotechnological tools should complement, rather than replace, conventional quantitative breeding and long-term field evaluation. A coordinated breeding and restoration strategy that balances genetic gain, adaptive diversity, and climate resilience will be essential for sustaining the productivity, ecological function, and long-term persistence of Q.alba forests under future environmental change. © The Author(s) 2026."
108,10.1111/mec.17650,Seascape Genomics of Red Abalone: Limited Range-Wide Population Structure and Evidence for Local Adaptation,2025,Molecular Ecology,"Griffiths, J.S.; Smith, K.; Whitehead, A.",scopus;wos,"Characterising patterns of genetic diversity including evidence of local adaptation is relevant for predicting and managing species recovering from overexploitation in the face of climate change. Red abalone (Haliotis rufescens) is a species of conservation concern due to recent declines from overharvesting, disease and climate change, resulting in the closure of commercial and recreational fisheries. Using whole-genome resequencing data from 23 populations spanning their entire range (southern Oregon, USA, to Baja California, MEX) we investigated patterns of population connectivity and genotype-environment associations that would reveal local adaptation across the mosaic of coastal environments that define the California Current System (CCS). We discovered high genetic diversity that is shared within and among populations, suggesting high historical range-wide gene flow. We found little evidence for large selective sweeps between populations that occupy local habitats that vary by pH, strength of upwelling, chlorophyll, salinity and sea surface temperature. This is consistent with a broad range of species with similar life histories that show limited neutral or adaptive genetic variation across the same region and the same environments, suggesting that the mosaic of environmental variation across the CCS is insufficient to drive local adaptation in the face of high gene flow for some broad-cast spawning species. Given the high genetic connectivity across their range, state-mandated regulatory actions would be most effective if aligned across jurisdictional boundaries (i.e., Mexico, California and Oregon). © 2025 John Wiley & Sons Ltd."
109,10.1111/jse.12649,Plant adaptation to climate change—Where are we?,2020,Journal of Systematics and Evolution,"Anderson, J.T.; Song, B.-H.",scopus;wos,"Climate change poses critical challenges for population persistence in natural communities, for agriculture and environmental sustainability, and for food security. In this review, we discuss recent progress in climatic adaptation in plants. We evaluate whether climate change exerts novel selection and disrupts local adaptation, whether gene flow can facilitate adaptive responses to climate change, and whether adaptive phenotypic plasticity could sustain populations in the short term. Furthermore, we discuss how climate change influences species interactions. Through a more in-depth understanding of these eco-evolutionary dynamics, we will increase our capacity to predict the adaptive potential of plants under climate change. In addition, we review studies that dissect the genetic basis of plant adaptation to climate change. Finally, we highlight key research gaps, ranging from validating gene function to elucidating molecular mechanisms, expanding research systems from model species to other natural species, testing the fitness consequences of alleles in natural environments, and designing multifactorial studies that more closely reflect the complex and interactive effects of multiple climate change factors. By leveraging interdisciplinary tools (e.g., cutting-edge omics toolkits, novel ecological strategies, newly developed genome editing technology), researchers can more accurately predict the probability that species can persist through this rapid and intense period of environmental change, as well as cultivate crops to withstand climate change, and conserve biodiversity in natural systems. © 2020 Institute of Botany, Chinese Academy of Sciences"
110,10.1186/s12864-021-07682-3,Population transcriptomic sequencing reveals allopatric divergence and local adaptation in Pseudotaxus chienii (Taxaceae),2021,BMC Genomics,"Liu, L.; Wang, Z.; Su, Y.; Wang, T.",scopus;wos,"Background: Elucidating the effects of geography and selection on genetic variation is critical for understanding the relative importance of adaptation in driving differentiation and identifying the environmental factors underlying its occurrence. Adaptive genetic variation is common in tree species, especially widely distributed long-lived species. Pseudotaxus chienii can occupy diverse habitats with environmental heterogeneity and thus provides an ideal material for investigating the process of population adaptive evolution. Here, we characterize genetic and expression variation patterns and investigate adaptive genetic variation in P. chienii populations. Results: We generated population transcriptome data and identified 13,545 single nucleotide polymorphisms (SNPs) in 5037 unigenes across 108 individuals from 10 populations. We observed lower nucleotide diversity (π = 0.000701) among the 10 populations than observed in other gymnosperms. Significant negative correlations between expression diversity and nucleotide diversity in eight populations suggest that when the species adapts to the surrounding environment, gene expression and nucleotide diversity have a reciprocal relationship. Genetic structure analyses indicated that each distribution region contains a distinct genetic group, with high genetic differentiation among them due to geographical isolation and local adaptation. We used FST outlier, redundancy analysis, and latent factor mixed model methods to detect molecular signatures of local adaptation. We identified 244 associations between 164 outlier SNPs and 17 environmental variables. The mean temperature of the coldest quarter, soil Fe and Cu contents, precipitation of the driest month, and altitude were identified as the most important determinants of adaptive genetic variation. Most candidate unigenes with outlier signatures were related to abiotic and biotic stress responses, and the monoterpenoid biosynthesis and ubiquitin-mediated proteolysis KEGG pathways were significantly enriched in certain populations and deserve further attention in other long-lived trees. Conclusions: Despite the strong population structure in P. chienii, genomic data revealed signatures of divergent selection associated with environmental variables. Our research provides SNPs, candidate unigenes, and biological pathways related to environmental variables to facilitate elucidation of the genetic variation in P. chienii in relation to environmental adaptation. Our study provides a promising tool for population genomic analyses and insights into the molecular basis of local adaptation. © 2021, The Author(s)."
111,10.1016/j.ijpara.2017.07.010,Evolutionary epidemiology of schistosomiasis: linking parasite genetics with disease phenotype in humans,2018,International Journal for Parasitology,"Huyse, T.; Boon, N.A.M.; Van den Broeck, F.; Mbow, M.; Chaturvedi, A.; Meurs, L.; Volckaert, F.A.M.; Polman, K.",scopus;wos,"Here we assess the role of parasite genetic variation in host disease phenotype in human schistosomiasis by implementing concepts and techniques from environmental association analysis in evolutionary epidemiology. Schistosomiasis is a tropical disease that affects more than 200 million people worldwide and is caused by parasitic flatworms belonging to the genus Schistosoma. While the role of host genetics has been extensively studied and demonstrated, nothing is yet known on the contribution of parasite genetic variation to host disease phenotype in human schistosomiasis. In this study microsatellite genotypes of 1561 Schistosoma mansoni larvae collected from 44 human hosts in Senegal were linked to host characteristics such as age, gender, infection intensity, liver and bladder morbidity by means of multivariate regression methods (on each parasite locus separately). This revealed a highly significant association between allelic variation at the parasite locus L46951 and host infection intensity and bladder morbidity. Locus L46951 is located in the 3′ untranslated region of the cGMP-dependent protein kinase gene that is expressed in reproductive organs of adult schistosome worms and appears to be linked to egg production. This putative link between parasite genetic variation and schistosomiasis disease phenotype sets the stage for further functional research. © 2017 Australian Society for Parasitology"
112,10.1111/mec.17029,Putative adaptive loci show parallel clinal variation in a California-endemic wildflower,2023,Molecular Ecology,"Hernández, A.I.; Specht, C.D.",scopus;wos,"As the global climate crisis continues, predictions concerning how wild populations will respond to changing climate conditions are informed by an understanding of how populations have responded and/or adapted to climate variables in the past. Changes in the local biotic and abiotic environment can drive differences in phenology, physiology, morphology and demography between populations leading to local adaptation, yet the molecular basis of adaptive evolution in wild non-model organisms is poorly understood. We leverage comparisons between two lineages of Calochortus venustus occurring along parallel transects that allow us to identify loci under selection and measure clinal variation in allele frequencies as evidence of population-specific responses to selection along climatic gradients. We identify targets of selection by distinguishing loci that are outliers to population structure and by using genotype–environment associations across transects to detect loci under selection from each of nine climatic variables. Despite gene flow between individuals of different floral phenotypes and between populations, we find evidence of ecological specialization at the molecular level, including genes associated with key plant functions linked to plant adaptation to California's Mediterranean climate. Single-nucleotide polymorphisms (SNPs) present in both transects show similar trends in allelic similarity across latitudes indicating parallel adaptation to northern climates. Comparisons between eastern and western populations across latitudes indicate divergent genetic evolution between transects, suggesting local adaptation to either coastal or inland habitats. Our study is among the first to show repeated allelic variation across climatic clines in a non-model organism. © 2023 John Wiley & Sons Ltd."
113,10.1201/9781003689393-2,Progress and Strategies for Conservation and Utilisation of Coffea canephora Genetic Diversity for Variety Development,2026,Coffee Science and Biotechnology: Genomic Biochemical and Nanotechnological Perspectives,"Nakanwagi, M.J.; Wasswa, P.; Musoli, P.; Kiwuka, C.; Bebeli, P.J.; Kizito, E.B.; Sseremba, G.",scopus,"This chapter presents an integrated synthesis of the genetic diversity, conservation, and cultivation of Coffea canephora (Robusta coffee), with a particular emphasis on Uganda’s unique contributions to global coffee sustainability. It begins with an exploration of the taxonomy, origin, and evolutionary relationships within the genus Coffea, underscoring the importance of wild and underutilised species in climate resilience, including resistance to abiotic and biotic stressors. The geographic distribution and centres of diversity are contextualised through Africa’s biodiversity hotspots, with Uganda highlighted as a key reservoir for Robusta germplasm. The chapter traces historical developments in Uganda’s coffee sector, from colonial introductions and varietal selection to liberalisation and the rise of smallholder production. It critically examines the impacts of land tenure insecurity, ecological degradation, and shifting cultivation zones on production efficiency and biodiversity conservation. Studies on genetic structure spanning phenotypic characterisation, early isozyme analyses, microsatellite markers, and recent genome-wide approaches reveal regional adaptation patterns and the emergence of unique subgroups such as the Ugandan “Sub-group O.” A focus is placed on conservation strategies encompassing ex situ and in situ efforts, germplasm documentation, field collection constraints, and community-based stewardship. Methodological challenges related to germplasm sampling, hybridisation, and administrative procedures are dissected to clarify their implications for breeding and genetic representativeness. Modern tools such as landscape genomics, species distribution modelling, and predictive analytics are discussed in relation to resilience breeding and habitat planning. Drawing on global perspectives, the chapter emphasises the need for coordinated international networks, participatory breeding models, and technological innovations, including bioinformatics and Artificial Intelligence, to safeguard coffee’s genetic heritage. It concludes by identifying knowledge gaps in documentation, adaptive trait profiling, and farmer adoption, and offers strategic recommendations to strengthen Uganda’s coffee sector through inclusive, science-based interventions. Together, these insights contribute to the sustainable management of Coffea canephora under changing climatic and socio-economic conditions. Additionally, strengthening national germplasm repositories, enhancing farmers’ access to diverse planting materials, and integrating genetic conservation into agricultural development frameworks are critical steps toward preserving Uganda’s role as a global reference point for Robusta coffee diversity and innovation. © 2027 Erdi Can Aytar."
114,10.1093/ndt/gfw317,An investigation of APOL1 risk genotypes and preterm birth in African American population cohorts,2017,Nephrology Dialysis Transplantation,"Robertson, C.C.; Gillies, C.E.; Putler, R.K.B.; Ng, D.; Reidy, K.J.; Crawford, B.; Sampson, M.G.",scopus;wos,"Background. Two genetic variants in apolipoprotein L1 (APOL1) are associated with increased risk of focal segmental glomerulosclerosis as well as other glomerular phenotypes. These risk variants are common in individuals of African ancestry but absent in other racial groups. Yet, the majority of individuals with two APOL1 risk alleles [high-risk (HR) genotype] do not have renal disease. It is critical to identify environmental and secondary genetic influences that, when combined associated with prematurity in the general African American population. Methods. We analyzed two publically available genetic datasets of preterm birth in African Americans, including 867 infants and 519 mothers from the Gene Environment Association Studies (GENEVA) study of preterm delivery and 960 mothers from the BostonMedical Center genome-wide association study of preterm birth. We performed multivariable analyses testing for association between HR APOL1 and birth outcomes. Results. In both studies, there was no association between HR APOL1 in mothers and prematurity, gestational age or birthweight. Additionally, in the GENEVA study, we saw no association between infant HR APOL1 and prematurity, gestational age or birthweight. Conclusion. From these data, we conclude that the previously observed association between HR APOL1 and prematurity is specific to those with glomerular disease, suggesting prematurity may act as an additional risk factor in APOL1-associated renal disease. © The Author 2016."
115,10.4103/0971-6866.42321,Can novel Apo A-I polymorphisms be responsible for low HDL in South Asian immigrants?,2008,Indian Journal of Human Genetics,"Dodani, S.; Dong, Y.; Zhu, H.; George, V.",scopus,"Coronary artery disease (CAD) is the leading cause of death in the world. Even though its rates have decreased worldwide over the past 30 years, event rates are still high in South Asians. South Asians are known to have low high-density lipoprotein (HDL) levels. The objective of this study was to identify Apolipoprotein A-I (Apo A-I) polymorphisms, the main protein component of HDL and explore its association with low HDL levels in South Asians. A pilot study on 30 South Asians was conducted and 12-h fasting samples for C-reactive protein, total cholesterol, HDL, low-density lipoprotein (LDL), triglycerides, Lipoprotein (a), Insulin, glucose levels, DNA extraction, and sequencing of Apo A-I gene were done. DNA sequencing revealed six novel Apo A-I single nucleotide polymorphisms (SNPs) in South Asians, one of which (rs 35293760, C938T) was significantly associated with low (< 40 mg/dl) HDL levels (P = 0.004). The association was also seen with total cholesterol (P = 0.026) and LDL levels (P = 0.032). This pilot work has highlighted some of the gene-environment associations that could be responsible for low HDL and may be excess CAD in South Asians. Further larger studies are required to explore and uncover these associations that could be responsible for excess CAD risk in South Asians."
116,10.1002/ana.25727,"Correction to: Shared polygenic risk and causal inferences in amyotrophic lateral sclerosis (Annals of Neurology, (2019), 85, 4, (470-481), 10.1002/ana.25431)",2020,Annals of Neurology,,scopus,"Annals of Neurology reference number: ANA-18-1177. PMID: 30723964. Addition to the end of the Acknowledgements section of the paper. The dataset(s) used for the analyses described in this manuscript were obtained from the Age-Related Eye Disease Study (AREDS) Database found at https://www.nei.nih.gov/research/clinical-trials/age-related-eye-disease-study-areds through dbGaP accession number phs000001.v3.p1. Funding support for AREDS was provided by the National Eye Institute (N01-EY-0-2127). We would like to thank the AREDS participants and the AREDS Research Group for their valuable contribution to this research. The Framingham Heart Study is conducted and supported by the National Heart, Lung, and Blood Institute (NHLBI) in collaboration with Boston University (Contract No. N01-HC-25195 and HHSN268201500001I). This manuscript was not prepared in collaboration with investigators of the Framingham Heart Study and does not necessarily reflect the opinions or views of the Framingham Heart Study, Boston University, or NHLBI. Funding to support the Omni cohort recruitment, retention and examination was provided by NHLBI Contract N01-HC-25195 and HHSN268201500001I, as well as NHLBI grants R01-HL070100, R01-HL076784, R01-HL-49869, and U01-HL-053941.Research support to collect data and develop an application to support this project was provided by 3P50CA093459, 5P50CA097007, 5R01ES011740, and 5R01CA133996. The WHI program is funded by the National Heart, Lung, and Blood Institute, National Institutes of Health, U.S. Department of Health and Human Services through contracts HHSN268201600018C, HHSN268201600001C, HHSN268201600002C, HHSN268201600003C, and HHSN268201600004C. This manuscript was not prepared in collaboration with investigators of the WHI, has not been reviewed and/or approved by the Women's Health Initiative (WHI), and does not necessarily reflect the opinions of the WHI investigators or the NHLBI. Funding support for WHI GARNET was provided through the NHGRI Genomics and Randomized Trials Network (GARNET) (Grant Number U01 HG005152). Assistance with phenotype harmonization and genotype cleaning, as well as with general study coordination, was provided by the GARNET Coordinating Center (U01 HG005157). Assistance with data cleaning was provided by the National Center for Biotechnology Information. Funding support for genotyping, which was performed at the Broad Institute of MIT and Harvard, was provided by the NIH Genes, Environment and Health Initiative [GEI] (U01 HG004424). The datasets used for the analyses described in this manuscript were obtained from dbGaP at http://www.ncbi.nlm.nih.gov/sites/entrez?db=gap through dbGaP accession phs000196, phs000292 phs000372, phs000394, phs000397, phs000428, phs000615, phs000315 and phs000675. The authors acknowledge the contribution of data from Hepatitis C Pathogenesis and the Human Genome supported by 1X01HG005271–01 and R01DA013324 and accessed through dbGAP to the analysis presented in this publication. Funding support for the Genes and Blood Clotting Study was provided through the NIH/NHLBI (R37 HL039693). The Genes and Blood Clotting Study is one of the Phase 3 studies as part of the Gene Environment Association Studies (GENEVA) under GEI. Assistance with genotype cleaning was provided by the GENEVA Coordinating Center (U01 HG004446). Funding support for DNA extraction and genotyping, which was performed at the Broad Institute, was provided by NIH/NHLBI (R37 HL039693). Additional support was provided by the Howard Hughes Medical Institute. The dataset(s) used for the analyses described in this manuscript were obtained from the database of Genotype and Phenotype (dbGaP) found at http://www.ncbi.nlm.nih.gov/gap through dbGaP accession number phs000368. Samples and associated phenotype data for the Genome-Wide Association Scan [GWAS] of Polycystic Ovary Syndrome Phenotypes were provided by Andrea Dunaif, M.D. The authors acknowledge the contribution of data from Genetic Architecture of Smoking and Smoking Cessation accessed through dbGAP. Funding support for genotyping, which was performed at the Center for Inherited Disease Research (CIDR), was provided by 1 X01 HG005274-01. CIDR is fully funded through a federal contract from the National Institutes of Health to The Johns Hopkins University, contract number HHSN268200782096C. Assistance with genotype cleaning, as well as with general study coordination, was provided by the Gene Environment Association Studies (GENEVA) Coordinating Center (U01 HG004446). Funding support for collection of datasets and samples was provided by the Collaborative Genetic Study of Nicotine Dependence (COGEND; P01 CA089392) and the University of Wisconsin Transdisciplinary Tobacco Use Research Center (P50 DA019706, P50 CA084724). The dataset(s) used for the analyses described in this manuscript were obtained from the Genetics of Fuchs' Endothelial Corneal Dystrophy (FECD) Study through dbGaP accession number phs000421. The grants that have funded the enrollment of the cases and controls to be used in this GWAS are:R01EY016514 (DUEC, PI: Gordon Klintworth), R01EY016482 (CWRU, PI: Sudha Iyengar), and 1X01HG006619–01 (PI: Sudha Iyengar, Natalie Afshari). We would like to thank the FECD participants and the FECD Research Group for their valuable contribution to this research. The authors acknowledge the contribution of data from CIDR-NIDA Study of HIV Host Genetics accessed through dbGAP. Funding support for genotyping, which was performed at the Center for Inherited Disease Research (CIDR), was provided by 1 X01 HG005275-01A1. Funding support for collection of datasets and samples was provided by NIDA grants R01DA026141(Johnson); R01DA004212 (Watters); U01DA006908 (Watters); R01DA009532 (Bluthenthal); as well as the San Francisco Department of Public Health; SAMHSA; and HRSA. The Genome-Wide Association Study (GWAS) of Non-Hodgkin Lymphoma (NHL) project was supported by the intramural program of the Division of Cancer Epidemiology and Genetics (DCEG), National Cancer Institute (NCI), National Institutes of Health (NIH). The datasets have been accessed through the NIH database for Genotypes and Phenotypes (dbGaP) under accession # phs000801. A full list of acknowledgements can be found in the supplementary note (Berndt SI et al., Nature Genet., 2013, PMID: 23770605). This study made use of data generated by investigators in the BEACON consortium through a grant funded by the US National Institutes of Health (NIH) (RO1CA136725) to Thomas L. Vaughan and David C. Whiteman (multiple PIs). In support of this work, T.L.V. was also supported by NIH grant KO5CA124911 and D.C.W. by a Future Fellowship grant FT0990987 from the Australia Research Council. Additional collaborators, sources of support and origin of the data and biospecimens are listed in the following publication: Levine DM, Ek WE, Zhang R, Liu X, Onstad L, Sather C, et al. A genome-wide association study identifies new susceptibility loci for esophageal adenocarcinoma and Barrett's esophagus. Nat Genet. 2013 Dec;45(12):1487–93. © 2020 American Neurological Association"
117,10.1016/j.mce.2021.111491,Thyroid cancer under the scope of emerging technologies,2022,Molecular and Cellular Endocrinology,"Tarabichi, M.; Demetter, P.; Craciun, L.; Maenhaut, C.; Detours, V.",scopus,"The vast majority of thyroid cancers originate from follicular cells. We outline outstanding issues at each step along the path of cancer patient care, from prevention to post-treatment follow-up and highlight how emerging technologies will help address them in the coming years. Three directions will dominate the coming technological landscape. Genomics will reveal tumoral evolutionary history and shed light on how these cancers arise from the normal epithelium and the genomics alteration driving their progression. Transcriptomics will gain cellular and spatial resolution providing a full account of intra-tumor heterogeneity and opening a window on the microenvironment supporting thyroid tumor growth. Artificial intelligence will set morphological analysis on an objective quantitative ground laying the foundations of a systematic thyroid tumor classification system. It will also integrate into unified representations the molecular and morphological perspectives on thyroid cancer. © 2021 Elsevier B.V."
118,10.1016/j.pt.2016.10.008,Prediction and Prevention of Parasitic Diseases Using a Landscape Genomics Framework,2017,Trends in Parasitology,"Schwabl, P.; Llewellyn, M.S.; Landguth, E.L.; Andersson, B.; Kitron, U.; Costales, J.A.; Ocaña, S.; Grijalva, M.J.",scopus;wos,"Substantial heterogeneity exists in the dispersal, distribution and transmission of parasitic species. Understanding and predicting how such features are governed by the ecological variation of landscape they inhabit is the central goal of spatial epidemiology. Genetic data can further inform functional connectivity among parasite, host and vector populations in a landscape. Gene flow correlates with the spread of epidemiologically relevant phenotypes among parasite and vector populations (e.g., virulence, drug and pesticide resistance), as well as invasion and re-invasion risk where parasite transmission is absent due to current or past intervention measures. However, the formal integration of spatial and genetic data (‘landscape genetics’) is scarcely ever applied to parasites. Here, we discuss the specific challenges and practical prospects for the use of landscape genetics and genomics to understand the biology and control of parasitic disease and present a practical framework for doing so. © 2016 Elsevier Ltd"
119,10.1111/mec.16715,Evaluating the persistence and utility of five wild Vitis species in the context of climate change,2022,Molecular Ecology,"Aguirre-Liguori, J.A.; Morales-Cruz, A.; Gaut, B.S.",scopus;wos,"Crop wild relatives (CWRs) have the capacity to contribute novel traits to agriculture. Given climate change, these contributions may be especially vital for the persistence of perennial crops, because perennials are often clonally propagated and consequently do not evolve rapidly. By studying the landscape genomics of samples from five Vitis CWRs (V. arizonica, V. mustangensis, V. riparia, V. berlandieri and V. girdiana) in the context of projected climate change, we addressed two goals. The first was to assess the relative potential of different CWR accessions to persist in the face of climate change. By integrating species distribution models with adaptive genetic variation, additional genetic features such as genomic load and a phenotype (resistance to Pierce's Disease), we predicted that accessions from one species (V. mustangensis) are particularly well-suited to persist in future climates. The second goal was to identify which CWR accessions may contribute to bioclimatic adaptation for grapevine (V. vinifera) cultivation. To do so, we evaluated whether CWR accessions have the allelic capacity to persist if moved to locations where grapevines are cultivated in the United States. We identified six candidates from V. mustangensis and hypothesized that they may prove useful for contributing alleles that can mitigate climate impacts on viticulture. By identifying candidate germplasm, this study takes a conceptual step toward assessing the genomic and bioclimatic characteristics of CWRs. © 2022 The Authors. Molecular Ecology published by John Wiley & Sons Ltd."
120,10.1007/s10653-025-02641-3,"Microbial dynamics and ecological risk assessment of water reservoirs in agricultural areas of Daqing, China",2025,Environmental Geochemistry and Health,"Wang, R.; Yang, S.; Zhao, W.",scopus,"Agricultural surface water pollution in farmland cultivation areas poses significant risks to water safety in reservoirs and threatens both environmental and human health. This study aims to evaluate the water quality and ecological risks in surface water reservoirs in Daqing City, Heilongjiang Province, China, by assessing the relationships between nutrient concentrations (e.g., total phosphorus (TP), total nitrogen (TN)) and microbial community diversity. We hypothesize that elevated nutrient levels (TP and TN) drive microbial community shifts and increase ecological risk in agricultural reservoirs. Water quality was assessed using the Trophic Level Index (TLI), Water Quality Index (WQI), and Integrated Water Quality Index (IWQI). The diversity of aquatic microbial communities was analyzed through 18S rRNA gene sequencing, and organic phosphorus levels were quantified by gas chromatography (GC). Results showed that total phosphorus (TP) concentrations exceeded standards, while total nitrogen (TN) approached eutrophication thresholds. Microbial analysis revealed 1887 operational taxonomic units (OTUs) and 367 genera, with species diversity higher in sediment than in water. Environmental factors influencing water samples were ranked as TP > TN > nitrate nitrogen (NO3-N) > chemical oxygen demand (CODcr) > dissolved oxygen (DO), while sediment samples were mainly influenced by TP > CODcr > DO > TN > NH3-N. Gas chromatography detected Ethoprophos (0.018 µg/L) and Merphos (0.046 µg/L) in a sediment sample from Dongcheng Reservoir. Ecological structure–activity relationships (ECOSAR) analysis and Risk Quotient (RQ) analyses indicated that the concentrations of both chemicals were below the half-maximal lethal concentration (LC50) toxicity limits for aquatic organisms, with low acute toxicity and minimal chronic toxicity. These findings support the hypothesis that nutrient concentrations are linked to microbial diversity and ecological risks. The study provides insights into the critical water quality challenges faced by agricultural water reservoirs and offers a basis for developing monitoring indicators and protection measures to improve water safety and support ecological health in these reservoirs. © The Author(s), under exclusive licence to Springer Nature B.V. 2025."
121,10.1111/mec.15753,"Type and intensity of surrounding human land use, not local environment, shape genetic structure of a native grassland plant",2021,Molecular Ecology,"Emel, S.L.; Wang, S.; Metz, R.P.; Spigler, R.B.",scopus;wos,"Landscape heterogeneity can shape genetic structure and functional connectivity of populations. When this heterogeneity imposes variable costs of moving across the landscape, populations can be structured according to a pattern of “isolation by resistance” (IBR). At the same time, divergent local environmental filters can limit gene flow, creating an alternative pattern of “isolation by environment” (IBE). Here, we evaluate IBR and IBE in the insect-pollinated, biennial plant Sabatia angularis (L.) Pursh (Gentianaceae) across serpentine grasslands in the fragmented landscape of SE Pennsylvania, USA using ~4500 neutral SNP loci. Specifically, we test the extent to which radical alteration of the landscape matrix by humans has fundamentally altered the cost of movement, imprinting a pattern of IBR dictated by land use type and intensity, and the potential for IBE in relation to a gradient of heavy metal concentrations found in serpentine soil. We reveal a strong signal of IBR and a weak signal of IBE across sites, indicating the greater importance of the landscape matrix in shaping genetic structure of S. angularis populations in the study region. Based on Circuitscape and least cost path approaches, we find that both low- and high-intensity urbanization resist gene flow by orders of magnitude greater than “natural” habitats, although resistance to low-intensity urbanization weakens at larger spatial scales. While cropland presents a substantially lower barrier than urban development, cumulative human land use surrounding populations predicts within-population genetic diversity and inbreeding in S. angularis. Our results emphasize the role of forest buffers and corridors in facilitating gene flow between serpentine grassland patches and averting local extinction of plant populations. © 2020 John Wiley & Sons Ltd"
122,10.1016/j.mam.2023.101213,"Gene-environment interactions that influence CVD, lipid traits, obesity, diabetes, and hypertension appear to be able to influence gene therapy",2023,Molecular Aspects of Medicine,"Dowaidar, M.",scopus;wos,"Most mind boggling diseases are accepted to be impacted by both genetic and environmental elements. As of late, there has been a flood in the improvement of different methodologies, concentrate on plans, and measurable and logical techniques to examine gene-environment cooperations (G × Es) in enormous scope studies including human populaces. The many-sided exchange between genetic elements and environmental openings has long charmed the consideration of clinicians and researchers looking to grasp the complicated starting points of diseases. While single variables can add to disease, the blend of genetic variations and environmental openings frequently decides disease risk. The fundamental point of this paper is to talk about the Gene-Environment Associations That Impact CVD, Lipid Characteristics, Obesity, Diabetes, and Hypertension Have all the earmarks of being Ready to Impact Gene Therapy. This survey paper investigates the meaning of gene-environment collaborations (G × E) in disease advancement. The intricacy of genetic and environmental communications in disease causation is explained, underlining the multifactorial idea of many circumstances. The job of gene-environment cooperations in cardiovascular disease, lipid digestion, diabetes, obesity, and hypertension is investigated. This audit fixates on Gene by Environment (G × E) collaborations, investigating their importance in disease etiology. © 2023 Elsevier Ltd"
123,10.3390/ijpb16030109,Biotechnological and Genomic Applications in the Conservation of Native Blueberries in Natural Habitats,2025,International Journal of Plant Biology,"Arista-Fernández, H.S.; Hernández-Amasifuen, A.D.; Pineda-Lázaro, A.J.; Guerrero-Abad, J.C.",scopus,"The conservation of native blueberries (Vaccinium spp.) from Andean and Amazonian ecosystems faces challenges from climate change, habitat fragmentation, and land use. In this context, this review article provides a comprehensive analysis of the most relevant biotechnological and genomic tools applied to the preservation of these plant genetic resources, as well as their characterization. Among the biotechnological strategies, in vitro micropropagation delivers clonal pathogen-free valuable plants, while cryopreservation offers a viable option for a long-term germplasm storage. We also summarize its protocols focus on high regeneration rates and reproducibility. In the genomic field, we show advances in the use of molecular markers (such as SNPs, SSRs, and RAPDs), DNA barcoding and next-generation sequencing that leads genetic diversity assessment and identification of species. Finally, future perspectives in native blueberry conservation are discussed that allow the integration of emerging technologies such as landscape genomics, environmental transcriptomics, and the use of artificial intelligence tools. Integrating these approaches with the active participation of local communities can substantially strengthen the sustainable conservation of native blueberries in their natural habitats. © 2025 by the authors."
124,10.1086/738889,Identifying Areas of Potential Risk Based on Future Genetic Adaptability in Three Arctic Whale Species,2026,American Naturalist,"de Greef, E.; Müller, C.; Snead, A.A.; Rivkin, L.R.; Ferguson, S.H.; Watt, C.A.; Marcoux, M.; Petersen, S.D.; Garroway, C.J.",scopus;wos,"Assessments of adaptive genetic diversity across multiple species are necessary for improving the efficacy of regional management in the context of climate change. Rapid loss of sea ice and rising water temperatures in the Arctic Ocean threaten marine species survival. Beluga whales (Delphinapterus leucas), narwhals (Monodon monoceros), and bowhead whales (Balaena mysticetus) are endemic Arctic whales adapted to cold-water conditions that depend on sea ice for foraging and protection from predators. We forecasted the degree of genetic mismatch these species may experience under future climate change scenarios by the next century using Canadian Arctic genomic samples in genotype-environment association models. When examining local adaptation to different environmental variables, we found that ice thickness was the strongest environmental predictor for bowhead whales, while temperature and chlorophyll concentration, an indicator of primary productivity, carried greater weight for beluga whales and narwhals. Notably, a higher degree of genetic mismatch for all three species was observed in the Canadian High Arctic and Hudson Bay, suggesting that whales in these areas may exhibit the greatest maladaptive risk to climate change. This multispecies assessment of Arctic-adapted whales provides insight into the spatial congruence between three genomic datasets and context for designing ecosystem-wide evolutionarily enlightened conservation strategies. © 2026 The University of Chicago. All rights reserved, including rights for text and data mining and training of artificial intelligence technologies or similar technologies. Published by The University of Chicago Press for The American Society of Naturalists."
125,10.1111/ppa.70144,Exotic Genetic Lineages Rapidly Replace Established Exserohilum turcicum Populations in the Swiss Rhine Valley,2026,Plant Pathology,"Vidal-Villarejo, M.; Hammerschmidt, M.; Oppliger, B.; Oppliger, H.; Schmid, K.",scopus;wos,"Climate change and modern agricultural practices contribute to the global spread of plant pathogens, with severe consequences for local crop production. The fungal maize pathogen Exserohilum turcicum causes northern corn leaf blight (NCLB) and was introduced to Europe in the late 19th century, rapidly expanding thereafter. It now persists in four major clonal lineages and multiple physiological races, defined by their interactions with maize disease resistance genes. In a metagenomic survey of natural infections on the susceptible landrace Rheintaler Ribelmais in the Swiss Rhine Valley during 2016 and 2017, we found that one clonal lineage, the ‘Small clonal’ cluster, was dominant. We repeated the surveys in subsequent years and applied a novel pooling strategy by combining 10 infected leaves per sampling location to facilitate large-scale sampling. This approach increased sample throughput while reducing sequencing costs. The new survey in 2021 and 2022 revealed a temporal shift in population structure: exotic genetic lineages from the tropical ‘Kenyan’ cluster have become predominant, suggesting a recent introduction and establishment of genetically diverse, tropical E. turcicum lineages into a temperate agricultural system. We also found that the microbial community composition of infected leaves varied across years but remained largely consistent between maize variety types (landrace vs. hybrid). Overall, metagenomic pool sequencing of infected leaves proves to be a cost-effective, spatially resolved method for pathogen monitoring and provides insights into the evolving epidemiology of E. turcicum, with implications for developing durable resistance in maize breeding. © 2026 The Author(s). Plant Pathology published by John Wiley & Sons Ltd on behalf of British Society for Plant Pathology."
126,10.3390/f9110695,Analysis of environment-marker associations in American Chestnut,2018,Forests,"Müller, M.; Nelson, C.D.; Gailing, O.",scopus;wos,"American chestnut (Castanea dentata Borkh.) was a dominant tree species in its native range in eastern North America until the accidentally introduced fungus Cryphonectria parasitica (Murr.) Barr, that causes chestnut blight, led to a collapse of the species. Different approaches (e.g., genetic engineering or conventional breeding) are being used to fight against chestnut blight and to reintroduce the species with resistant planting stock. Because of large climatic differences within the distribution area of American chestnut, successful reintroduction of the species requires knowledge and consideration of local adaptation to the prevailing environmental conditions. Previous studies revealed clear patterns of genetic diversity along the northeast-southwest axis of the Appalachian Mountains, but less is known about the distribution of potentially adaptive genetic variation within the distribution area of this species. In this study, we investigated neutral and potentially adaptive genetic variation in nine American chestnut populations collected from sites with different environmental conditions. In total, 272 individuals were genotyped with 24 microsatellite (i.e., simple sequence repeat (SSR)) markers (seven genomic SSRs and 17 EST-SSRs). An FST-outlier analysis revealed five outlier loci. The same loci, as well as five additional ones, were significantly associated with environmental variables of the population sites in an environmental association analysis. Four of these loci are of particular interest, since they were significant in both methods, and they were associated with environmental variation, but not with geographic variation. Hence, these loci might be involved in (temperature-related) adaptive processes in American chestnut. This work aims to help understanding the genetic basis of adaptation in C. dentata, and therefore the selection of suitable provenances for further breeding efforts. © 2018 by the authors."
127,10.3389/fgene.2018.00385,Combining landscape genomics and ecological modelling to investigate local adaptation of indigenous ugandan cattle to East Coast fever,2018,Frontiers in Genetics,"Vajana, E.; Barbato, M.; Colli, L.; Milanesi, M.; Rochat, E.; Fabrizi, E.; Mukasa, C.; Del Corvo, M.; Masembe, C.; Muwanika, V.B.; Kabi, F.; Sonstegard, T.S.; Huson, H.J.; Negrini, R.; Joost, S.; Ajmone-Marsan, P.",scopus;wos,"East Coast fever (ECF) is a fatal sickness affecting cattle populations of eastern, central, and southern Africa. The disease is transmitted by the tick Rhipicephalus appendiculatus, and caused by the protozoan Theileria parva parva, which invades host lymphocytes and promotes their clonal expansion. Importantly, indigenous cattle show tolerance to infection in ECF-endemically stable areas. Here, the putative genetic bases underlying ECF-tolerance were investigated using molecular data and epidemiological information from 823 indigenous cattle from Uganda. Vector distribution and host infection risk were estimated over the study area and subsequently tested as triggers of local adaptation by means of landscape genomics analysis. We identified 41 and seven candidate adaptive loci for tick resistance and infection tolerance, respectively. Among the genes associated with the candidate adaptive loci are PRKG1 and SLA2. PRKG1 was already described as associated with tick resistance in indigenous South African cattle, due to its role into inflammatory response. SLA2 is part of the regulatory pathways involved into lymphocytes' proliferation. Additionally, local ancestry analysis suggested the zebuine origin of the genomic region candidate for tick resistance. © 2018 Vajana, Barbato, Colli, Milanesi, Rochat, Fabrizi, Mukasa, Del Corvo, Masembe, Muwanika, Kabi, Sonstegard, Huson, Negrini, The NextGen Consortium, Joost and Ajmone-Marsan."
128,10.3121/cmr.2010.894,A pilot study of gene/gene and gene/environment interactions in Alzheimer disease,2011,Clinical Medicine and Research,"Ghebranious, N.; Mukesh, B.; Giampietro, P.F.; Glurich, I.; Mickel, S.F.; Waring, S.C.; McCarty, C.A.",scopus,"Background: Although some genes associated with increased risk of Alzheimer Disease (AD) have been identified, few data exist related to gene/gene and gene/environment risk of AD. The purpose of this pilot study was to explore gene/gene and gene/environment associations in AD and to obtain data for sample size estimates for larger, more definitive studies of AD. Methods: The effect of gene/gene and gene/environment interaction related to late onset Alzheimer Disease (LOAD) was investigated in 153 subjects with LOAD and 302 gender matched controls enrolled in the Personalized Medicine Research Project, a population-based bio-repository. Genetic risk factors examined included APOE, ACE, OLR1, and CYP46 genes, and environmental factors included smoking, total cholesterol, LDL, HDL, triglycerides, C-reactive protein, blood pressure, statin use, and body mass index. Results: The mean age of the cases was 78.2 years and the mean age of the controls was 87.2 years. APOE4 was significantly associated with LOAD (OR=3.55, 95%CL=1.70, 7.45). Cases were significantly more likely to have ever smoked cigarettes during their life (49.3% versus 38.4%, p=0.03). The highest recorded blood pressure and pulse pressure measurements were significantly higher in the controls than the cases (all P<0.005). Although not statistically significant in this pilot study, the relationship of the following factors was associated in opposite directions with LOAD based on the presence of an APOE4 allele: obesity at the age of 50, ACE, OLR1, and CYP46. Conclusions: These pilot data suggest that gene/gene and gene/environment interactions may be important in LOAD, with APOE, a known risk factor for LOAD, affecting the relationship of ACE and OLR1 to LOAD. Replication with a larger sample size and in other racial/ethnic groups is warranted and the allele and risk factor frequencies will assist in choosing an appropriate sample size for a definitive study. © 2011 Marshfield Clinic."
129,10.1093/carcin/bgl159,Multi-factor dimensionality reduction applied to a large prospective investigation on gene-gene and gene-environment interactions,2007,Carcinogenesis,"Manuguerra, M.; Matullo, G.; Veglia, F.; Autrup, H.; Dunning, A.M.; Garte, S.; Gormally, E.; Malaveille, C.; Guarrera, S.; Polidoro, S.; Saletta, F.; Peluso, M.; Airoldi, L.; Overvad, K.; Raaschou-Nielsen, O.; Clavel-Chapelon, F.; Linseisen, J.; Boeing, H.; Trichopoulos, D.; Kalandidi, A.; Palli, D.; Krogh, V.; Tumino, R.; Panico, S.; Bueno-De-Mesquita, H.B.; Peeters, P.H.; Lund, E.; Pera, G.; Martinez, C.; Amiano, P.; Barricarte, A.; Tormo, M.J.; Quiros, J.R.; Berglund, G.; Janzon, L.; Jarvholm, B.; Day, N.E.; Allen, N.E.; Saracci, R.; Kaaks, R.; Ferrari, P.; Riboli, E.; Vineis, P.",scopus;wos,"It is becoming increasingly evident that single-locus effects cannot explain complex multifactorial human diseases like cancer. We applied the multi-factor dimensionality reduction (MDR) method to a large cohort study on gene-environment and gene-gene interactions. The study (case-control nested in the EPIC cohort) was established to investigate molecular changes and genetic susceptibility in relation to air pollution and environmental tobacco smoke (ETS) in non-smokers. We have analyzed 757 controls and 409 cases with bladder cancer (n = 124), lung cancer (n = 116) and myeloid leukemia (n = 169). Thirty-six gene variants (DNA repair and metabolic genes) and three environmental exposure variables (measures of air pollution and ETS at home and at work) were analyzed. Interactions were assessed by prediction error percentage and cross-validation consistency (CVC) frequency. For lung cancer, the best model was given by a significant gene-environment association between the base excision repair (BER) XRCC1-Arg399Gln polymorphism, the double-strand break repair (DSBR) BRCA2-Asn372His polymorphism and the exposure variable 'distance from heavy traffic road', an indirect and robust indicator of air pollution (mean prediction error of 26%, P < 0.001, mean CVC of 6.60, P = 0.02). For bladder cancer, we found a significant 4-loci association between the BER APE1-Asp148Glu polymorphism, the DSBR RAD52-3′-untranslated region (3′-UTR) polymorphism and the metabolic gene polymorphisms COMT-Val158Met and MTHFR-677C > T (mean prediction error of 22%, P < 0.001, mean CVC consistency of 7.40, P < 0.037). For leukemia, a 3-loci model including RAD52-2259C > T, MnSOD-Ala9Val and CYP1A1-Ile462Val had a minimum prediction error of 31% (P < 0.001) and a maximum CVC of 4.40 (P = 0.086). The MDR method seems promising, because it provides a limited number of statistically stable interactions; however, the biological interpretation remains to be understood. © 2007 Oxford University Press."
130,10.1053/j.semperi.2015.09.006,Genes and environment in neonatal intraventricular hemorrhage,2015,Seminars in Perinatology,"Ment, L.R.; Ådén, U.; Bauer, C.R.; Bada, H.S.; Carlo, W.A.; Kaiser, J.R.; Lin, A.; Cotten, C.M.; Murray, J.; Page, G.; Hallman, M.; Lifton, R.P.; Zhang, H.; Bryant, C.; Cassady, C.; Garcia, C.; Johnson, Y.R.; Karpen, H.E.; Munden, M.M.; Shores, G.; Cassese, J.; Hensman, A.M.; Vieira, E.; Vohr, B.; Wallach, M.; Cummings, J.J.; MacGilvray, S.S.; Moseley, S.; Trapanotto, V.; Poindexter, B.; Wilson, L.D.; Wright-Coltart, S.; Bartocci, M.; Printz, G.; Hopper, A.; Smith, L.; Wood, B.P.; Young, L.; Allan, W.C.; Alfsson, J.; Sävman, K.; Royal, S.A.; Young, D.W.; Cosby, S.; Helms, C.; Angtuaco, T.; Carol Sikes, N.; Mason, M.J.; Whit Hall, R.; Challa, H.R.; Grider, D.; Kriss, V.; Whitehead, V.; Abdenour, G.; Bauer, C.; Danton, G.; Montesinos, D.; Gaurav, S.; Philias, W.; Teomete, U.; Barks, J.; Christensen, M.; Sanchez, R.; Sieg, M.; Wiggins, S.; Fuller, J.; Hartenberger, C.; Montman, R.; Williams, J.B.; Williamson, S.; Bose, C.; Clark, C.L.; Laughon, M.; Abbasi, S.; Cook, N.M.; Mancini, T.; Chaudhary, A.; DeMauro, C.; Schmidt, B.; Dean, E.; Eyal, F.; Maertens, P.; Boulden, T.F.; Cohen, H.L.; Dempsey, S.; LeNoue, P.; Pourcyrous, M.; Bird, K.; Faix, R.G.; Hedlund, G.; Moore, K.; Osborne, K.; Weaver-Lewis, K.; Yoder, B.A.; Mayock, D.E.; Dighe, M.; Brown, P.L.; Michael O'Shea, T.; Peters, N.; Inder, T.; Lukas, K.; Mathur, A.; McKinstry, R.; Shimony, J.; Joshi, A.; Ann Nelson, J.; Shankaran, S.; Woldt, E.H.; Baker, K.; Bizzarro, M.J.; Choi, M.; Ehrenkranz, R.; Farhi, A.; Goodman, T.R.; Katz, K.; Konstantino, M.; Liu, Z.; Maller-Kesselman, J.; Nelson-Williams, C.; Min, X.; Walsh, M.C.; Fanaroff, A.A.; Newman, N.S.; Siner, B.S.; Schibler, K.; Donovan, E.F.; Narendran, V.; Alexander, B.; Grisby, C.; Hessling, J.; Mersmann, M.W.; Mincey, H.L.; Goldberg, R.N.; Auten, K.J.; Stoll, B.J.; Hale, E.C.; Higgins, R.D.; Wright, L.L.; Yaffe, S.J.; McClure, E.M.; Archer, S.W.; Das, A.; McDonald, S.A.; Poole, W.K.; Hastings, B.K.; O'Donnell Auman, J.; Zaterka-Baxter, K.M.; Van Meurs, K.P.; Stevenson, D.K.; Ball, M.B.; Ambalavanan, N.; Collins, M.V.; Finer, N.N.; Rasmussen, M.R.; Kaegi, D.; Arnell, K.; Demetrio, C.; Rich, W.; Bell, E.F.; Johnson, K.J.; Duara, S.; Everett-Thomas, R.; Korones, S.B.; Hudson, T.; Sánchez, P.J.; Laptook, A.R.; Salhab, W.A.; Madison, S.; Miller, N.A.; Hensley, G.; Guzman, A.; Kennedy, K.A.; Tyson, J.E.; Akpa, E.G.; Cluff, P.A.; Franco, C.I.; Lis, A.E.; McDavid, G.E.; Tate, P.P.; Sood, B.G.; Ganesh Konduri, G.; Bara, R.; Muran, G.; Jobe, A.H.",scopus,"Emerging data suggest intraventricular hemorrhage (IVH) of the preterm neonate is a complex disorder with contributions from both the environment and the genome. Environmental analyses suggest factors mediating both cerebral blood flow and angiogenesis contribute to IVH, while candidate gene studies report variants in angiogenesis, inflammation, and vascular pathways. Gene-by-environment interactions demonstrate the interaction between the environment and the genome, and a non-replicated genome-wide association study suggests that both environmental and genetic factors contribute to the risk for severe IVH in very low-birth weight preterm neonates. © 2015 Elsevier Inc."
131,10.1111/tpj.17067,Allelic variants confer Arabidopsis adaptation to small regional environmental differences,2024,Plant Journal,"Wijfjes, R.Y.; Boesten, R.; Becker, F.F.M.; Theeuwen, T.P.J.M.; Snoek, B.L.; Mastoraki, M.; Verheijen, J.J.; Güvencli, N.; Denkers, L.-A.M.; Koornneef, M.; van Eeuwijk, F.A.; Smit, S.; de Ridder, D.; Aarts, M.G.M.",scopus,"Natural populations of Arabidopsis thaliana provide powerful systems to study the adaptation of wild plant species. Previous research has predominantly focused on global populations or accessions collected from regions with diverse climates. However, little is known about the genetics underlying adaptation in regions with mild environmental clines. We have examined a diversity panel consisting of 192 A. thaliana accessions collected from the Netherlands, a region with limited climatic variation. Despite the relatively uniform climate, we identified evidence of local adaptation within this population. Notably, semidwarf accessions, due to mutation of the GIBBERELLIC ACID REQUIRING 5 (GA5) gene, occur at a relatively high frequency near the coast and these displayed enhanced tolerance to high wind velocities. Additionally, we evaluated the performance of the population under iron deficiency conditions and found that allelic variation in the FE SUPEROXIDE DISMUTASE 3 (FSD3) gene affects tolerance to low iron levels. Moreover, we explored patterns of local adaptation to environmental clines in temperature and precipitation, observing that allelic variation at LA RELATED PROTEIN 1C (LARP1c) likely affects drought tolerance. Not only is the genetic variation observed in a diversity panel of A. thaliana collected in a region with mild environmental clines comparable to that in collections sampled over larger geographic ranges but it is also sufficiently rich to elucidate the genetic and environmental factors underlying natural plant adaptation. © 2024 The Author(s). The Plant Journal published by Society for Experimental Biology and John Wiley & Sons Ltd."
132,10.3389/fpls.2018.01700,On the causes of rapid diversification in the páramos: Isolation by ecology and genomic divergence in espeletia,2018,Frontiers in Plant Science,"Cortés, A.J.; Garzón, L.N.; Valencia, J.B.; Madriñán, S.",scopus;wos,"How diversity arises and what is the relative role of allopatric and ecological divergence are among the most persistent questions in evolution and ecology. Here, we assessed whether ecological divergence has enhanced the diversification of the Neotropical alpine plant complex Espeletia, also known as frailejones. This genus has one of the highest diversification rates ever reported and is distributed in the world’s fastest evolving biodiversity hotspot, the Páramo (Neotropical alpine grasslands at elevations of c. 2800–4700 m). Our goal was to determine whether ecology plays a role in divergence within the Espeletia complex by quantifying genome-wide patterns of ecological divergence. We characterized 162 samples of the three most common and contrasting ecotypes (distinct morphotypes occupying particular habitats) co-occurring in six localities in the northern Andes using Genotyping by Sequencing. Contrasting ecotypes were caulescent cloud forest populations, caulescent populations from wind-sheltered and well-irrigated depressions and acaulescent populations from wind-exposed drier slopes. We found high polymorphism with a total of 1,273 single nucleotide polymorphisms (SNPs) that defined the relationships among nine genetic clusters. We quantified allelic associations of these markers with localities and habitats using 18 different general and mixed-effects statistical models that accounted for phylogenetic distance. Despite that these models always yielded more SNPs associated with the localities, markers associated with the habitat types were recovered too. We found strong evidence for isolation-by-distance (IBD) across populations despite rampant gene flow, as expected for plant groups with limited seed dispersal. Contrasts between populations of different habitat types showed that an isolation-by-environment (IBE) trend emerged and masked the IBD signal. Maximum likelihood estimation of the number of migrants per generation (Nem) among ecotypes confirmed the IBE pattern. This result illustrates the importance of mountains’ environmental variation at a local scale in generating rapid morphological radiations and maintaining multiple adaptations in a fast-evolving ecosystem like the Páramo. © 2018 Cortés, Garzón, Valencia and Madriñán."
133,10.1016/j.actatropica.2026.108104,Genomic insights into the population structure of malaria vectors of the Anopheles gambiae complex in The Gambia reveals distinctiveness and spatio-temporal stability of BISSAU molecular form,2026,Acta Tropica,"De Marco, C.M.; Caputo, B.; Pichler, V.; Hamid-Adiamoh, M.; Gibba, B.; Clarkson, C.; Assogba, B.S.; D'Alessandro, U.; Amambua-Ngwa, A.; della Torre, A.",scopus,"A new putative taxon of the Anopheles gambiae complex - genetically related to the two main malaria vector species of the complex, An. gambiae and An. coluzzii - was recently described at the westernmost extremes of the two species’ range based on WGS data from The MalariaGEN Vector Observatory, and named BISSAU molecular form. This was found resting in human dwellings, in sympatry with An. gambiae and An. coluzzii and to be characterized by a unique ancestral gene pool and a complex demographic history. We here present the results of population genomic analyses (PCA, ADMIXTURE, TreeMix, unrooted neighbour-joining tree, and TESS3R) based on >200 K SNPs on chromosome-3 obtained exploiting WGS data from 2283 An. coluzzii, An. gambiae, An. arabiensis, An. melas and BISSAU molecular form specimens collected between 2005 and 2021 at 35 locations across The Gambia. Results consistently identify BISSAU molecular form as a genetically discrete, temporarily stable unit within a sister clade with An. gambiae and An. coluzzii, showing no signs of admixture with any of the sympatric members of the An. gambiae complex. This strongly supports the BISSAU molecular form as an independently evolved lineage reproductively isolated from other sympatric members of the An. gambiae complex. The north bank of Gambia river, from about 10 to 120 km from the seacoast, has the higher probability of occurrence of BISSAU molecular form. In this area, breeding sites are mainly characterized by brackish and fresh water associated with large flooded swamp areas with alluvial deposits in close proximity to the river and its tributaries. © 2026 The Author(s)"
134,10.1093/molbev/msad093,The Genetic Architecture of Adaptation to Leaf and Root Bacterial Microbiota in Arabidopsis thaliana,2023,Molecular Biology and Evolution,"Roux, F.; Frachon, L.; Bartoli, C.",scopus;wos,"Understanding the role of the host genome in modulating microbiota variation is a need to shed light on the holobiont theory and overcome the current limits on the description of host-microbiota interactions at the genomic and molecular levels. However, the host genetic architecture structuring microbiota is only partly described in plants. In addition, most association genetic studies on microbiota are often carried out outside the native habitats where the host evolves and the identification of signatures of local adaptation on the candidate genes has been overlooked. To fill these gaps and dissect the genetic architecture driving adaptive plant-microbiota interactions, we adopted a genome-environment association (GEA) analysis on 141 whole-genome sequenced natural populations of Arabidopsis thaliana characterized in situ for their leaf and root bacterial communities in fall and spring, and a large range of nonmicrobial ecological factors (i.e., climate, soil, and plant communities). A much higher fraction of among-population microbiota variance was explained by the host genetics than by nonmicrobial ecological factors. Importantly, the relative importance of host genetics and nonmicrobial ecological factors in explaining the presence of particular operational taxonomic units (OTUs) differs between bacterial families and genera. In addition, the polygenic architecture of adaptation to bacterial communities was highly flexible between plant compartments and seasons. Relatedly, signatures of local adaptation were stronger on quantitative trait loci (QTLs) of the root microbiota in spring. Finally, plant immunity appears as a major source of adaptive genetic variation structuring bacterial assemblages in A. thaliana. © The Author(s) 2023. Published by Oxford University Press on behalf of Society for Molecular Biology and Evolution."
135,10.1093/gbe/evaf069,Genomic Exploration of Climate-driven Evolution and Evolutionary Convergence in Forest Pathogens,2025,Genome Biology and Evolution,"Hessenauer, P.; Feau, N.; Heinzelmann, R.; Hamelin, R.C.",scopus;wos,"Climate significantly influences the distribution, composition, and diversity of fungal communities, impacting the growth, spread, and virulence of fungal forest pathogens. This study employs advanced landscape genomics methods to explore the genomic adaptations of three major fungal pathogens: Those responsible for Dutch elm disease, dothistroma needle blight, and Swiss needle cast. Our findings reveal that precipitation and humidity are primary drivers of adaptation in these species. We use these insights to forecast potential adaptations under future climate scenarios (genomic offset) and identify specific genes and pathways associated with climate responses in each pathogen. Notably, we detect a convergence in moisture adaptation across these distantly related species, particularly in genes related to the cytoskeleton and transporters. This study enhances our understanding of fungal pathogen evolution in response to climate change, offering crucial insights for forest disease management.  © 2025 The Author(s)."
136,10.3389/fmicb.2025.1502898,Dietary and environmental factors affecting the dynamics of the gut bacteria in Tibetan Awang sheep (Ovis aries) across divergent breeding models,2025,Frontiers in Microbiology,"Wang, Y.; Wang, X.; Wang, Y.; Liao, S.; Pubu, Z.; Silang, J.; Chai, L.; Zhao, S.",scopus;wos,"Introduction: Tibetan Awang sheep (Ovis aries), indigenous to the Qinghai-Tibet Plateau, are highly adapted to high-altitude environment. However, knowledge regarding their gut bacterial composition remains limited. Methods: A comprehensive 16S rRNA highthroughput sequencing was performed on fecal samples from 15 Awang sheep under pure grazing, semi-captivity, and full captivity breeding models. Results: Our results revealed that Firmicutes and Bacteroidetes were the most abundant bacterial phyla, while Christensenellaceae_R-7_group, Romboutsia, Rikenellaceae_RC9_gut_group, Ruminococcus, and Bacteroides were prevalent genera in the gut microbiota of Awang sheep. Meanwhile, the predominant presence of Bacteroides with increasing altitude of breeding locations indirectly demonstrates its crucial role in mediating energy acquisition among Awang sheep at high altitudes. Furthermore, PCoA and ANOSIM analysis exhibited significant differences in bacterial composition across all breeding models (r > 0.6, p < 0.001). Christensenellaceae_R-7_group, Romboutsia, and Ruminococcus were significantly abundant in the pure grazing breeding model, while Rikenellaceae_RC9_gut_group and Bacteroides were more abundant in the semi-captivity breeding model. An abnormally high abundance of Acinetobacter indicated a potential risk of Acinetobacter infection in the fully captive group. The environmental association analysis exhibited that meadows diet (R2 = 0.938, Pr[>r] = 0.001) and altitude (R2 = 0.892, Pr[>r] = 0.001) had significant effects on the dominant genera, explaining a substantial proportion of the total variation in community composition. Discussion: Our study indicated that breeding conditions significantly impact the gut microbiota of Awang sheep. The environmental association analysis underscores the importance of diet and altitude in shaping the gut microbiota of Awang sheep. The present findings provide insights into the microbiota dynamics of Awang sheep and offer guidance for their scientific husbandry management. Copyright © 2025 Wang, Wang, Wang, Liao, Pubu, Silang, Chai and Zhao."
137,10.1111/jeb.12614,Digging for gold nuggets: Uncovering novel candidate genes for variation in gastrointestinal nematode burden in a wild bird species,2015,Journal of Evolutionary Biology,"Wenzel, M.A.; Piertney, S.B.",scopus;wos,"The extent to which genotypic variation at a priori identified candidate genes can explain variation in complex phenotypes is a major debate in evolutionary biology. Whereas some high-profile genes such as the MHC or MC1R clearly do account for variation in ecologically relevant characters, many complex phenotypes such as response to parasite infection may well be underpinned by a large number of genes, each of small and effectively undetectable effect. Here, we characterize a suite of novel candidate genes for variation in gastrointestinal nematode (Trichostrongylus tenuis) burden among red grouse (Lagopus lagopus scotica) individuals across a network of moors in north-east Scotland. We test for associations between parasite load and genotypic variation in twelve genes previously identified to be differentially expressed in experimentally infected red grouse or genetically differentiated among red grouse populations with overall different parasite loads. These genes are associated with a broad physiological response including immune system processes. Based on individual-level generalized linear models, genotypic variants in nine genes were significantly associated with parasite load, with effect sizes accounting for differences of 514-666 worms per bird. All but one of these variants were synonymous or untranslated, suggesting that these may be linked to protein-coding variants or affect regulatory processes. In contrast, population-level analyses revealed few and inconsistent associations with parasite load, and little evidence of signatures of natural selection. We discuss the broader significance of these contrasting results in the context of the utility of population genomics and landscape genomics approaches in detecting adaptive genomic signatures. © 2015 European Society For Evolutionary Biology."
138,10.1111/mec.12117,The role of selection in driving landscape genomic structure of the waterflea Daphnia magna,2013,Molecular Ecology,"Orsini, L.; Mergeay, J.; Vanoverbeke, J.; De Meester, L.",scopus;wos,"The combined analysis of neutral and adaptive genetic variation is crucial to reconstruct the processes driving population genetic structure in the wild. However, such combined analysis is challenging because of the complex interaction among neutral and selective processes in the landscape. Overcoming this level of complexity requires an unbiased search for the evidence of selection in the genomes of populations sampled from their natural habitats and the identification of demographic processes that lead to present-day populations' genetic structure. Ecological model species with a suite of genomic tools and well-understood ecologies are best suited to resolve this complexity and elucidate the role of selective and demographic processes in the landscape genomic structure of natural populations. Here we investigate the water flea Daphnia magna, an emerging model system in genomics and a renowned ecological model system. We infer past and recent demographic processes by contrasting patterns of local and regional neutral genetic diversity at markers with different mutation rates. We assess the role of the environment in driving genetic variation in our study system by identifying correlates between biotic and abiotic variables naturally occurring in the landscape and patterns of neutral and adaptive genetic variation. Our results indicate that selection plays a major role in determining the population genomic structure of D. magna. First, environmental selection directly impacts genetic variation at loci hitchhiking with genes under selection. Second, priority effects enhanced by local genetic adaptation (cf. monopolization) affect neutral genetic variation by reducing gene flow among populations and genetic diversity within populations. © 2012 Blackwell Publishing Ltd."
139,10.52586/5049,Genome-wide signatures in flax pinpoint to adaptive evolution along its ecological gradient,2021,Frontiers in Bioscience - Landmark,"Sertse, D.; You, F.M.; Cloutier, S.",scopus;wos,"Background: Flax is one of the eight founder crops of agriculture. It is believed to have been domesticated as a long-day plant that has since spread to survive in a wide range of eco-geographic regions extending from the warm Indian subcontinent to the low latitude east African highlands and to the cool and high-latitude Eurasia. Understanding the genetic basis underlying its adaptation and selection events throughout its dispersion is essential to develop cultivars adapted to local environmental conditions. Methods: Here we detected genetic signatures of local adaptation and selection events of flax based on 385 accessions from all major flax growing regions of the world using genome scan methods and three genomic datasets: (1) a genome-wide dataset of more than 275K single nucleotide polymorphisms (SNPs), (2) a filtered dataset of 23K SNPs with minor allele frequency >10% and, (3) a 34K exon-derived SNP dataset. Results: Principal component (PC) and fixation index (FST)-based genome scans yielded consistent outlier SNP loci on chromosomes 1, 8, 9 and 12. Additional loci on chromosomes 3, 7, 8, 10, 11, 13 and 14 were detected using both the PC and FST methods in two of the three datasets. A genome-environment association (GEA) analysis using the 23K dataset and the first PC of cropping season temperature, day-length and latitude identified significant SNPs on chromosomes 3, 7, 9 and 13. Conclusions: Most of the loci detected by the three methods harbored relevant genes for local adaptation, including some that play roles in day-length, light and other biotic and abiotic stresses responses. Such genetic signatures may help to select pre-breeding materials potentially adapted to specific growing niches prior to field performance trials. Given the current low genotyping cost and freely available environmental data, the genome scans along with GEA can readily provide opportunity to sort out materials suitable to various environmental conditions from large set of germplasm in gene banks and/or in situ, thereby assisting the breeding and genetic conservation efforts. © 2021 The Author(s)."
140,10.3389/fgene.2017.00009,Using landscape genetics simulations for planting blister rust resistant whitebark pine in the US Northern Rocky Mountains,2017,Frontiers in Genetics,"Landguth, E.L.; Holden, Z.A.; Mahalovich, M.F.; Cushman, S.A.",scopus;wos,"Recent population declines to the high elevation western North America foundation species whitebark pine, have been driven by the synergistic effects of the invasive blister rust pathogen, mountain pine beetle (MPB), fire exclusion, and climate change. This has led to consideration for listing whitebark pine (WBP) as a threatened or endangered species under the Endangered Species Act, which has intensified interest in developing management strategies for maintaining and restoring the species. An important, but poorly studied, aspect of WBP restoration is the spatial variation in adaptive genetic variation and the potential of blister rust resistant strains to maintain viable populations in the future. Here, we present a simulation modeling framework to improve understanding of the long-term genetic consequences of the blister rust pathogen, the evolution of rust resistance, and scenarios of planting rust resistant genotypes of whitebark pine. We combine climate niche modeling and eco-evolutionary landscape genetics modeling to evaluate the effects of different scenarios of planting rust-resistant genotypes and impacts of wind field direction on patterns of gene flow. Planting scenarios showed different levels for local extirpation of WBP and increased population-wide blister rust resistance, suggesting that the spatial arrangement and choice of planting locations can greatly affect survival rates of whitebark pine. This study presents a preliminary, but potentially important, framework for facilitating the conservation of whitebark pine. © 2017 Landguth, Holden, Mahalovich and Cushman."
141,10.1111/1755-0998.13905,Pan-genome analysis highlights the role of structural variation in the evolution and environmental adaptation of Asian honeybees,2024,Molecular Ecology Resources,"Li, Y.; Yao, J.; Sang, H.; Wang, Q.; Su, L.; Zhao, X.; Xia, Z.; Wang, F.; Wang, K.; Lou, D.; Wang, G.; Waterhouse, R.M.; Wang, H.; Luo, S.; Sun, C.",scopus;wos,"The Asian honeybee, Apis cerana, is an ecologically and economically important pollinator. Mapping its genetic variation is key to understanding population-level health, histories and potential capacities to respond to environmental changes. However, most efforts to date were focused on single nucleotide polymorphisms (SNPs) based on a single reference genome, thereby ignoring larger scale genomic variation. We employed long-read sequencing technologies to generate a chromosome-scale reference genome for the ancestral group of A. cerana. Integrating this with 525 resequencing data sets, we constructed the first pan-genome of A. cerana, encompassing almost the entire gene content. We found that 31.32% of genes in the pan-genome were variably present across populations, providing a broad gene pool for environmental adaptation. We identified and characterized structural variations (SVs) and found that they were not closely linked with SNP distributions; however, the formation of SVs was closely associated with transposable elements. Furthermore, phylogenetic analysis using SVs revealed a novel A. cerana ecological group not recoverable from the SNP data. Performing environmental association analysis identified a total of 44 SVs likely to be associated with environmental adaptation. Verification and analysis of one of these, a 330 bp deletion in the Atpalpha gene, indicated that this SV may promote the cold adaptation of A. cerana by altering gene expression. Taken together, our study demonstrates the feasibility and utility of applying pan-genome approaches to map and explore genetic feature variations of honeybee populations, and in particular to examine the role of SVs in the evolution and environmental adaptation of A. cerana. © 2023 John Wiley & Sons Ltd."
142,10.1111/mec.15754,"Environment and pathogens shape local and regional adaptations to climate change in the chocolate tree, Theobroma cacao L.",2021,Molecular Ecology,"Nelson, J.T.; Motamayor, J.C.; Cornejo, O.E.",scopus;wos,"Predicting the potential fate of a species in the face of climate change requires knowing the distribution of molecular adaptations across the geographic range of the species. In this work, we analysed 79 genomes of Theobroma cacao, an Amazonian tree known for the fruit from which chocolate is produced, to evaluate how local and regional molecular signatures of adaptation are distributed across the natural range of the species. We implemented novel techniques that incorporate summary statistics from multiple selection scans to infer selective sweeps. The majority of the molecular adaptations in the genome are not shared among populations. We show that ~71.5% of genes under selection also show significant associations with changes in environmental variables. Our results support the interpretation that these genes contribute to local adaptation of the populations in response to abiotic factors. We also found strong patterns of molecular adaptation in a diverse array of disease resistance genes (6.5% of selective sweeps), suggesting that differential adaptation to pathogens also contributes significantly to local adaptations. Our results are consistent with the interpretation that local selective pressures are more important than regional selective pressures in explaining adaptation across the range of a species. © 2020 John Wiley & Sons Ltd"
143,10.2478/s13382-011-0006-2,Molecular surveillance of hepatitis and tuberculosis infections in a cohort exposed to methyl isocyanate,2011,International Journal of Occupational Medicine and Environmental Health,"Mishra, P.K.; Bhargava, A.; Pathak, N.; Desikan, P.; Maudar, K.K.; Varshney, S.; Shrivastava, R.; Jain, A.",scopus;wos,"Objective: The potential toxic effects on the immune system exerted by occupational and accidental environmental exposures and underlying molecular regulatory mechanisms involved in the etiology and progression of infectious diseases are now being characterized. The Bhopal gas tragedy is undoubtedly one of the worst industrial disasters in the history of mankind. After 25 years of accidental exposure to methyl isocyanate (MIC), severe systemic ailments still continue to preoccupy the lives of the affected population that survived this tragedy. We have performed a molecular surveillance study to characterize hepatitis and tuberculosis infections amongst the first and the second generation of survivors exposed to MIC. Materials and Methods: Both outdoor and indoor patients referred for molecular diagnosis of hepatitis B virus (HBV), hepatitis C virus (HCV) and Mycobacterium tuberculosis (MTB) were examined. Qualitative analysis for HBsAg, anti-HBc, anti-HCV through ELISA was performed, while BacT/ALERT and Ziehl-Neelson technique were utilized for the assessment of tuberculosis. Detection and quantification of viral and bacterial nucleic acid and characterization of hepatitis genotypes were analyzed using real-time and end-point PCR techniques. Results: The results suggest that HBV infections are most common among the MIC-exposed cohort, followed by extra-pulmonary and pulmonary MTB and HCV infections. Genotype 3 is the most prevalent HCV genotype among the survivors. Failure to detect HBsAg, anti-HBc and anti-HCV through ELISA, and tuberculosis by culture and Ziehl-Neelson stain, indicates higher prevalence of occult hepatitis and latent tuberculosis in the affected population. Conclusions: Our study underscores the importance of hospital-based records used as a data source for monitoring possible environmental health hazards. As the risk of progress of infection is often influenced by conditions and periods of environmental chemical exposure, therefore, insights of interconnected molecular pathways will further illuminate the gene-environment association and might offer valuable information for rational drug design. © Nofer Institute of Occupational Medicine, Łödz̈, Poland."
144,10.1093/jhered/esad032,"Reference genome of an iconic lizard in western North America, Blainville's horned lizard Phrynosoma blainvillii",2023,Journal of Heredity,"Richmond, J.Q.; McGuire, J.A.; Escalona, M.; Marimuthu, M.P.A.; Nguyen, O.; Sacco, S.; Beraut, E.; Toffelmier, E.; Fisher, R.N.; Wang, I.J.; Shaffer, H.B.",scopus;wos,"Genome assemblies are increasingly being used to identify adaptive genetic variation that can help prioritize the population management of protected species. This approach may be particularly relevant to species like Blainville's horned lizard, Phrynosoma blainvillii, due to its specialized diet on noxious harvester ants, numerous adaptative traits for avoiding predation (e.g. cranial horns, dorsoventrally compressed body, cryptic coloration, and blood squirting from the orbital sinuses), and status as Species of Special Concern in California. Rangewide decline since the early 20th century, the basis of its conservation status, has been driven mainly by habitat conversion, over-collecting, and invasion of a non-native ant that displaces its native ant prey base. Here, we report on a scaffold-level genome assembly for P. blainvillii as part of the California Conservation Genomics Project (CCGP), produced using Pacific Biosciences HiFi long reads and Hi-C chromatin-proximity sequencing technology. The de novo assembly has 78 scaffolds, a total length of ~2.21 Gb, a scaffold N50 length of ~352 Mb, and BUSCO score of 97.4%. This is the second species of Phrynosoma for which a reference genome has been assembled and represents a considerable improvement in terms of contiguity and completeness. Combined with the landscape genomics data being compiled by the CCGP, this assembly will help strategize efforts to maintain and/or restore local genetic diversity, where interventions like genetic rescue, translocation, and strategic land preservation may be the only means by which P. blainvillii and other low-vagility species can survive in the fragmented habitats of California. © 2023 Published by Oxford University Press on behalf of The American Genetic Association."
145,10.1002/ece3.70335,Beyond genes-for-behaviour: The potential for genomics to resolve long-standing questions in avian brood parasitism,2024,Ecology and Evolution,"Rönkä, K.; Eroukhmanoff, F.; Kulmuni, J.; Nouhaud, P.; Thorogood, R.",scopus;wos,"Behavioural ecology by definition of its founding ‘Tinbergian framework’ is an integrative field, however, it lags behind in incorporating genomic methods. ‘Finding the gene/s for a behaviour’ is still rarely feasible or cost-effective in the wild but as we show here, genomic data can be used to address broader questions. Here we use avian brood parasitism, a model system in behavioural ecology as a case study to highlight how behavioural ecologists could use the full potential of state-of-the-art genomic tools. Brood parasite–host interactions are one of the most easily observable and amenable natural laboratories of antagonistic coevolution, and as such have intrigued evolutionary biologists for decades. Using worked examples, we demonstrate how genomic data can be used to study the causes and mechanisms of (co)evolutionary adaptation and answer three key questions for the field: (i) Where and when should brood parasitism evolve?, (ii) When and how should hosts defend?, and (iii) Will coevolution persist with ecological change? In doing so, we discuss how behavioural and molecular ecologists can collaborate to integrate Tinbergen's questions and achieve the coherent science that he promoted to solve the mysteries of nature. © 2024 The Author(s). Ecology and Evolution published by John Wiley & Sons Ltd."
146,10.1017/s0954579412000971,Child dopamine active transporter 1 genotype and parenting: Evidence for evocative gene-environment correlations,2013,Development and Psychopathology,"Hayden, E.P.; Hanna, B.; Sheikh, H.I.; Laptook, R.S.; Kim, J.; Singh, S.M.; Klein, D.N.",scopus,"The dopamine active transporter 1 (DAT1) gene is implicated in psychopathology risk. Although the processes by which this gene exerts its effects on risk are poorly understood, a small body of research suggests that the DAT1 gene influences early emerging negative emotionality, a marker of children's psychopathology risk. As child negative emotionality evokes negative parenting practices, the DAT1 gene may also play a role in gene-environment correlations. To test this model, children (N = 365) were genotyped for the DAT1 gene and participated in standardized parent-child interaction tasks with their primary caregiver. The DAT1 gene 9-repeat variant was associated with child negative affect expressed toward the parent during parent-child interactions, and parents of children with a 9-repeat allele exhibited more hostility and lower guidance/engagement than parents of children without a 9-repeat allele. These gene-environment associations were partially mediated by child negative affect toward the parent. The findings implicate a specific polymorphism in eliciting negative parenting, suggesting that evocative associations play a role in elevating children's risk for emotional trajectories toward psychopathology risk. © 2013 Cambridge University Press."
147,10.1073/pnas.2410941122,Suturing fragmented landscapes: Mosaic hybrid zones in plants may facilitate ecosystem resiliency,2025,Proceedings of the National Academy of Sciences of the United States of America,"Massatti, R.; Faske, T.M.; Barnes, I.M.; Leger, E.A.; Parchman, T.L.; Richardson, B.A.; Knowles, L.L.",scopus;wos,"Many widespread plant taxa of western North America have diversified into phenotypically and genetically divergent lineages due to complex biogeographic histories across heterogeneous landscapes. Mosaic hybrid zones can form when geographically co-occurring, yet environmentally distinct, lineages cross-pollinate and form hybrids that occupy unique environmental niches absent of a geographic cline. This expands the total environmental space across which parental and hybrid individuals grow, resulting in larger, less fragmented geographic distributions. Here, we highlight hybridization mosaics across three study systems containing taxa critical to widespread plant communities in western North America: Ericameria nauseosa, Artemisia tridentata, and Sphaeralcea fendleri. The systems contain diverged taxa that co-occur across the landscape and hybridize readily. Hybridization among taxa has facilitated niche expansion into intermediate environments consistent with unique combinations of adaptive genetic variation, creating more continuity within each study system—study systems occupy ~820 to 270,000 km2 more geographic area by virtue of hybridization. Furthermore, hybrids are predicted to play important roles in future climates, as they may occupy 8 to 475% larger distributions compared to present. Convergent patterns signal mosaic hybridization as an underappreciated mechanism with broad ecological and evolutionary ramifications. Leveraging mosaic hybridization may assist the creation of restoration management plans that aim to mitigate the deleterious effects of habitat fragmentation on ecosystems in the context of climate change. Copyright © 2025 the Author(s)."
148,10.1111/mec.17329,Genotype–environment associations reveal genes potentially linked to avian malaria infection in populations of an endemic island bird,2024,Molecular Ecology,"Sheppard, E.C.; Martin, C.A.; Armstrong, C.; González-Quevedo, C.; Illera, J.C.; Suh, A.; Spurgin, L.G.; Richardson, D.S.",scopus;wos,"Patterns of pathogen prevalence are, at least partially, the result of coevolutionary host–pathogen interactions. Thus, exploring the distribution of host genetic variation in relation to infection by a pathogen within and across populations can provide important insights into mechanisms of host defence and adaptation. Here, we use a landscape genomics approach (Bayenv) in conjunction with genome-wide data (ddRADseq) to test for associations between avian malaria (Plasmodium) prevalence and host genetic variation across 13 populations of the island endemic Berthelot's pipit (Anthus berthelotii). Considerable and consistent spatial heterogeneity in malaria prevalence was observed among populations over a period of 15 years. The prevalence of malaria infection was also strongly positively correlated with pox (Avipoxvirus) prevalence. Multiple host loci showed significant associations with malaria prevalence after controlling for genome-wide neutral genetic structure. These sites were located near to or within genes linked to metabolism, stress response, transcriptional regulation, complement activity and the inflammatory response, many previously implicated in vertebrate responses to malarial infection. Our findings identify diverse genes – not just limited to the immune system – that may be involved in host protection against malaria and suggest that spatially variable pathogen pressure may be an important evolutionary driver of genetic divergence among wild animal populations, such as Berthelot's pipit. Furthermore, our data indicate that spatio-temporal variation in multiple different pathogens (e.g. malaria and pox in this case) may have to be studied together to develop a more holistic understanding of host pathogen-mediated evolution. © 2024 The Authors. Molecular Ecology published by John Wiley & Sons Ltd."
149,10.1093/g3journal/jkad209,A haplotype-resolved chromosome-scale genome for Quercus rubra L. provides insights into the genetics of adaptive traits for red oak species,2023,"G3: Genes, Genomes, Genetics","Kapoor, B.; Jenkins, J.; Schmutz, J.; Zhebentyayeva, T.; Kuelheim, C.; Coggeshall, M.; Heim, C.; Lasky, J.R.; Leites, L.; Islam-Faridi, N.; Romero-Severson, J.; DeLeo, V.L.; Lucas, S.M.; Lazic, D.; Gailing, O.; Carlson, J.; Staton, M.",scopus;wos,"Northern red oak (Quercus rubra L.) is an ecologically and economically important forest tree native to North America. We present a chromosome-scale genome of Q. rubra generated by the combination of PacBio sequences and chromatin conformation capture (Hi-C) scaffolding. This is the first reference genome from the red oak clade (section Lobatae). The Q. rubra assembly spans 739 Mb with 95.27% of the genome in 12 chromosomes and 33,333 protein-coding genes. Comparisons to the genomes of Quercus lobata and Quercus mongolica revealed high collinearity, with intrachromosomal structural variants present. Orthologous gene family analysis with other tree species revealed that gene families associated with defense response were expanding and contracting simultaneously across the Q. rubra genome. Quercus rubra had the most CC-NBS-LRR and TIR-NBS-LRR resistance genes out of the 9 species analyzed. Terpene synthase gene family comparisons further reveal tandem gene duplications in TPS-b subfamily, similar to Quercus robur. Phylogenetic analysis also identified 4 subfamilies of the IGT/LAZY gene family in Q. rubra important for plant structure. Single major QTL regions were identified for vegetative bud break and marcescence, which contain candidate genes for further research, including a putative ortholog of the circadian clock constituent cryptochrome (CRY2) and 8 tandemly duplicated genes for serine protease inhibitors, respectively. Genome–environment associations across natural populations identified candidate abiotic stress tolerance genes and predicted performance in a common garden. This high-quality red oak genome represents an essential resource to the oak genomic community, which will expedite comparative genomics and biological studies in Quercus species. © The Author(s) 2023. Published by Oxford University Press on behalf of The Genetics Society of America."
150,10.1002/ece3.8242,Comparative genomics suggests local adaptations in the invasive small hive beetle,2021,Ecology and Evolution,"Liu, Y.; Henkel, J.; Beaurepaire, A.; Evans, J.D.; Neumann, P.; Huang, Q.",scopus;wos,"Invasive species are a major driver of ecological and environmental changes that affect human health, food security, and natural biodiversity. The success and impact of biological invasions depend on adaptations to novel abiotic and biotic selective pressures. However, the molecular mechanisms underlying adaptations in invasive parasitic species are inadequately understood. Small hive beetles, Aethina tumida, are parasites of bee nests. Originally endemic to sub-Saharan Africa, they are now found nearly globally. Here, we investigated the molecular bases of the adaptations to novel environments underlying their invasion routes. Genomes of historic and recent adults A. tumida from both the endemic and introduced ranges were compared. Analysis of gene–environment association identified 3049 candidate loci located in 874 genes. Functional annotation showed a significant bias toward genes linked to growth and reproduction. One of the genes from the apoptosis pathway encodes an “ecdysone-related protein,” which is a crucial regulator in controlling body size in response to environmental cues for holometabolous insects during cell death and renewal. Genes whose proteins regulate organ size, ovary activation, and oviposition were also detected. Functions of these enriched pathways parallel behavioral differences between introduced and native A. tumida populations, which may reflect patterns of local adaptation. The results considerably improve our understanding of the underlying mechanisms and ecological factors driving adaptations of invasive species. Deep functional investigation of these identified loci will help clarify the mechanisms of local adaptation in A. tumida. © 2021 The Authors. Ecology and Evolution published by John Wiley & Sons Ltd."
151,10.1038/sj.mp.4001950,Gene-environment correlations: A review of the evidence and implications for prevention of mental illness,2007,Molecular Psychiatry,"Jaffee, S.R.; Price, T.S.",scopus;wos,"Family studies have demonstrated genetic influences on environmental exposure: the phenomenon of gene-environment correlation (rGE). A few molecular genetic studies have confirmed the results, but the identification of rGE in studies that measure genes and environments faces several challenges. Using examples from studies in psychology and psychiatry, we integrate the behavioral and molecular genetic literatures on rGE, describe challenges in identifying rGE and discuss the implications of molecular genetic findings of rGE for future research on gene-environment interplay and for attempts to prevent disease by reducing environmental risk exposure. Genes affect environments indirectly, via behavior and personality characteristics. Associations between individual genetic variants and behaviors are typically small in magnitude, and downstream effects on environmental risk are further attenuated by behavioral mediation. Genotype-environment associations are most likely to be detected when the environment is behaviorally modifiable and highly specified and a plausible mechanism links gene and behavior. rGEs play an important causal role in psychiatric illness. Although research efforts should concentrate on elucidating the genetic underpinnings of behavior rather than the environment itself, the identification of rGE may suggest targets for environmental intervention even in highly heritable disease. Prevention efforts must address the possibility of confounding between rGE and gene-environment interaction (G × E). © 2007 Nature Publishing Group All rights reserved."
152,10.1111/mec.14074,Genetic and genomic evidence of niche partitioning and adaptive radiation in mountain pine beetle fungal symbionts,2017,Molecular Ecology,"Ojeda Alayon, D.I.; Tsui, C.K.M.; Feau, N.; Capron, A.; Dhillon, B.; Zhang, Y.; Massoumi Alamouti, S.; Boone, C.K.; Carroll, A.L.; Cooke, J.E.K.; Roe, A.D.; Sperling, F.A.H.; Hamelin, R.C.",scopus;wos,"Bark beetles form multipartite symbiotic associations with blue stain fungi (Ophiostomatales, Ascomycota). These fungal symbionts play an important role during the beetle's life cycle by providing nutritional supplementation, overcoming tree defences and modifying host tissues to favour brood development. The maintenance of stable multipartite symbioses with seemingly less competitive symbionts in similar habitats is of fundamental interest to ecology and evolution. We tested the hypothesis that the coexistence of three fungal species associated with the mountain pine beetle is the result of niche partitioning and adaptive radiation using SNP genotyping coupled with genotype–environment association analysis and phenotypic characterization of growth rate under different temperatures. We found that genetic variation and population structure within each species is best explained by distinct spatial and environmental variables. We observed both common (temperature seasonality and the host species) and distinct (drought, cold stress, precipitation) environmental and spatial factors that shaped the genomes of these fungi resulting in contrasting outcomes. Phenotypic intraspecific variations in Grosmannia clavigera and Leptographium longiclavatum, together with high heritability, suggest potential for adaptive selection in these species. By contrast, Ophiostoma montium displayed narrower intraspecific variation but greater tolerance to extreme high temperatures. Our study highlights unique phenotypic and genotypic characteristics in these symbionts that are consistent with our hypothesis. By maintaining this multipartite relationship, the bark beetles have a greater likelihood of obtaining the benefits afforded by the fungi and reduce the risk of being left aposymbiotic. Complementarity among species could facilitate colonization of new habitats and survival under adverse conditions. © 2017 John Wiley & Sons Ltd"
153,10.1111/eva.12316,Gene flow and natural selection shape spatial patterns of genes in tree populations: Implications for evolutionary processes and applications,2016,Evolutionary Applications,"Sork, V.L.",scopus;wos,"A central question in evolutionary biology is how gene flow and natural selection shape geographic patterns of genotypic and phenotypic variation. My overall research program has pursued this question in tree populations through complementary lines of inquiry. First, through studies of contemporary pollen and seed movement, I have studied how limited gene movement creates fine-scale genetic structure, while long-distance gene flow promotes connectivity. My collaborators and I have provided new tools to study these processes at a landscape scale as well as statistical tests to determine whether changes in landscape conditions or dispersal vectors affect gene movement. Second, my research on spatial patterns of genetic variation has investigated the interacting impacts of geography and climate on gene flow and selection. Third, using next-generation genomic tools, I am now studying genetic variation on the landscape to find initial evidence of climate-associated local adaptation and epigenetic variation to explore its role in plant response to the climate. By integrating these separate lines of inquiry, this research provides specific insight into real-world mechanisms shaping evolution in tree populations and potential impacts of landscape transformation and climate change on these populations, with the prospective goal of contributing to their management and conservation. © 2016 John Wiley & Sons Ltd."
154,10.1007/s00335-026-10214-7,Mapping genomic adaptation to environmental heterogeneity in Indian native goat populations through landscape genomics,2026,Mammalian Genome,"Rathi, P.; Sukhija, N.; Ganguly, I.; Dixit, S.P.; Singh, S.; Chinnareddyvari, C.S.; Dharaamshaw, C.A.",scopus;wos,"India harbours a diverse range of indigenous goat breeds that have adapted to varied climatic zones over centuries. This study investigated the genomic basis of local adaptation in these populations (n= 11) divided into seven agro-climatic zones using genome-wide SNP data and century-scale environmental variables. A total of 2,295,833 SNPs and 15 non-collinear bioclimatic predictors were analyzed using the landscape genomics tool R SamBada for genotype–environment association. Models were selected based on G-score and q-value thresholds (q < 0.01). Several loci showed strong signatures of selection, with associated genes enriched in key adaptive pathways, including HIF-1 signalling, insulin signalling, and toll-like receptor pathways. Many key genes and pathways were identified with both direct and indirect roles in adaptation to specific agro-climatic zone. Only 9 SNP variants showed SIFT score < 0.05 (deleterious) out of which, only 2 variants each harbouring gene PTPRC and PLCB1 were predicted to be deleterious with high confidence. Further downstream technical validation for functionality was done using PTPRC and PLCB1 present in coding region and exhibited significant environmental associations. Missense mutations in these genes were further characterized using I-Mutant, ConSurf, and Phyre2. The PTPRC variant was predicted to reduce protein stability within a moderately conserved immune domain, and structural modelling indicated altered folding in mutant proteins. These adaptive variants likely contribute to resilience against heat, humidity, and pathogen-driven stress. This integrative landscape genomics approach reveals how natural selection and environmental pressures have shaped the adaptive genome of Indian indigenous goats and provides a foundation for marker-assisted selection to enhance climate resilience in future breeding programs. This study represents the first landscape genomics analysis in indigenous goat populations of India. © The Author(s), under exclusive licence to Springer Science+Business Media, LLC, part of Springer Nature 2026."
155,10.1371/journal.pone.0299992,"Genetic diversity, disease resistance, and environmental adaptation of Arachis duranensis L.: New insights from landscape genomics",2024,PLoS ONE,"Massa, A.N.; Sobolev, V.S.; Faustinelli, P.C.; Tallury, S.P.; Thomas Stalker, H.; Lamb, M.C.; Arias, R.S.",scopus;wos,"The genetic diversity that exists in natural populations of Arachis duranensis, the wild diploid donor of the A subgenome of cultivated tetraploid peanut, has the potential to improve crop adaptability, resilience to major pests and diseases, and drought tolerance. Despite its potential value for peanut improvement, limited research has been focused on the association between allelic variation, environmental factors, and response to early (ELS) and late leaf spot (LLS) diseases. The present study implemented a landscape genomics approach to gain a better understanding of the genetic variability of A. duranensis represented in the ex-situ peanut germplasm collection maintained at the U.S. Department of Agriculture, which spans the entire geographic range of the species in its center of origin in South America. A set of 2810 single nucleotide polymorphism (SNP) markers allowed a high-resolution genome-wide characterization of natural populations. The analysis of population structure showed a complex pattern of genetic diversity with five putative groups. The incorporation of bioclimatic variables for genotype-environment associations, using the latent factor mixed model (LFMM2) method, provided insights into the genomic signatures of environmental adaptation, and led to the identification of SNP loci whose allele frequencies were correlated with elevation, temperature, and precipitation-related variables (q < 0.05). The LFMM2 analysis for ELS and LLS detected candidate SNPs and genomic regions on chromosomes A02, A03, A04, A06, and A08. These findings highlight the importance of the application of landscape genomics in ex situ collections of peanut and other crop wild relatives to effectively identify favorable alleles and germplasm for incorporation into breeding programs. We report new sources of A. duranensis germplasm harboring adaptive allelic variation, which have the potential to be utilized in introgression breeding for a single or multiple environmental factors, as well as for resistance to leaf spot diseases. © 2024 Public Library of Science. All rights reserved."
156,10.1186/s12864-017-4396-9,Genetic variation associated with healthy traits and environmental conditions in Vaccinium vitis-idaea,2018,BMC Genomics,"Alam, Z.; Roncal, J.; Peña-Castillo, L.",scopus;wos,"Background: Lingonberry (Vaccinium vitis-idaea L.), one of the least studied fruit crops in the Ericaceae family, has a dramatically increased worldwide demand due to its numerous health benefits. Genetic markers can facilitate the selection of berries with desirable climatic adaptations, agronomic and nutritious characteristics to improve cultivation programs. However, no genomic resources are available for this species. Results: We used Genotyping-by-Sequencing (GBS) to analyze the genetic variation of 56 lingonberry samples from across Newfoundland and Labrador, Canada. To elucidate a potential adaptation to environmental conditions we searched for genotype-environment associations by applying three distinct approaches to screen the identified single nucleotide polymorphisms (SNPs) for correlation with six environmental variables. We also searched for an association between the identified SNPs and two phenotypic traits: the total phenolic content (TPC) and antioxidant capacity (AC) of fruit. We identified 1586 high-quality putative SNPs using the UNEAK pipeline available in TASSEL. We found 132 SNPs likely associated with at least one of the environmental or phenotypic variables. To obtain insights on the function of the genomic sequences containing the SNPs likely to be associated with the environmental or phenotypic variables, we performed a sequence-based functional annotation and identified homologous protein-coding sequences with functional roles related to abiotic stress response, pathogen defense, RNA metabolism, and, most interestingly, phenolic compound biosynthesis. Conclusions: The putative SNPs discovered are the first genomic resource for lingonberry. This resource might prove useful in high-density quantitative trait locus analysis, and association mapping. The identified candidate genes containing the SNPs need further studies on their potential role in local adaptation of lingonberry. Altogether, the present study provides new resources that can be used to breed for desirable traits in lingonberry. © 2017 The Author(s)."
157,10.1111/mec.16457,"Fine-scale genome-wide signature of Pleistocene glaciation in Thitarodes moths (Lepidoptera: Hepialidae), host of Ophiocordyceps fungus in the Hengduan Mountains",2023,Molecular Ecology,"Wang, Z.; Pierce, N.E.",scopus;wos,"The Hengduan Mountains region is a biodiversity hotspot known for its topologically complex, deep valleys and high mountains. While landscape and glacial refugia have been evoked to explain patterns of interspecies divergence, the accumulation of intra-species (i.e., population level) genetic divergence across the mountain-valley landscape in this region has received less attention. We used genome-wide restriction site-associated DNA sequencing (RADseq) to reveal signatures of Pleistocene glaciation in populations of Thitarodes shambalaensis (Lepidoptera: Hepialidae), the host moth of parasitic Ophiocordyceps sinensis (Hypocreales: Ophiocordycipitaceae) or ""caterpillar fungus” endemic to the glacier of eastern Mt. Gongga. We used moraine history along the glacier valleys to model the distribution and environmental barriers to gene flow across populations of T. shambalaensis. We found that moth populations separated by less than 10 km exhibited valley-based population genetic clustering and isolation-by-distance (IBD), while gene flow among populations was best explained by models using information about their distributions at the local last glacial maximum (LGML, 58 kya), not their contemporary distribution. Maximum likelihood lineage history among populations, and among subpopulations as little as 500 m apart, recapitulated glaciation history across the landscape. We also found signals of isolated population expansion following the retreat of LGML glaciers. These results reveal the fine-scale, long-term historical influence of landscape and glaciation on the genetic structuring of populations of an endangered and economically important insect species. Similar mechanisms, given enough time and continued isolation, could explain the contribution of glacier refugia to the generation of species diversity among the Hengduan Mountains. © 2022 The Authors. Molecular Ecology published by John Wiley & Sons Ltd."
158,10.1016/j.jgg.2025.01.016,Genomic predictions of invasiveness and adaptability of the cotton bollworm in response to climate change,2025,Journal of Genetics and Genomics,"Xu, Q.; Jin, M.; Xiao, H.; Peng, Y.; Zhang, F.; Li, H.; Wu, K.; Xiao, Y.",scopus,"Agricultural pests cause enormous losses in annual agricultural production. Understanding the evolutionary responses and adaptive capacity of agricultural pests under climate change is crucial for establishing sustainable and environmentally friendly agricultural pest management. In this study, we integrate climate modeling and landscape genomics to investigate the distributional dynamics of the cotton bollworm (Helicoverpa armigera) in the adaptation to local environments and resilience to future climate change. Notably, the predicted inhabitable areas with higher suitability for the cotton bollworm could be eight times larger in the coming decades. Climate change is one of the factors driving the dynamics of distribution and population differentiation of the cotton bollworm. Approximately 19,000 years ago, the cotton bollworm expanded from its ancestral African population, followed by gradual occupations of the European, Asian, Oceanian, and American continents. Furthermore, we identify seven subpopulations with high dispersal and adaptability which may have an increased risk of invasion potential. Additionally, a large number of candidate genes and SNPs linked to climatic adaptation were mapped. These findings could inform sustainable pest management strategies in the face of climate change, aiding future pest forecasting and management planning. © 2025 Institute of Genetics and Developmental Biology, Chinese Academy of Sciences, and Genetics Society of China"
159,10.1016/j.tim.2023.02.002,Advancing research on ectomycorrhizal fungal adaptation with landscape genomics,2023,Trends in Microbiology,"Dauphin, B.; Peter, M.",scopus;wos,"Ectomycorrhizal (ECM) fungi serve key functions in forest ecosystems by supplying water and nutrients to tree hosts, yet mutualistic plant–fungi interactions are jeopardised by environmental alterations. Here, we discuss the great potential and current limitations of landscape genomics in investigating signatures of local adaptation in natural populations of ECM fungi. © 2023 The Author(s)"
160,10.1111/eva.13199,The genomic signal of local environmental adaptation in Aedes aegypti mosquitoes,2021,Evolutionary Applications,"Bennett, K.L.; McMillan, W.O.; Loaiza, J.R.",scopus;wos,"Local adaptation is important when predicting arthropod-borne disease risk because of its impacts on vector population fitness and persistence. However, the extent that vector populations are adapted to the environment generally remains unknown. Despite low population structure and high gene flow in Aedes aegypti mosquitoes across Panama, excepting the province of Bocas del Toro, we identified 128 candidate SNPs, clustered within 17 genes, which show a strong genomic signal of local environmental adaptation. This putatively adaptive variation occurred across fine geographical scales with the composition and frequency of candidate adaptive loci differing between populations in wet tropical environments along the Caribbean coast and dry tropical conditions typical of the Pacific coast. Temperature and vegetation were important predictors of adaptive genomic variation in Ae. aegypti with several potential areas of local adaptation identified. Our study lays the foundations of future work to understand whether environmental adaptation in Ae. aegypti impacts the arboviral disease landscape and whether this could either aid or hinder efforts of population control. © 2021 The Authors. Evolutionary Applications published by John Wiley & Sons Ltd"
161,10.1016/j.jhazmat.2026.143137,Metal(loid) contamination shifts microbial carbon and nitrogen cycling potential in paddy soils,2026,Journal of Hazardous Materials,"Liu, S.; Li, Y.; Du, C.; Zhu, X.; Wang, S.; Zeng, X.; Jia, Y.",scopus,"Trace metal(loid) contamination in paddy soils derived from either geogenic sources or mining activities is widely occurring in mid-south to south China and south to south east Asia. Due to their toxicities, these trace metal(loid)s may influence microbial community assembly and carbon/nitrogen (C/N) cycling. However, how metal(loid) contamination reshapes community composition, functional potential, and genomic traits of key functional microorganisms remains unclear. Here, we collected paddy soil samples from mid-south to south China and classified them into low- and high-contamination groups based on the Nemerow index. The associations among contamination level, microbial community composition, C/N-cycling potential, and genomic traits of key functional microorganisms were examined by combining soil physicochemical characterization, 16S rRNA gene amplicon sequencing, metagenomics, and metagenome-assembled genome (MAG) reconstruction. Bacterial and archaeal richness did not differ significantly between contamination levels, whereas community composition varied markedly. Methane oxidation genes were enriched in high-contamination soils, whereas methanogenesis genes were more abundant in low-contamination soils. Denitrification- and dissimilatory nitrate reduction to ammonium (DNRA)-related genes increased under heavy contamination, whereas several nitrogen fixation genes declined. Environmental association analyses identified As, Cd, Pb, Cr, and Zn as key variables associated with C/N cycling genes. Several MAGs carried both elemental cycling genes and metal(loid)-response or transformation genes, suggesting potential multifunctionality in contaminated paddy soils. Overall, metal(loid) contamination, together with associated edaphic variation, reorganized microbial communities and redistributed C/N cycling potential. This work provides a genomic basis for identifying microorganisms that could serve as bioindicators or functional targets in contaminated paddy soils. © 2026 Elsevier B.V. All rights are reserved, including those for text and data mining, AI training, and similar technologies."
162,10.1007/s10709-022-00176-4,Comparative analysis of cold-responsive genes under short-term cold stimulation and cold-adaptive genes under long-term heterogeneous environments reveals a cold adaptation mechanism in weeping forsythia,2023,Genetica,"Li, Y.; Wang, S.-C.; Li, Q.; Li, M.-W.; Mao, R.-L.; Zhang, H.-C.; Yuan, W.-J.; Quan, J.",scopus;wos,"Identifying cold-related genes can provide insights into the cold adaptation mechanism of weeping forsythia. In this study, we compared the changes in gene expressions and physiological and biochemical indices under short-term cold stimulation with the changes in gene sequences under a long-term heterogeneous environment to investigate the cold adaptation mechanism in weeping forsythia. The data of adaptive gene sequence changes, e.g., single nucleotide polymorphisms, were obtained from previous landscape genomics studies. The physiological and biochemical indicators and transcriptome results showed that weeping forsythia initiated a series of programs, including increasing cell osmotic pressures, scavenging ROS, activating the defense mechanism that crosses with pathogen infection, and upregulating CBF/DREB1 transcription factor 1, to cope with short-term cold stress. A reanalysis of landscape genomic data suggested that weeping forsythia responded to long-term heterogeneous cold stress by the differentiation of genes related to synthesis of aromatic substances and adenosine triphosphate. Our results supported the hypothesis that the adaptation mechanisms of species to short-term environmental stimulation and long-term stress in heterogeneous environments are different. The differences in cold tolerance among populations are not necessarily obtained by changing cold-responsive gene sequences. This study provides new insights into the cold adaptation mechanisms of plants. © 2022, The Author(s), under exclusive licence to Springer Nature Switzerland AG."
163,10.1111/eva.13234,Association of putatively adaptive genetic variation with climatic variables differs between a parasite and its host,2021,Evolutionary Applications,"Walters, S.J.; Robinson, T.P.; Byrne, M.; Wardell-Johnson, G.W.; Nevill, P.",scopus,"Parasitism is a pervasive phenomenon in nature with the relationship between species driving evolution in both parasite and host. Due to their host-dependent lifestyle, parasites may adapt to the abiotic environment in ways that differ from their hosts or from free-living relatives; yet rarely has this been assessed. Here, we test two competing hypotheses related to whether putatively adaptive genetic variation in a specialist mistletoe associates with the same, or different, climatic variables as its host species. We sampled 11 populations of the specialist mistletoe Amyema gibberula var. tatei (n = 154) and 10 populations of its associated host Hakea recurva subsp. recurva (n = 160). Reduced-representation sequencing was used to obtain genome-wide markers and putatively adaptive variation detected using genome scan methods. Climate associations were identified using generalized dissimilarity modelling, and these were mapped geographically to visualize the spatial patterns of genetic composition. Our results supported the hypothesis of parasites and host species responding differently to climatic variables. Temperature was relatively more important in predicting allelic turnover in the specialist mistletoe while precipitation was more important for the host. This suggests that parasitic plants and host species may respond differently to selective pressures, potentially as a result of differing nutrient acquisition strategies. Specifically, mistletoes acquire water from hosts (rather than the abiotic environment), which may provide a buffer to precipitation as a selective pressure. This work deepens and complements the physiological and other ecological studies of adaptation and provides a window into the evolutionary processes that underlie previously observed phenomena. Applying these methods to a comparative study in a host–parasite system has also highlighted factors that affect the study of selection pressure on nonmodel organisms, such as differing adaptation rates and lack of reference genomes. © 2021 The Authors. Evolutionary Applications published by John Wiley & Sons Ltd."
164,10.1111/1755-0998.12067,"CartograTree: Connecting tree genomes, phenotypes and environment",2013,Molecular Ecology Resources,"Vasquez-Gross, H.A.; Yu, J.J.; Figueroa, B.; Gessler, D.D.G.; Neale, D.B.; Wegrzyn, J.L.",scopus;wos,"Today, researchers spend a tremendous amount of time gathering, formatting, filtering and visualizing data collected from disparate sources. Under the umbrella of forest tree biology, we seek to provide a platform and leverage modern technologies to connect biotic and abiotic data. Our goal is to provide an integrated web-based workspace that connects environmental, genomic and phenotypic data via geo-referenced coordinates. Here, we connect the genomic query web-based workspace, DiversiTree and a novel geographical interface called CartograTree to data housed on the TreeGenes database. To accomplish this goal, we implemented Simple Semantic Web Architecture and Protocol to enable the primary genomics database, TreeGenes, to communicate with semantic web services regardless of platform or back-end technologies. The novelty of CartograTree lies in the interactive workspace that allows for geographical visualization and engagement of high performance computing (HPC) resources. The application provides a unique tool set to facilitate research on the ecology, physiology and evolution of forest tree species. CartograTree can be accessed at: http://dendrome.ucdavis.edu/cartogratree. © 2013 Blackwell Publishing Ltd."
165,10.1111/nph.16669,"Genomic insights into adaptation to heterogeneous environments for the ancient relictual Circaeaster agrestis (Circaeasteraceae, Ranunculales)",2020,New Phytologist,"Zhang, X.; Sun, Y.; Landis, J.B.; Zhang, J.; Yang, L.; Lin, N.; Zhang, H.; Guo, R.; Li, L.; Zhang, Y.; Deng, T.; Sun, H.; Wang, H.",scopus;wos,"Investigating the interaction between environmental heterogeneity and local adaptation is critical for understanding the evolutionary history of a species, providing the premise for studying the response of organisms to rapid climate change. However, for most species how exactly the spatial heterogeneity promotes population divergence and how genomic variations contribute to adaptive evolution remain poorly understood. We examine the contributions of geographical and environmental variables to population divergence of the relictual, alpine herb Circaeaster agrestis, as well as the genetic basis of local adaptation using RAD-seq and plastome data. We detected significant genetic structure with an extraordinary disequilibrium of genetic diversity among regions, and signals of isolation-by-distance along with isolation-by-resistance. The populations were estimated to begin diverging in the late Miocene, along with a possible ancestral distribution of the Hengduan Mountains and adjacent regions. Both environmental gradient and redundancy analyses revealed significant association between genetic variation and temperature variables. Genome–environment association analyses identified 16 putatively adaptive loci related mainly to biotic and abiotic stress resistance. Our genome-wide data provide new insights into the important role of environmental heterogeneity in shaping genetic structure, and access the footprints of local adaptation in an ancient relictual species, informing future conservation efforts. © 2020 The Authors New Phytologist © 2020 New Phytologist Trust"
166,10.1038/s41437-017-0039-9,"Fine-scale landscape genomics helps explain the slow spatial spread of Wolbachia through the Aedes aegypti population in Cairns, Australia",2018,Heredity,"Schmidt, T.L.; Filipović, I.; Hoffmann, A.A.; Rašić, G.",scopus,"The endosymbiotic bacterium Wolbachia suppresses the capacity for arbovirus transmission in the mosquito Aedes aegypti, and can spread spatially through wild mosquito populations following local introductions. Recent introductions in Cairns, Australia have demonstrated slower than expected spatial spread. Potential reasons for this include: (i) barriers to Ae. aegypti dispersal; (ii) higher incidence of long-range dispersal; and (iii) intergenerational loss of Wolbachia. We investigated these three potential factors using genome-wide single-nucleotide polymorphisms (SNPs) and an assay for the Wolbachia infection wMel in 161 Ae. aegypti collected from Cairns in 2015. We detected a small but significant barrier effect of Cairns highways on Ae. aegypti dispersal using distance-based redundancy analysis and patch-based simulation analysis. We detected a pair of putative full-siblings in ovitraps 1312 m apart, indicating long-distance female movement likely mediated by human transport. We also found a pair of full-siblings of different infection status, indicating intergenerational loss of Wolbachia in the field. These three factors are all expected to contribute to the slow spread of Wolbachia through Ae. aegypti populations, though from our results it is unclear whether Wolbachia loss and long-distance movement are sufficiently common to reduce the speed of spatial spread appreciably. Our findings inform the strategic deployment of Wolbachia-infected mosquitoes during releases, and show how parameter estimates from laboratory studies may differ from those estimated using field data. Our landscape genomics approach can be extended to other host/symbiont systems that are being considered for biocontrol. © 2018 The Author(s)."
167,10.1111/jeb.13742,"Little parallelism in genomic signatures of local adaptation in two sympatric, cryptic sister species",2021,Journal of Evolutionary Biology,"Hartke, J.; Waldvogel, A.-M.; Sprenger, P.P.; Schmitt, T.; Menzel, F.; Pfenninger, M.; Feldmeyer, B.",scopus;wos,"Species living in sympatry and sharing a similar niche often express parallel phenotypes as a response to similar selection pressures. The degree of parallelism within underlying genomic levels is often unexplored, but can give insight into the mechanisms of natural selection and adaptation. Here, we use multi-dimensional genomic associations to assess the basis of local and climate adaptation in two sympatric, cryptic Crematogaster levior ant species along a climate gradient. Additionally, we investigate the genomic basis of chemical communication in both species. Communication in insects is mainly mediated by cuticular hydrocarbons (CHCs), which also protect against water loss and, hence, are subject to changes via environmental acclimation or adaptation. The combination of environmental and chemical association analyses based on genome-wide Pool-Seq data allowed us to identify single nucleotide polymorphisms (SNPs) associated with climate and with chemical differences. Within species, CHC changes as a response to climate seem to be driven by phenotypic plasticity, since there is no overlap between climate- and CHC-associated SNPs. The only exception is the odorant receptor OR22c, which may be a candidate for population-specific CHC recognition in one of the species. Within both species, climate is significantly correlated with CHC differences, as well as to allele frequency differences. However, associated candidate SNPs, genes and functions are largely species-specific and we find evidence for minimal parallel evolution only on the level of genomic regions (J = 0.04). This highlights that even closely related species may follow divergent evolutionary trajectories when expressing similar adaptive phenotypes. © 2020 The Authors. Journal of Evolutionary Biology published by John Wiley & Sons Ltd on behalf of European Society for Evolutionary Biology"
168,10.1093/ije/dyh306,Further development of the case-only design for assessing gene-environment interaction: Evaluation of and adjustment for bias,2004,International Journal of Epidemiology,"Gatto, N.M.; Campbell, U.B.; Rundle, A.G.; Ahsan, H.",scopus;wos,"Background. The case-only study for investigating gene-environment interactions provides increased statistical efficiency over case-control analyses. This design has been criticized for being susceptible to bias arising from non-independence between the genetic and environmental factors in the population. Given that independence is critical to the validity of case-only estimates of interaction, researchers frequently use controls to evaluate whether the independence assumption is tenable, as advised in the literature. Our work investigates to what extent this approach is appropriate and how non-independence can be accounted for in case-only analyses. Methods. We provide a formula in epidemiological terms that illustrates the relationship between the gene-environment association measured among controls and the gene-environment association in the source population. Using this formula, we conducted sensitivity analyses to describe the circumstances in which controls can be used as proxy for the source population when evaluating gene-environment independence. Lastly, we generated hypothetical cohort data to examine whether multivariable modelling approaches can be used to control for non-independence. Results. Our sensitivity analyses show that controls should not be used to evaluate gene-environment independence in the population, even when the baseline risk of disease is low (i.e. 1%), and the interaction and independent effects are moderate (i.e. risk ratio = 2). When the factors are associated, it is possible to remove bias arising from non-independence using standard statistical multivariable techniques in case-only analyses. Conclusions. Even when the disease risk is low, evaluation of gene-environment independence in controls does not provide a consistent test for bias in the case-only study. Given that control for non-independence is possible when the source of the non-independence can be conceptualized, the case-only design may still be a useful epidemiological tool for examining gene-environment interactions. © International Epidemiological Association 2004; all rights reserved."
169,10.1093/biomet/92.2.399,Semiparametric maximum likelihood estimation exploiting gene-environment independence in case-control studies,2005,Biometrika,"Chatterjee, N.; Carroll, R.J.",scopus;wos,We consider the problem of maximum-likelihood estimation in case-control studies of gene-environment associations with disease when genetic and environmental exposures can be assumed to be independent in the underlying population. Traditional logistic regression analysis may not be efficient in this setting. We study the semiparametric maximum likelihood estimates of logistic regression parameters that exploit the gene-environment independence assumption and leave the distribution of the environmental exposures to be nonparametric. We use a profile-likelihood technique to derive a simple algorithm for obtaining the estimator and we study the asymptotic theory. The results are extended to situations where genetic and environmental factors are independent conditional on some other factors. Simulation studies investigate small-sample properties. The method is illustrated using data from a case-control study designed to investigate the interplay of BRCA1/2 mutations and oral contraceptive use in the aetiology of ovarian cancer. © 2005 Biometrika Trust.
170,10.1038/s41366-018-0069-2,Detecting epistasis within chromatin regulatory circuitry reveals CAND2 as a novel susceptibility gene for obesity,2019,International Journal of Obesity,"Dong, S.-S.; Yao, S.; Chen, Y.-X.; Guo, Y.; Zhang, Y.-J.; Niu, H.-M.; Hao, R.-H.; Shen, H.; Tian, Q.; Deng, H.-W.; Yang, T.-L.",scopus;wos,"Background:: Genome-wide association studies have identified many susceptibility loci for obesity. However, missing heritability problem is still challenging and ignorance of genetic interactions is believed to be an important cause. Current methods for detecting interactions usually do not consider regulatory elements in non-coding regions. Interaction analyses within chromatin regulatory circuitry may identify new susceptibility loci. Methods:: We developed a pipeline named interaction analyses within chromatin regulatory circuitry (IACRC), to identify genetic interactions impacting body mass index (BMI). Potential interacting SNP pairs were obtained based on Hi-C datasets, PreSTIGE (Predicting Specific Tissue Interactions of Genes and Enhancers) algorithm, and super enhancer regions. SNP × SNP analyses were next performed in three GWAS datasets, including 2286 unrelated Caucasians from Kansas City, 3062 healthy Caucasians from the Gene Environment Association Studies initiative, and 3164 Hispanic subjects from the Women’s Health Initiative. Results:: A total of 16,643,227 SNP × SNP analyses were performed. Meta-analyses showed that two SNP pairs, rs6808450–rs9813534 (combined P = 2.39 × 10                             −9                             ) and rs6808450–rs3773306 (combined P = 2.89 × 10                             −9                             ) were associated with BMI after multiple testing corrections. Single-SNP analyses did not detect significant association signals for these three SNPs. In obesity relevant cells, rs6808450 is located in intergenic enhancers, while rs9813534 and rs3773306 are located in the region of strong transcription regions of CAND2 and RPL32, respectively. The expression of CAND2 was significantly downregulated after the differentiation of human Simpson–Golabi–Behmel syndrome (SGBS) preadipocyte cells (P = 0.0241). Functional validation in the International Mouse Phenotyping Consortium database showed that CAND2 was associated with increased lean body mass and decreased total body fat amount. Conclusions:: Detecting epistasis within chromatin regulatory circuitry identified CAND2 as a novel obesity susceptibility gene. We hope IACRC could facilitate the interaction analyses for complex diseases and offer new insights into solving the missing heritability problem.                          © 2018, Macmillan Publishers Limited, part of Springer Nature."
171,10.1111/mec.17644,The Impact of Administrative Districts and Urban Landscape on the Dispersal of Aedes aegypti via Genetic Differentiation,2025,Molecular Ecology,"Huang, C.-G.; Tseng, Y.-C.; Yu, T.-H.; Cheng, H.-C.; Tsai, T.-J.; Ting, J.-H.; Ho, H.-Y.; Lee, Y.-Z.; Chiu, Y.-C.; Huang, Y.-T.; Shih, T.-C.; Hsiao, H.-Y.; Wu, Y.-J.; Li, S.-Y.; Huang, Y.-C.; Yang, Y.-C.; Chen, P.-Q.; Hsiao, C.-Y.; Wang, H.-Y.",scopus;wos,"Mosquito-borne diseases affect millions and cause numerous deaths annually. Effective vector control, which hinges on understanding their dispersal, is vital for reducing infection rates. Given the variability in study results, likely due to environmental and human factors, gathering local dispersal data is critical for targeted disease control. To analyse the spread and differentiation of Aedes aegypti in southern Taiwan, we established a dengue vector monitoring network in Southern Taiwan's cities. This network employed GPS-equipped ovitraps to gather eggs that were subsequently hatched in the laboratory and genotyped using genome-wide SNP markers. From 168 individuals, we identified 757,238 SNPs for detailed analysis. The estimated effective dispersal distance was 154 m (95% CI: 126–180 m), consistent with prior mark-release-recapture (MRR) estimates. We discovered that geographic isolation significantly influences genetic differentiation at larger scales, such as between cities, whereas its correlation with genetic distances is considerably weaker at smaller scales, like within cities. This is likely due to the urban landscape in Taiwan, characterised by narrow roads and densely packed buildings, which facilitates extensive dispersal of Ae. aegypti. In evaluating potential barriers to Ae. aegypti dispersal, we found that roads had no significant impact, whereas administrative districts accounted for 4.8% of the population differentiation (p < 10−4). Surprisingly, this variation aligns with the effects of district-specific mosquito control measures implemented at the municipal level. These findings highlight the complex interplay between urban landscapes, administrative measures and Ae. aegypti dispersal, emphasising the need for implementing targeted control strategies that consider these local dynamics. © 2025 John Wiley & Sons Ltd."
172,10.1111/mec.17212,"Selection despite low genetic diversity and high gene flow in a rapid island invasion of the bumblebee, Bombus terrestris",2024,Molecular Ecology,"Kardum Hjort, C.; Paris, J.R.; Smith, H.G.; Dudaniec, R.Y.",scopus;wos,"Invasive species are predicted to adjust their morphological, physiological and life-history traits to adapt to their non-native environments. Although a loss of genetic variation during invasion may restrict local adaptation, introduced species often thrive in novel environments. Despite being founded by just a few individuals, Bombus terrestris (Hymenoptera: Apidae) has in less than 30 years successfully spread across the island of Tasmania (Australia), becoming abundant and competitive with native pollinators. We use RADseq to investigate what neutral and adaptive genetic processes associated with environmental and morphological variation allow B. terrestris to thrive as an invasive species in Tasmania. Given the widespread abundance of B. terrestris, we expected little genetic structure across Tasmania and weak signatures of environmental and morphological selection. We found high gene flow with low genetic diversity, although with significant isolation-by-distance and spatial variation in effective migration rates. Restricted migration was evident across the mid-central region of Tasmania, corresponding to higher elevations, pastural land, low wind speeds and low precipitation seasonality. Tajima's D indicated a recent population expansion extending from the south to the north of the island. Selection signatures were found for loci in relation to precipitation, wind speed and wing loading. Candidate loci were annotated to genes with functions related to cuticle water retention and insect flight muscle stability. Understanding how a genetically impoverished invasive bumblebee has rapidly adapted to a novel island environment provides further understanding about the evolutionary processes that determine successful insect invasions, and the potential for invasive hymenopteran pollinators to spread globally. © 2023 The Authors. Molecular Ecology published by John Wiley & Sons Ltd."
173,10.3389/fevo.2023.980777,"Multilocus environmental adaptation and population structure in the Cerrado gecko Gymnodactylus amarali (Sauria, Phyllodactylidae) from Serra da Mesa Hydroelectric Plant, Central Brazil",2023,Frontiers in Ecology and Evolution,"Miranda, R.B.; Brandão, R.A.; O’Connell, K.; Colli, G.R.; Tonini, J.F.R.; Pyron, R.A.",scopus;wos,"Contrasting environmental conditions across geographic space might promote divergent selection, making adaptation to local biotic and abiotic conditions necessary for populations to survive. In order to understand how populations adapt to different environmental conditions, studies of local adaptation have been largely used as an interface to address ecological and evolutionary questions. Here, we studied populations of Gymnodactylus amarali (Phyllodactylidae) isolated in rapidly created artificial islands. We combined a genotyping-by-sequence (GBS) survey and redundancy analyses (RDA) to investigate genotype–environment associations (GEA), while DAPC, Fst, and Admixture analyses were used to determine genetic structure. Our hypothesis is that G. amarali populations on the islands are going through a local adaptation process and consequently becoming genetically different from the populations on the mainland. Our results indicate that geographic and environmental differences are related to genetic variation, as we detected the presence of two or three distinct genetic lineages in Serra da Mesa, Minaçu, and Colinas do Sul. Fst analysis shows moderate isolation between Serra da Mesa and Minaçu (0.082). The RDA pointed out potential local genetic signal correlated with temperature and precipitation. We identified 230 candidate loci associated with the environment and at least two locally structured subpopulations (Serra da Mesa and Minaçu) show significant association with environmental variation. Copyright © 2023 Miranda, Brandão, O’Connell, Colli, Tonini and Pyron."
174,10.1371/journal.pone.0142864,Evolutionary quantitative genomics of Populus trichocarpa,2015,PLoS ONE,"Porth, I.; Klápště, J.; McKown, A.D.; La Mantia, J.; Guy, R.D.; Ingvarsson, P.K.; Hamelin, R.; Mansfield, S.D.; Ehlting, J.; Douglas, C.J.; El-Kassaby, Y.A.",scopus;wos,"Forest trees generally show high levels of local adaptation and efforts focusing on understanding adaptation to climate will be crucial for species survival and management. Here, we address fundamental questions regarding the molecular basis of adaptation in undomesticated forest tree populations to past climatic environments by employing an integrative quantitative genetics and landscape genomics approach. Using this comprehensive approach, we studied the molecular basis of climate adaptation in 433 Populus trichocarpa (black cottonwood) genotypes originating across western North America. Variation in 74 field-assessed traits (growth, ecophysiology, phenology, leaf stomata, wood, and disease resistance) was investigated for signatures of selection (comparing QST -FST) using clustering of individuals by climate of origin (temperature and precipitation). 29,354 SNPs were investigated employing three different outlier detection methods and marker-inferred relatedness was estimated to obtain the narrow-sense estimate of population differentiation in wild populations. In addition, we compared our results with previously assessed selection of candidate SNPs using the 25 topographical units (drainages) across the P. trichocarpa sampling range as population groupings. Narrow-sense QST for 53% of distinct field traits was significantly divergent from expectations of neutrality (indicating adaptive trait variation); 2,855 SNPs showed signals of diversifying selection and of these, 118 SNPs (within 81 genes) were associated with adaptive traits (based on significant QST). Many SNPs were putatively pleiotropic for functionally uncorrelated adaptive traits, such as autumn phenology, height, and disease resistance. Evolutionary quantitative genomics in P. trichocarpa provides an enhanced understanding regarding the molecular basis of climate-driven selection in forest trees and we highlight that important loci underlying adaptive trait variation also show relationship to climate of origin. We consider our approach the most comprehensive, as it uncovers the molecular mechanisms of adaptation using multiple methods and tests. We also provide a detailed outline of the required analyses for studying adaptation to the environment in a population genomics context to better understand the species' potential adaptive capacity to future climatic scenarios. © 2015 Porth et al. This is an open access article distributed under the terms of the Creative Commons Attribution License, which permits unrestricted use, distribution, and reproduction in any medium, provided the original author and source are credited."
175,10.1111/mec.14948,Tangled banks: A landscape genomic evaluation of Wallace's Riverine barrier hypothesis for three Amazon plant species,2019,Molecular Ecology,"Nazareno, A.G.; Dick, C.W.; Lohmann, L.G.",scopus;wos,"Wallace's Riverine Barrier hypothesis is one of the earliest biogeographic explanations for Amazon speciation, but it has rarely been tested in plants. In this study, we used three woody Amazonian plant species to evaluate Wallace's Hypothesis using tools of landscape genomics. We generated unlinked single-nucleotide polymorphism (SNP) data from the nuclear genomes of 234 individuals (78 for each plant species) across 13 sampling sites along the Rio Branco, Brazil, for Amphirrhox longifolia (8,075 SNPs), Psychotria lupulina (9,501 SNPs) and Passiflora spinosa (14,536 SNPs). Although significantly different migration rates were estimated between species, the population structure data do not support the hypothesis that the Rio Branco—an allopatric barrier for primates and birds—is a significant genetic barrier for Amphirrhox longifolia, Passiflora spinosa or Psychotria lupulina. Overall, we demonstrated that medium-sized rivers in the Amazon Basin, such as the Rio Branco, are permeable barriers to gene flow for animal-dispersed and animal-pollinated plant species. © 2018 John Wiley & Sons Ltd"
176,10.2202/1544-6115.1717,Candidate pathway based analysis for cleft lip with or without cleft palate,2012,Statistical Applications in Genetics and Molecular Biology,"Zhang, T.-X.; Beaty, T.H.; Ruczinski, I.",scopus,"The objective of this research was to identify potential biological pathways associated with non-syndromic cleft lip with or without cleft palate (NSCL/P), and to explore the potential biological mechanisms underlying these associated pathways on risk of NSCL/P. This project was based on the dataset of a previously published genome-wide association (GWA) study on NSCL/P (Beaty et al. 2010). Case-parent trios used here originated from an international consortium (The Gene, Environment Association Studies consortium, GENEVA) formed in 2007. A total of 5,742 individuals from 1,908 CL/P case-parents trios (1,591 complete trios and 317 incomplete trios where one parent was missing) were collected and genotyped using the Illumina Human610-Quad array. Candidate pathways were selected using a list of 356 genes that may be related to oral clefts. In total, 42 candidate pathways, which included 1,564 genes and 40,208 SNPs were tested. Using a pathway-based analysis approach proposed by Wang et al (2007), we conducted a permutationbased test to assess the statistical significance of the nominal p-values of 42 candidate pathways. The analysis revealed several pathways yielding nominally significant p-values. However, controlling for the family wise error rate, none of these pathways could retain statistical significance. Nominal p-values of these pathways were concentrated at the lower tail of the distribution, with more than expected low p-values. A permutation based test for examining this type of distribution pattern yielded an overall p-value of 0.029. Thus, while this pathway-based analysis did not yield a clear significant result for any particular pathway, we conclude that one or more of the genes and pathways considered here likely do play a role in oral clefting. © 2012 De Gruyter. All rights reserved."
177,10.1038/s42003-025-08673-w,Genomic signatures of adaptation in seed traits in the wild plant Brassica incana,2025,Communications Biology,"Laccetti, L.; Carta, A.; Barone Lumaga, M.R.; Frachon, L.; Scopece, G.",scopus;wos,"Seed traits underlying germination, by determining the environment experienced by plants throughout their lifetime, can play a key role in shaping plants’ adaptive strategies. However, the genomic bases of adaptation in seed traits and its link with local biotic and abiotic environments remain largely unexplored. Here, we used a pool-sequencing approach combining genome-wide association (GWA), genome-environment association (GEA) and a genome wide scan of a spatial genomic differentiation index (XTX) to identify putative signatures of adaptation in seed traits and to climate and pollinator community across 14 populations of the wild plant species Brassica incana. We observed a complex genetic architecture potentially involved in seed trait adaptation, which varied depending on the seed trait function. Also, we identified several candidate genes simultaneously linked to signals of adaptation in seed traits and local abiotic or biotic conditions. These results expand our understanding on the adaptive value of seed traits, on its interaction with environmental conditions and on its potential for shaping the evolutionary trajectory of wild plant populations. © The Author(s) 2025."
178,,Statistical Analysis of Molecular Epidemiology Studies Employing Case-Series,1994,Cancer Epidemiology Biomarkers and Prevention,"Begg, C.B.; Zhang, Z.-F.",scopus;wos,"The case-series design is being used increasingly to explore associations between environmental risk factors and genetic markers. It is demonstrated that the odds ratio derived from a case-series study is the ratio of the relative risk for developing marker-positive disease to the relative risk for developing marker-negative disease. This parameter is an empirical manifestation of etiological heterogeneity with respect to the risk factor under study, and it can be used to construct a statistical significance test. Presence of etiological heterogeneity, as reflected in departures of this parameter from unity, could be a result of either the presence of distinct causal mechanisms for the two categories of cases, or a different strength of effect via the same mechanism. The case-series approach represents an efficient and valid approach for evaluating gene-environment associations, especially in referral centers where it is difficult to identify a valid control group. © 1994, American Association for Cancer Research. All rights reserved."
179,10.1642/auk-16-49.1,A field ornithologist's guide to genomics: Practical considerations for ecology and conservation,2016,Auk,"Oyler-McCance, S.J.; Oh, K.P.; Langin, K.M.; Aldridge, C.L.",scopus;wos,"Vast improvements in sequencing technology have made it practical to simultaneously sequence millions of nucleotides distributed across the genome, opening the door for genomic studies in virtually any species. Ornithological research stands to benefit in three substantial ways. First, genomic methods enhance our ability to parse and simultaneously analyze both neutral and non-neutral genomic regions, thus providing insight into adaptive evolution and divergence. Second, the sheer quantity of sequence data generated by current sequencing platforms allows increased precision and resolution in analyses. Third, high-throughput sequencing can benefit applications that focus on a small number of loci that are otherwise prohibitively expensive, time-consuming, and technically difficult using traditional sequencing methods. These advances have improved our ability to understand evolutionary processes like speciation and local adaptation, but they also offer many practical applications in the fields of population ecology, migration tracking, conservation planning, diet analyses, and disease ecology. This review provides a guide for field ornithologists interested in incorporating genomic approaches into their research program, with an emphasis on techniques related to ecology and conservation. We present a general overview of contemporary genomic approaches and methods, as well as important considerations when selecting a genomic technique. We also discuss research questions that are likely to benefit from utilizing high-throughput sequencing instruments, highlighting select examples from recent avian studies. © 2016 American Ornithologists' Union."
180,10.1007/s00439-026-02838-1,Bringing environment back into human evolution: why human genetics needs genome-environment association studies,2026,Human Genetics,"Sun, P.-W.",scopus;wos,"Understanding the genetic basis of human adaptation to environmental pressures is a central question in evolutionary biology. Recent advancements in genome-environment association (GEA) methods have provided novel insights into how genetic variation is shaped by climate, diet, altitude, pathogens, and other environmental factors. However, despite significant progress in non-human studies, the application of GEA in human populations remains underused. This article synthesizes recent GEA methodological advancements, including redundancy analysis (RDA) and machine learning approaches, such as gradient forest (GF), to improve the detection of selection signals while accounting for demographic noise. Furthermore, I discuss the implications of historical GEA projection and genetic offset to human adaptation, particularly in the context of rapid urbanization and climate change. By integrating genomic, environmental, and epidemiological data, GEA has the potential not only to enhance our understanding of past human evolution but also to evaluate how allele–environment relationships may shift under future environmental change. By refining statistical models and expanding studies to diverse populations, GEA can play a critical role in elucidating the mechanisms underlying human adaptation and characterizing how selective forces shape the spatial distribution of adaptive alleles. © The Author(s), under exclusive licence to Springer-Verlag GmbH Germany, part of Springer Nature 2026."
181,10.1002/ece3.5225,Detecting the genetic basis of local adaptation in loblolly pine (Pinus taeda L.) using whole exome-wide genotyping and an integrative landscape genomics analysis approach,2019,Ecology and Evolution,"Lu, M.; Loopstra, C.A.; Krutovsky, K.V.",scopus;wos,"In the Southern United States, the widely distributed loblolly pine contributes greatly to lumber and pulp production, as well as providing many important ecosystem services. Climate change may affect the productivity and range of loblolly pine. Nevertheless, we have insufficient knowledge of the adaptive potential and the genetics underlying the adaptability of loblolly pine. To address this, we tested the association of 2.8 million whole exome-based single nucleotide polymorphisms (SNPs) with climate and geographic variables, including temperature, precipitation, latitude, longitude, and elevation data. Using an integrative landscape genomics approach by combining multiple environmental association and outlier detection analyses, we identified 611 SNPs associated with 56 climate and geographic variables. Longitude, maximum temperature of the warm months and monthly precipitation associated with most SNPs, indicating their importance and complexity in shaping the genetic variation in loblolly pine. Functions of candidate genes related to terpenoid synthesis, pathogen defense, transcription factors, and abiotic stress response. We provided evidence that environment-associated SNPs also composed the genetic structure of adaptive phenotypic traits including height, diameter, metabolite levels, and gene transcript abundance. Our study promotes understanding of the genetic basis of local adaptation in loblolly pine and provides promising tools for selecting genotypes adapted to local environments in a changing climate. © 2019 The Authors. Ecology and Evolution published by John Wiley & Sons Ltd."
182,10.1038/s42003-024-07036-1,Signatures of local adaptation and maladaptation to future climate in wild Zizania latifolia,2024,Communications Biology,"Zou, Y.; Yang, W.; Zhang, R.; Xu, X.",scopus;wos,"Global climate change poses challenges to agricultural production and food security. Assessing the adaptive capacity of crop wild relatives to future climate is important for protecting key germplasm resources and breeding new crops. We performed population genomics, genotype-environment association analyses, and genomic offset assessment of Chinese wild rice, Zizania latifolia, a crop wild relative and potential new grain crop, based on 168 individuals from 42 populations. We found two genetic lineages in Z. latifolia, corresponding to the south and north of its range, that diverged during the Late Pleistocene. We also identified lineage-specific positively selected genes associated with flower development and flowering, seed shattering, pathogen defense response and cold tolerance. We further found that populations from southeastern China are the most maladapted to future climate and should be prioritized for conservation. Our findings provide important clues for leveraging existing genetic diversity to identify important germplasm resources and create climate-resilient crops. © The Author(s) 2024."
183,10.1002/ece3.10620,Identifying genetic variation associated with environmental gradients and drought-tolerance phenotypes in ponderosa pine,2023,Ecology and Evolution,"Shu, M.; Moran, E.V.",scopus;wos,"As climate changes, understanding the genetic basis of local adaptation in plants becomes an ever more pressing issue. Combining genotype-environment association (GEA) with genotype–phenotype association (GPA) analysis has an exciting potential to uncover the genetic basis of environmental responses. We use these approaches to identify genetic variants linked to local adaptation to drought in Pinus ponderosa. Over 4 million Single Nucleotide Polymorphisms (SNPs) were identified using 223 individuals from across the Sierra Nevada of California. 927,740 (22.3%) SNPs were retained after filtering for proximity to genes and used in our association analyses. We found 1374 associated with five major climate variables, with the largest number (1151) associated with April 1st snowpack. We also conducted a greenhouse study with various drought-tolerance traits measured in first-year seedlings of a subset of the genotyped trees grown in the greenhouse. 796 SNPs were associated with control-condition trait values, while 1149 were associated with responsiveness of these traits to drought. While no individual SNPs were associated with both the environmental variables and the measured traits, several annotated genes were associated with both, particularly those involved in cell wall formation, biotic and abiotic stress responses, and ubiquitination. However, the functions of many of the associated genes have not yet been determined due to the lack of gene annotation information for conifers. Future studies are needed to assess the developmental roles and ecological significance of these unknown genes. © 2023 The Authors. Ecology and Evolution published by John Wiley & Sons Ltd."
184,10.1111/mec.15537,Contrasting patterns of local adaptation along climatic gradients between a sympatric parasitic and autotrophic tree species,2020,Molecular Ecology,"Walters, S.J.; Robinson, T.P.; Byrne, M.; Wardell-Johnson, G.W.; Nevill, P.",scopus;wos,"Sympatric tree species are subject to similar climatic drivers, posing a question as to whether they display comparable adaptive responses. However, no study has explicitly examined local adaptation of co-occurring parasitic and autotrophic plant species to the abiotic environment. Here we test the hypotheses that a generalist parasitic tree would display a weaker signal of selection and that genomic variation would associate with fewer climatic variables (particularly precipitation) but have similar spatial patterns to a sympatric autotrophic tree species. To test these hypotheses, we collected samples from 17 sites across the range of two tree species, the hemiparasite Nuytsia floribunda (n = 264) and sympatric autotroph Melaleuca rhaphiophylla (n = 272). We obtained 5,531 high-quality genome-wide single nucleotide polymorphisms (SNPs) for M. rhaphiophylla and 6,727 SNPs for N. floribunda using DArTseq genome scan technology. Population differentiation and environmental association approaches were used to identify signals of selection. Generalized dissimilarly modelling was used to detect climatic and spatial patterns of local adaptation across climatic gradients. Overall, 322 SNPs were identified as putatively adaptive for the autotroph, while only 57 SNPs were identified for the parasitic species. We found genomic variation to associate with different sets of bioclimatic variables for each species, with precipitation relatively less important for the parasite. Spatial patterns of predicted adaptive variability were different and indicate that co-occurring species with disparate life history traits may not respond equally to selective pressures (i.e., temperature and precipitation). Together, these findings provide insight into local adaptation of sympatric parasitic and autotrophic tree species to abiotic environments. © 2020 John Wiley & Sons Ltd"
185,10.1007/s00122-025-05010-x,Climate change and plant genomic plasticity,2025,Theoretical and Applied Genetics,"Pozzi, C.M.; Gaiti, A.; Spada, A.",scopus,"Key message: Genome adaptation, driven by mutations, transposable elements, and structural variations, relies on plasticity and instability. This allows populations to evolve, enhance fitness, and adapt to challenges like climate change. Abstract: Genomes adapt via mutations, transposable elements, DNA structural changes, and epigenetics. Genome plasticity enhances fitness by providing the genetic variation necessary for organisms to adapt their traits and survive, which is especially critical during rapid climate shifts. This plasticity often stems from genome instability, which facilitates significant genomic alterations like duplications or deletions. While potentially harmful initially, these changes increase genetic diversity, aiding adaptation. Major genome reorganizations arise from polyploidization and horizontal gene transfer, both linked to instability. Plasticity and restructuring can modify Quantitative Trait Loci (QTLs), contributing to adaptation. Tools like landscape genomics identify climate-selected regions, resurrection ecology reveals past adaptive responses, and pangenome analysis examines a species’ complete gene set. Signatures of past selection include reduced diversity and allele frequency shifts. Gene expression plasticity allows environmental adaptation without genetic change through mechanisms like alternative splicing, tailoring protein function. Co-opted transposable elements also generate genetic and regulatory diversity, contributing to genome evolution. This review consolidates these findings, repositioning genome instability not as a mere source of random error but as a fundamental evolutionary engine that provides the rapid adaptive potential required for plant survival in the face of accelerating climate change. © The Author(s) 2025."
186,10.1093/g3journal/jkac203,Genomic-environmental associations in wild cranberry (Vaccinium macrocarpon Ait.),2022,"G3: Genes, Genomes, Genetics","Neyhart, J.L.; Kantar, M.B.; Zalapa, J.; Vorsa, N.",scopus;wos,"Understanding the genetic basis of local adaptation in natural plant populations, particularly crop wild relatives, may be highly useful for plant breeding. By characterizing genetic variation for adaptation to potentially stressful environmental conditions, breeders can make targeted use of crop wild relatives to develop cultivars for novel or changing environments. This is especially appealing for improving long-lived woody perennial crops such as the American cranberry (Vaccinium macrocarpon Ait.), the cultivation of which is challenged by biotic and abiotic stresses. In this study, we used environmental association analyses in a collection of 111 wild cranberry accessions to identify potentially adaptive genomic regions for a range of bioclimatic and soil conditions. We detected 126 significant associations between SNP marker loci and environmental variables describing temperature, precipitation, and soil attributes. Many of these markers tagged genes with functional annotations strongly suggesting a role in adaptation to biotic or abiotic conditions. Despite relatively low genetic variation in cranberry, our results suggest that local adaptation to divergent environments is indeed present, and the identification of potentially adaptive genetic variation may enable a selective use of this germplasm for breeding more stress-tolerant cultivars. © 2022 Genetics Society of America. All rights reserved."
187,10.1111/hel.12308,"Xenobiotic Pathway Gene Polymorphisms Associated with Gastric Cancer in High Risk Mizo-Mongoloid Population, Northeast India",2016,Helicobacter,"Ghatak, S.; Yadav, R.P.; Lalrohlui, F.; Chakraborty, P.; Ghosh, S.; Ghosh, S.; Das, M.; Pautu, J.L.; Zohmingthanga, J.; Senthil Kumar, N.",scopus,"Background: The aim of this study was to evaluate the risk of gastric cancer associated with individual or combined glutathione S-transferases (GSTs) polymorphism and their interaction with environmental factors. Materials and Methods: Genotyping by PCR was carried out for 80 cases and controls each for GSTM1, GSTT1, and GSTP1 polymorphism and mapped for gene—environment association studies. The samples were subjected to pathogen detection and GSTP1 expression for analyzing their association with different genotypes. Logistic regression analyses were conducted to compute the influence of both genetic and environmental factors for gastric cancer. MDR analysis was performed to assess the risk of gastric cancer by studying the gene–gene and gene–environment effect on the basis of GST genotyping and GSTP1 gene expression. Results: Infection with Helicobacter pylori and CagA+ strains was more frequent in patients with GSTM1/T1 null genotype. Intake of high fermented fat and smoked meat was found to be significantly associated with gastric cancer. The G/G, A/G (rs1695), and T/T (rs1138272) were found to be significantly associated with low expression of GSTP1 gene in cancer tissue. Conclusion: Presence of H. pylori with CagA genotype showed significant individual effect with GSTT1 polymorphism as well as strong synergistic effect in gastric cancer risk. Majority of the gastric cancer samples showed significant negative expression in G/G, A/G (rs1695), and T/T (rs1138272) genotypes. This study shows that GST gene polymorphism was significantly relevant for determining the individual susceptibility to gastric cancer. © 2016 John Wiley & Sons Ltd"
188,10.1111/csp2.12956,A review of population and landscape level dynamics associated with pneumonia outbreaks in bighorn sheep with implications for land management,2023,Conservation Science and Practice,"Paolini, K.E.; Schwartz, M.K.; Friggens, M.M.; Cushman, S.A.; Weckworth, J.K.; Holbrook, J.D.",scopus;wos,"Wildlife conservation necessitates understanding spatiotemporal drivers that facilitate disease outbreaks. Wildlife diseases are influenced by population and landscape level factors which affects host species’ persistence through time. Recurrent pneumonia outbreaks in bighorn sheep have impeded population recovery throughout the western US. Recovery efforts have included translocating animals, limiting contact with known reservoirs, removing infected individuals, and depopulating herds, but pneumonia outbreaks continue to negatively impact recovery. Here, our objective was to systematically review the current literature focused on population and landscape level drivers that can contribute to pneumonia outbreaks in bighorn sheep. We reviewed 115 studies and discovered consistent themes important to address for future conservation. One of the primary themes to advance management includes understanding how population demographics, such as age and sex cohorts, can help elucidate drivers and maintenance of pathogens associated with respiratory disease. Second, broadening knowledge of landscape level processes including population connectivity and metapopulation dynamics can inform management and recovery efforts. We identified a need for comprehensive assessments that incorporate population dynamics, landscape genomics, and population connectivity across multiple spatiotemporal scales to advance landscape management. Finally, we provide directions for future research to help managers mitigate pneumonia outbreaks and aid bighorn sheep recovery. © 2023 The Authors. Conservation Science and Practice published by Wiley Periodicals LLC on behalf of Society for Conservation Biology."
189,10.3390/ijms21051776,A possible link of genetic variations in ER/IGF1R pathway and risk of melanoma,2020,International Journal of Molecular Sciences,"Yuan, T.-A.; Yourk, V.; Farhat, A.; Guo, K.L.; Garcia, A.; Meyskens, F.L.; Liu-Smith, F.",scopus;wos,"The mechanism of gender disparity in cutaneous melanoma incidence remains unclear. Steroid hormones including estrogens have long been implicated in the course of melanoma, but the conclusion is controversial. Estrogen receptors (ERs) and insulin-like growth factor 1 receptor (IGF1R) show extensive crosstalk in cancer development, but how the ER/IGF1R network impacts melanoma is currently unclear. Here we studied the melanoma associations of selected SNPs from the ER/IGF1R network. Part of the International Genes, Environment, and Melanoma (GEM) cohort was used as a discovery set, and the Gene Environment Association Studies Initiative (GENEVA) dataset served as a validation set. Based on the associations with other malignant disease conditions, thirteen single nucleotide polymorphism (SNP) variants in ESR1, ESR2, IGF1, and IGF1R were selected for candidate gene association analyses. The rs1520220 in IGF1 and rs2229765 in IGF1R variants were significantly associated with melanoma risk in the GEM dataset after Benjamini-Hochberg multiple comparison correction, although they were not validated in the GENEVA set. The discrepancy may be caused by the multiple melanoma characteristics in the GEM patients. Further analysis of gender disparity was carried out for IGF1 and IGF1R SNPs in the GEM dataset. The GG phenotype in IGF1 rs1520220 (recessive model) presented an increased risk of melanoma (OR = 8.11, 95% CI: 2.20, 52.5, p = 0.006) in men but a significant opposite effect in women (OR = 0.15, 95% CI: 0.018, 0.86, p = 0.045). The AA genotype in IGF1R rs2229765 (recessive model) showed a significant protective effect in men (OR = 0.24, 95% CI: 0.07, 0.64, p = 0.008) and no effect in women. Results from the current study are warranted for further validation. © 2020 by the authors. Licensee MDPI, Basel, Switzerland."
190,10.1371/journal.pntd.0011486,Genetic differentiation among Aedes aegypti populations from different eco-geographical zones of India,2023,PLoS Neglected Tropical Diseases,"Sumitha, M.K.; Kalimuthu, M.; Kumar, M.S.; Paramasivan, R.; Kumar, N.P.; Sunish, I.P.; Balaji, T.; Sarma, D.K.; Kumar, D.; Suman, D.S.; Srivastava, H.; Bhowmick, I.P.; Vaishnav, K.; Singh, O.P.; Patil, P.B.; Tyagi, S.; Mohanty, S.S.; Barik, T.K.; Uragayala, S.; Kumar, A.; Gupta, B.",scopus;wos,"The present study explicitly evaluated the genetic structure of Aedes aegypti Linn, the vector of dengue, chikungunya, and Zika viruses, across different geo-climatic zones of India and also elucidated the impact of ecological and topographic factors. After data quality checks and removal of samples with excess null alleles, the final analysis was performed on 589 individual samples using 10 microsatellite markers. Overall findings of this study suggested that, Ae. aegypti populations are highly diverse with moderate genetic differentiation between them. Around half of the populations (13 out of 22) formed two genetic clusters roughly associated with geographical regions. The remaining nine populations shared genetic ancestries with either one or both of the clusters. A significant relationship between genetic and geographic distance was observed, indicating isolation by distance. However, spatial autocorrelation analysis predicted the signs of long-distance admixture. Post-hoc environmental association analysis showed that 52.7% of genetic variations were explained by a combination of climatic and topographic factors, with latitude and temperature being the best predictors. This study indicated that though overall genetic differentiation among Ae. aegypti populations across India is moderate (Fst = 0.099), the differences between the populations are developing due to the factors associated with geographic locations. This study improves the understanding of the Ae. aegypti population structure in India that may assist in predicting mosquito movements across the geo-climatic zones, enabling effective control strategies and assessing the risk of disease transmission. © 2023 Sumitha et al."
191,10.1007/s00125-012-2568-3,"Integration of disease-specific single nucleotide polymorphisms, Expression quantitative trait loci and coexpression networks reveal novel candidate genes for type 2 diabetes",2012,Diabetologia,"Kang, H.P.; Yang, X.; Chen, R.; Zhang, B.; Corona, E.; Schadt, E.E.; Butte, A.J.",scopus;wos,"Aims/hypothesis: While genome-wide association studies (GWASs) have been successful in identifying novel variants associated with various diseases, it has been much more difficult to determine the biological mechanisms underlying these associations. Expression quantitative trait loci (eQTL) provide another dimension to these data by associating single nucleotide polymorphisms (SNPs) with gene expression. We hypothesised that integrating SNPs known to be associated with type 2 diabetes with eQTLs and coexpression networks would enable the discovery of novel candidate genes for type 2 diabetes. Methods: We selected 32 SNPs associated with type 2 diabetes in two or more independent GWASs. We used previously described eQTLs mapped from genotype and gene expression data collected from 1,008 morbidly obese patients to find genes with expression associated with these SNPs. We linked these genes to coexpression modules, and ranked the other genes in these modules using an inverse sum score. Results: We found 62 genes with expression associated with type 2 diabetes SNPs. We validated our method by linking highly ranked genes in the coexpression modules back to SNPs through a combined eQTL dataset. We showed that the eQTLs highlighted by this method are significantly enriched for association with type 2 diabetes in data from the Wellcome Trust Case Control Consortium (WTCCC, p=0.026) and the Gene Environment Association Studies (GENEVA, p=0.042), validating our approach. Many of the highly ranked genes are also involved in the regulation or metabolism of insulin, glucose or lipids. Conclusions/ interpretation: We have devised a novelmethod, involving the integration of datasets of different modalities, to discover novel candidate genes for type 2 diabetes. © The Author(s) 2012."
192,10.1186/1471-2407-8-54,"A haplotype of polymorphisms in ASE-1, RAI and ERCC1 and the effects of tobacco smoking and alcohol consumption on risk of colorectal cancer: A danish prospective case-cohort study",2008,BMC Cancer,"Hansen, R.D.; Sørensen, M.; Tjønneland, A.; Overvad, K.; Wallin, H.; Raaschou-Nielsen, O.; Vogel, U.",scopus;wos,"Background: Single nucleotide polymorphisms (SNPs) are the most frequent type of genetic variation in the human genome, and are of interest for the study of susceptibility to and protection from diseases. The haplotype at chromosome 19q13.2-3 encompassing the three SNPs ASE-1 G-21A, RAI IVS1 A4364G and ERCC1 Asn118Asn have been associated with risk of breast cancer and lung cancer. Haplotype carriers are defined as the homozygous carriers of RAI IVS1 A4364GA, ERCC1 Asn118AsnT and ASE-1 G-21AG. We aimed to evaluate whether the three polymorphisms and the haplotype are associated to risk of colorectal cancer, and investigated gene-environment associations between the polymorphisms and the haplotype and smoking status at enrolment, smoking duration, average smoking intensity and alcohol consumption, respectively, in relation to risk of colorectal cancer. Methods: Associations between the three individual polymorphisms, the haplotype and risk of colorectal cancer were examined, as well as gene-environment interaction, in a Danish case-cohort study including 405 cases and a comparison group of 810 persons. Incidence rate ratio (IRR) were estimated by the Cox proportional hazards model stratified according to gender, and two-sided 95% confidence intervals (CI) and p-values were calculated based on robust estimates of the variance-covariance matrix and Wald's test of the Cox regression parameter. Results: No consistent associations between the three individual polymorphisms, the haplotype and risk of colorectal cancer were found. No statistically significant interactions between the genotypes and the lifestyle exposures smoking or alcohol consumption were observed. Conclusion: Our results suggest that the ASE-1 G-21A, RAI IVS1 A4364G and ERCC1 Asn118Asn polymorphisms and the previously identified haplotype are not associated with risk of colorectal cancer. We found no evidence of gene-environment interaction between the three polymorphisms and the haplotype and smoking intensity and alcohol consumption, respectively, in relation to the risk of colorectal cancer. © 2008 Hansen et al; licensee BioMed Central Ltd."
193,10.1111/mec.16080,Genetic connectivity of two marine gastropods in the Mediterranean Sea: seascape genetics reveals species-specific oceanographic drivers of gene flow,2021,Molecular Ecology,"López-Márquez, V.; Cushman, S.A.; Templado, J.; Wan, H.Y.; Bothwell, H.M.; Machordom, A.",scopus;wos,"Oceanographic features such as currents, waves, temperature and salinity, together with life history traits, control patterns and rates of gene flow and contribute to shaping the population genetic structure of marine organisms. Seascape genetics is an emerging discipline that adopts a spatially explicit approach to examine biotic and abiotic factors that drive gene flow in marine environments. In this study, we examined factors that contribute to genetic differentiation in two coastal Mediterranean gastropods whose geographical ranges overlap but which inhabit different environments. The two species differ in several life history traits and in their dispersal capabilities. Genetic differentiation was relatively low for the trochid species Gibbula divaricata (FST =0.059), and high for the vermetid species Dendropoma lebeche (FST =0.410). Salinity emerged as the most important variable explaining the genetic structure of both species; sea surface temperature was also important for G. divaricata. For the more sessile D. lebeche, the coastline was predicted to provide important pathways for stepping-stone connectivity and gene flow. Our results provide a greater understanding of the factors influencing marine population connectivity, which may be useful to guide marine conservation and management in the Mediterranean. © 2021 John Wiley & Sons Ltd"
194,10.1111/ahg.12019,The effect of genetic admixture in an association study: Genetic polymorphisms and chromosome aberrations in a colombian population exposed to organic solvents,2013,Annals of Human Genetics,"Hoyos-Giraldo, L.S.; Escobar-Hoyos, L.F.; Reyes-Carvajal, L.F.E.; García, J.J.; Coŕdoba, L.; Gómez, A.S.; Garcia-Vallejo, F.; Cajas-Salazar, N.; Carvajal, S.; Bedoya, G.",scopus;wos,"The human population is heterogeneous in genetic susceptibility, chromosomal instability and disease risk; all factors which depend on inherited genetic constitution and acquired nongenetic environmental and occupational factors. Recently, special attention has been directed to the identification of sources of potential bias in population studies of gene-environment interactions including genetic admixture. The aim of this study was to evaluate the effect of genetic admixture in the association of genetic polymorphisms and chromosome aberrations (CA) in a population exposed to organic solvents. We assessed genetic admixture via 34 genetic ancestry informative markers (AIMs) in 398 Colombian individuals.We report a statistically significant difference of higher CA frequency in individuals' below-average European component, and in individuals' above-average Native American component after adjusting for covariates. In addition, the confounding risk ratio values are ≥10% than the adjusted risk ratio, suggesting that population stratification is a confounding factor in this gene-environment association study. Furthermore, after adjusting for individual admixture proportions and covariates, the results demonstrate that glutathione-S-transferase M1 (GSTM1)-null is associated with CA frequency increase. These results suggest that gene-environment association studies that involve recently admixed populations should take into consideration population stratification as a confounding factor and suggest GSTM1-null as a genetic marker associated with CA frequency increase. © 2013 John Wiley & Sons Ltd/University College London."
195,10.1186/s12864-021-07470-z,Comparative analysis of drought-responsive and -adaptive genes in Chinese wingnut (Pterocarya stenoptera C. DC),2021,BMC Genomics,"Li, Y.; Si, Y.-T.; He, Y.-X.; Li, J.-X.",scopus;wos,"Background: Drought is the main stress factor for the cultivation of Pterocarya stenoptera in urban areas, and this factor will cause its dehydration and affect its growth. Identifying drought-related genes will be useful for understanding the drought adaptation mechanism of P. stenoptera. Results: We used physiological indicator detection, comparative transcriptome sequencing, and reanalysis on the results of previous landscape genomics studies to investigate the drought adaptation mechanism in P. stenoptera. The changes in malondialdehyde content showed that P. stenoptera was remarkably affected by drought stress, and the increase in soluble sugar content suggested its important role in response to drought stress. Results of comparative transcriptome sequencing showed that P. stenoptera initiated a series of programs, such as increasing the gene expression of unsaturated fatty acids, tyrosine, and plant pathogen resistance, to deal with the transient drought stress. According to the annotated results in a previous study, P. stenoptera adapts to the long-term differential drought stress by regulating the thickness of cell walls and expressing upper or lower limits of the downstream genes in the hormone signaling pathway. Through the comparative analysis of drought-responsive and -adaptive genes in P. stenoptera, this study supports the hypothesis that the environment-responsive genes (ERGs) introduced by the transient environmental stresses will be substantially more than the environment-adaptive genes (EAGs) in response to long-term differential environmental stresses, and the EAGs are not necessarily ERGs. Conclusions: Our study identified drought-responsive and -adaptive genes in P. stenoptera and revealed that P. stenoptera increased the gene expression of unsaturated fatty acids, tyrosine, and plant pathogen resistance in response to transient drought stress. This study reveals the different adaptation mechanism of P. stenoptera under the transient and long-term differential drought stresses. © 2021, The Author(s)."
196,10.1073/pnas.2403505121,A genome-guided strategy for climate resilience in American chestnut restoration populations,2024,Proceedings of the National Academy of Sciences of the United States of America,"Sandercock, A.M.; Westbrook, J.W.; Zhang, Q.; Holliday, J.A.",scopus;wos,"American chestnut (Castanea dentata) is a deciduous tree species of eastern North America that was decimated by the introduction of the chestnut blight fungus (Cryphonectria parasitica) in the early 20th century. Although millions of American chestnuts survive as root collar sprouts, these trees rarely reproduce. Thus, the species is considered functionally extinct. American chestnuts with improved blight resistance have been developed through interspecific hybridization followed by conspecific backcrossing, and by genetic engineering. Incorporating adaptive genomic diversity into these backcross families and transgenic lines is important for restoring the species across broad climatic gradients. To develop sampling recommendations for ex situ conservation of wild adaptive genetic variation, we coupled whole-genome resequencing of 384 stump sprouts with genotype–environment association analyses and found that the species range can be subdivided into three seed zones characterized by relatively homogeneous adaptive allele frequencies. We estimated that 21 to 29 trees per seed zone will need to be conserved to capture most extant adaptive diversity. We also resequenced the genomes of 269 backcross trees to understand the extent to which the breeding program has already captured wild adaptive diversity, and to estimate optimal reintroduction sites for specific families on the basis of their adaptive portfolio and future climate projections. Taken together, these results inform the development of an ex situ germplasm conservation and breeding plan to target blight-resistant breeding populations to specific environments and provides a blueprint for developing restoration plans for other imperiled tree species. Copyright © 2024 the Author(s). Published by PNAS."
197,10.1111/mec.15111,Landscape genomics of an obligate mutualism: Concordant and discordant population structures between the leafcutter ant Atta texana and its two main fungal symbiont types,2019,Molecular Ecology,"Smith, C.C.; Weber, J.N.; Mikheyev, A.S.; Roces, F.; Bollazzi, M.; Kellner, K.; Seal, J.N.; Mueller, U.G.",scopus;wos,"To explore landscape genomics at the range limit of an obligate mutualism, we use genotyping-by-sequencing (ddRADseq) to quantify population structure and the effect of host–symbiont interactions between the northernmost fungus-farming leafcutter ant Atta texana and its two main types of cultivated fungus. Genome-wide differentiation between ants associated with either of the two fungal types is of the same order of magnitude as differentiation associated with temperature and precipitation across the ant's entire range, suggesting that specific ant–fungus genome–genome combinations may have been favoured by selection. For the ant hosts, we found a broad cline of genetic structure across the range, and a reduction of genetic diversity along the axis of range expansion towards the range margin. This population-genetic structure was concordant between the ants and one cultivar type (M-fungi, concordant clines) but discordant for the other cultivar type (T-fungi). Discordance in population-genetic structures between ant hosts and a fungal symbiont is surprising because the ant farmers codisperse with their vertically transmitted fungal symbionts. Discordance implies that (a) the fungi disperse also through between-nest horizontal transfer or other unknown mechanisms, and (b) genetic drift and gene flow can differ in magnitude between each partner and between different ant–fungus combinations. Together, these findings imply that variation in the strength of drift and gene flow experienced by each mutualistic partner affects adaptation to environmental stress at the range margin, and genome–genome interactions between host and symbiont influence adaptive genetic differentiation of the host during range evolution in this obligate mutualism. © 2019 John Wiley & Sons Ltd"
198,10.1534/g3.114.010561,Two Genomic Regions Contribute Disproportionately to Geographic Differentiation in Wild Barley,2014,G3-GENES GENOMES GENETICS,"Fang, Z; Gonzales, AM; Clegg, MT; Smith, KP; Muehlbauer, GJ; Steffenson, BJ; Morrell, PL",wos,Genetic differentiation in natural populations is driven by geographic distance and by ecological or physical features within and between natural habitats that reduce migration. The primary population structure in wild barley differentiates populations east and west of the Zagros Mountains. Genetic differentiation between eastern and western populations is uneven across the genome and is greatest on linkage groups 2H and 5H. Genetic markers in these two regions demonstrate the largest difference in frequency between the primary populations and have the highest informativeness for assignment to each population. Previous cytological and genetic studies suggest there are chromosomal structural rearrangements (inversions or translocations) in these genomic regions. Environmental association analyses identified an association with both temperature and precipitation variables on 2H and with precipitation variables on 5H.
199,10.65390/fdiv.2026.136017,Absolute-quantitative microbiome profiling identifies pathogen-sensitive windows and cross-domain assembly rules in Morchella cultivation soils,2026,FUNGAL DIVERSITY,"Chen, Y; Deng, ZL; Cao, XL; Liu, SS; Ou, J; Wang, XR; Liu, LX; Tian, C; Li, TL; Tang, J; Xie, LY",wos,"Although soilborne diseases severely threaten Morchella cultivation, the underlying quantitative microbial processes associated with disease outbreaks remain poorly understood. Here, we profiled high-resolution temporal dynamics across the full cultivation cycle of Morchella sextelata by integrating spike-in-calibrated amplicon sequencing with multidimensional ecological analyses. By overcoming the compositional constraints of traditional relative-abundance data, this approach revealed pronounced, stage-dependent shifts in bacterial 16S rRNA gene and fungal ITS copy-number abundances. We identified a potential disease-risk window spanning the Mycelial Growth Stage to Young Fruiting Body Stage (MGS-YGS), with a core transition phase during primordium formation and early fruiting (PFS-YGS). During this interval, fungal communities exhibited pronounced stage-dependent restructuring, increased network fluctuation, and significant enrichment of putative antagonistic or pathogen-associated genera, particularly Fusarium and Lecanicillium. Community assembly analyses revealed clear domain-specific patterns: bacterial succession was governed predominantly by homogeneous selection and exhibited cohesive, stable association structures, whereas fungal communities were highly responsive to host reproductive transitions and dynamic soil conditions. Environmental association analyses indicated that bacterial dynamics were linked primarily to relatively stable edaphic properties, such as pH, organic matter, and total nitrogen, whereas fungal succession was strongly coupled with labile nutrients and moisture, including available phosphorus, available potassium, and moisture content. Together, these findings provide a quantitative microbiome framework for identifying candidate disease-risk periods in Morchella cultivation soils and highlight fungal community dynamics as sensitive indicators of cultivation-stage transitions. This study advances microbiome-informed strategies for disease management and sustainable morel production."
200,10.3390/ani15162412,Local Climate Adaptation in Chinese Indigenous Pig Genomes,2025,ANIMALS,"Liu, YQ; Xu, Y; Li, GZ; Ayalew, W; Zhong, ZM; Zhang, Z",wos,"Local adaptation allows animal populations to persist in diverse and changing environments, yet its genomic underpinnings remain poorly characterized in livestock. Chinese indigenous pigs, renowned for their rich phenotypic and ecological diversity, offer a powerful model for investigating environmental adaptation. Here, we integrated whole-genome resequencing data, environmental variables, genotype-environment association (GEA) analyses, and functional annotation to explore the adaptive genomic landscape of 46 native pig breeds across China. Based on 578 individuals and 17.7 million SNPs, we performed genome-wide GEA using latent factor mixed models (LFMMs), identifying 8644 SNPs significantly associated with environmental factors, including 310 linked to precipitation in the wettest quarter (BIO16). Redundancy analysis (RDA) and gradient forest modeling identified BIO16 as a major environmental driver of genomic variation. Functional annotation of BIO16-associated SNPs revealed significant enrichment in regulatory elements and genes highly expressed in the lung, spleen, hypothalamus, and intestine, implicating immune and metabolic pathways in local adaptation. Among the candidate loci, MS4A7 exhibited strong association signals, population differentiation, and tissue-specific regulation, suggesting a role in precipitation-mediated adaptation. This work enhances our understanding of livestock adaptation and informs climate-resilient conservation and breeding strategies."
201,10.1111/1755-0998.14052,Optimising Sampling Design for Landscape Genomics,2025,MOLECULAR ECOLOGY RESOURCES,"Bishop, AP; Hart, DET; Wang, IJ",wos,"Landscape genomic approaches for detecting genotype-environment associations (GEA), isolation by distance (IBD) and isolation by environment (IBE) have seen a dramatic increase in use, but there have been few thorough analyses of the influence of sampling strategy on their performance under realistic genomic and environmental conditions. We simulated 24,000 datasets across a range of scenarios with complex population dynamics and realistic landscape structure to evaluate the effects of the spatial distribution and number of samples on common landscape genomics methods. Our results show that common analyses are relatively robust to sampling scheme as long as sampling covers enough environmental and geographic space. We found that for detecting adaptive loci and estimating IBE, sampling schemes that were explicitly designed to increase coverage of available environmental space matched or outperformed sampling schemes that only considered geographic space. When sampling does not cover adequate geographic and environmental space, such as with transect-based sampling, we detected fewer adaptive loci and had higher error when estimating IBD and IBE. We found that IBD could be detected with as few as nine sampling sites, while large sample sizes (e.g., greater than 100 individuals) were crucial for detecting adaptive loci and IBE. We also demonstrate that, even with optimal sampling strategies, landscape genomic analyses are highly sensitive to landscape structure and migration-when spatial autocorrelation and migration are weak, common GEA methods fail to detect adaptive loci."
202,10.1111/mec.16087,Adaptive and nonadaptive causes of heterogeneity in genetic differentiation across the Mimulus guttatus genome,2021,MOLECULAR ECOLOGY,"Colicchio, JM; Hamm, LN; Verdonk, HE; Kooyers, NJ; Blackman, BK",wos,"Genetic diversity becomes structured among populations over time due to genetic drift and divergent selection. Although population structure is often treated as a uniform underlying factor, recent resequencing studies of wild populations have demonstrated that diversity in many regions of the genome may be structured quite dissimilar to the genome-wide pattern. Here, we explored the adaptive and nonadaptive causes of such genomic heterogeneity using population-level, whole genome resequencing data obtained from annual Mimulus guttatus individuals collected across a rugged environment landscape. We found substantial variation in how genetic differentiation is structured both within and between chromosomes, although, in contrast to other studies, known inversion polymorphisms appear to serve only minor roles in this heterogeneity. In addition, much of the genome can be clustered into eight among-population genetic differentiation patterns, but only two of these clusters are particularly consistent with patterns of isolation by distance. By performing genotype-environment association analysis, we also identified genomic intervals where local adaptation to specific climate factors has accentuated genetic differentiation among populations, and candidate genes in these windows indicate climate adaptation may proceed through changes affecting specialized metabolism, drought resistance, and development. Finally, by integrating our findings with previous studies, we show that multiple aspects of plant reproductive biology may be common targets of balancing selection and that variants historically involved in climate adaptation among populations have probably also fuelled rapid adaptation to microgeographic environmental variation within sites."
203,10.1111/mec.17557,Evidence of Intraspecific Adaptive Variation in the American Pika (Ochotona princeps) on a Continental Scale Using a Target Enrichment and Mitochondrial Genome Skimming Approach,2025,MOLECULAR ECOLOGY,"Farrand, ZM; Galbreath, KE; Teeter, KC",wos,"Montane landscapes present an array of abiotic challenges that drive adaptive evolution amongst organisms. These adaptations can promote habitat specialisation, which may heighten the risk of extirpation from environmental change. For example, higher metabolic rates in an endothermic species may contribute to heightened cold tolerance, whilst simultaneously limiting heat tolerance. Here, using the climate-sensitive American pika (Ochotona princeps), we test for evidence of intraspecific adaptive variation amongst environmental gradients across the Intermountain West of North America. We leveraged results from previous studies on pika adaptation to generate a custom nuclear target enrichment design to sequence several hundred candidate genes related to cold, hypoxia and dietary detoxification. We also applied a 'genome skimming' approach to sequence mitochondrial DNA. Using genotype-environment association tests, we identified rare genomic variants associated with elevation and temperature variation amongst populations. Amongst mitochondrial genes, we identified intraspecific variation in selective signals and significant changes to the amino acid property equilibrium constant, which may relate to electron transport chain efficiency. These results illustrate a complex dynamic of adaptive variation amongst O. princeps where lineages and populations have adapted to unique regional conditions. Some of the clearest signals of selection were in a genetic lineage that includes pikas of the Great Basin region, which is also where recent localised extirpations have taken place and highlights the risk of losing adaptive alleles during environmental change."
204,10.1111/brv.70023,Advancements in ecological niche models for forest adaptation to climate change: a comprehensive review,2025,BIOLOGICAL REVIEWS,"Xu, WH; Luo, DW; Peterson, K; Zhao, YR; Yu, Y; Ye, ZY; Sun, JJ; Yan, K; Wang, TL",wos,"Climate change poses significant challenges to the health and functions of forest ecosystems. Ecological niche models have emerged as crucial tools for understanding the impact of climate change on forests at the population, species, and ecosystem levels. These models also play a pivotal role in developing adaptive forest conservation and management strategies. Recent advancements in niche model development have led to enhanced prediction accuracy and broadened applications of niche models, driven using high-quality climate data, improved model algorithms, and the application of landscape genomic information. In this review, we start by elucidating the concept and rationale behind niche models in the context of forestry adaptation to climate change. We then provide an overview of the advancements in occurrence-based, trait-based, and genomics-based models, contributing to a more comprehensive understanding of species responses to climate change. In addition, we summarize findings from 338 studies to highlight the progress made in niche models for forest tree species, including data sources, model algorithms, future climate scenarios used and diverse applications. To assist researchers and practitioners, we provide an exemplar data set and accompanying source code as a tutorial, demonstrating the integration of population genetics into niche models. This paper aims to provide a concise yet comprehensive overview of the continuous advancements and refinements of niche models, serving as a valuable resource for effectively addressing the challenges posed by a changing climate."
205,,Genetic and gene-environment associations with Parkinson's disease (PD) in an Alaska native population,2015,MOVEMENT DISORDERS,"Goldman, SM; Tanner, CM; Trimble, B; Korell, M; Ross, GW; Singleton, AB; Meng, C; Guest, D; Abbott, RD",wos,
206,10.1093/aob/mcad010,Historical biogeography and local adaptation explain population genetic structure in a widespread terrestrial orchid,2023,ANNALS OF BOTANY,"Evans, A; de Kort, H; Brys, R; Duffy, KJ; Jersáková, J; Kull, T; Selosse, MA; Tsiftsis, S; Minasiewicz, J; Jacquemyn, H",wos,"Background and Aims Historical changes in environmental conditions and colonization-extinction dynamics have a direct impact on the genetic structure of plant populations. However, understanding how past environmental conditions influenced the evolution of species with high gene flow is challenging when signals for genetic isolation and adaptation are swamped by gene flow. We investigated the spatial distribution and genetic structure of the widespread terrestrial orchid Epipactis helleborine to identify glacial refugia, characterize postglacial population dynamics and assess its adaptive potential. Methods Ecological niche modelling was used to locate possible glacial refugia and postglacial recolonization opportunities of E. helleborine. A large single-nucleotide polymorphism (SNP) dataset obtained through genotyping by sequencing was used to define population genetic diversity and structure and to identify sources of postglacial gene flow. Outlier analyses were used to elucidate how adaptation to the local environment contributed to population divergence. Key Results The distribution of climatically suitable areas was restricted during the Last Glacial Maximum to the Mediterranean, south-western Europe and small areas in the Alps and Carpathians. Within-population genetic diversity was high in E. helleborine (mean expected heterozygosity, 0.373 +/- 0.006; observed heterozygosity, 0.571 +/- 0.012; allelic richness, 1.387 +/- 0.007). Italy and central Europe are likely to have acted as important genetic sources during postglacial recolonization. Adaptive SNPs were associated with temperature, elevation and precipitation. Conclusions Forests in the Mediterranean and Carpathians are likely to have acted as glacial refugia for Epipactis helleborine. Postglacial migration northwards and to higher elevations resulted in the dispersal and diversification of E. helleborine in central Europe and Italy, and to geographical isolation and divergent adaptation in Greek and Italian populations. Distinguishing adaptive from neutral genetic diversity allowed us to conclude that E. helleborine has a high adaptive potential to climate change and demonstrates that signals of adaptation and historical isolation can be identified even in species with high gene flow."
207,10.1111/fwb.14307,Eggs on a plate: Population-dependent effects of humic substance rich water on perch egg size and hatching success,2024,FRESHWATER BIOLOGY,"Noreikiene, K; Aavik, KE; Kahar, S; Lauringson, M; Taube, K; Diaz-Suarez, A; Gross, R; Vasemägi, A",wos,"1. The ability of fish to sustain environmental perturbations during fragile early-life stages can be of vital importance for populations and species facing rapid global environmental change. One of the potential challenges for aquatic organisms, including teleost fish, is rising concentration of dissolved organic carbon (DOC) in freshwater environments, known as brownification, which causes a cascade of changes including a decreased visibility and pH. Conversely, humic substances are increasingly recognised for their potential antimicrobial and immunostimulant properties. The questions remain whether exposure to humic waters high in DOC during the development causes significant perturbation, and to what extent genetic and parental factors may maintain optimal development in such a possibly challenging environment. 2. To address these questions, we generated pure and hybrid (inter-population) crosses of Eurasian perch (Perca fluviatilis) originating from clear-water and humic lakes. Fertilised eggs from each cross were exposed to natural humic and clear-water lake water. Intra-chorionic space diameter (embryo diameter) and hatching success were recorded. 3. Perch embryos successfully developed even in a small volume of water (5 mL) and majority hatched (70%) by 13 day post-fertilisation. Embryo diameter was influenced by the interaction between cross type and treatment where embryos with maternal clear-water origin were smaller than embryos of humic water origin in both clear-water and humic water treatments. The probability of hatching was not related to female size, but rather to embryo diameter at the eyed stage and the interaction between cross type and treatment, resulting in pure clear-water crosses hatching earlier and at higher numbers. 4. Our study shows that effects of humic water are not uniformally negative in perch and discloses population-dependent responses to humic water exposure during development. Our experimental design also illustrates the utility of multi-well plates for conducting complex high-throughput experiments beyond traditional model species and opens new possibilities for testing perch genotype-environment associations in early-life traits. 5. Taken together, results of this study add to the growing evidence that humic substances may have complex effects on fish during early life, motivating further investigations on their role in shaping natural phenotypes and potential use in the applied sector."
208,10.1016/j.ajhg.2015.01.011,Characterization of Large Structural Genetic Mosaicism in Human Autosomes,2015,AMERICAN JOURNAL OF HUMAN GENETICS,"Machiela, MJ; Zhou, WY; Sampson, JN; Dean, MC; Jacobs, KB; Black, A; Brinton, LA; Chang, IS; Chen, C; Chen, C; Chen, KX; Cook, LS; Bou, MC; De Vivo, I; Doherty, J; Friedenreich, CM; Gaudet, MM; Haiman, CA; Hankinson, SE; Hartge, P; Henderson, BE; Hong, YC; Hosgood, HD; Hsiung, CA; Hu, W; Hunter, DJ; Jessop, L; Kim, HN; Kim, YH; Kim, YT; Klein, R; Kraft, P; Lan, Q; Lin, DX; Liu, JJ; Le Marchand, L; Liang, XL; Lissowska, J; Lu, LG; Magliocco, AM; Matsuo, K; Olson, SH; Orlow, I; Park, JY; Pooler, L; Prescott, J; Rastogi, R; Risch, HA; Schumacher, F; Seow, A; Setiawan, VW; Shen, HB; Sheng, X; Shin, MH; Shu, XO; VanDen Berg, D; Wang, JC; Wentzensen, N; Wong, MP; Wu, C; Wu, TC; Wu, YL; Xia, L; Yang, HP; Yang, PC; Zheng, W; Zhou, BS; Abnet, CC; Albanes, D; Aldrich, MC; Amos, C; Amundadottir, LT; Berndt, SI; Blot, WJ; Bock, CH; Bracci, PM; Burdett, L; Buring, JE; Butler, MA; Carreon, T; Chatterjee, N; Chung, CC; Cook, MB; Cullen, M; Davis, FG; Ding, T; Duell, EJ; Epstein, CG; Fan, JH; Figueroa, JD; Fraumeni, JF; Freedman, ND; Fuchs, CS; Gao, YT; Gapstur, SM; Patino-Garcia, A; Garcia-Closas, M; Gaziano, JM; Giles, GG; Gillanders, EM; Giovannucci, EL; Goldin, L; Goldstein, AM; Greene, MH; Hallmans, G; Harris, CC; Henriksson, R; Holly, EA; Hoover, RN; Hu, N; Hutchinson, A; Jenab, M; Johansen, C; Khaw, KT; Koh, WP; Kolonel, LN; Kooperberg, C; Krogh, V; Kurtz, RC; LaCroix, A; Landgren, A; Landi, MT; Li, DH; Liao, LM; Malats, N; McGlynn, KA; McNeill, LH; McWilliams, RR; Melin, BS; Mirabello, L; Peplonska, B; Peters, U; Petersen, GM; Prokunina-Olsson, L; Purdue, M; Qiao, YL; Rabe, KG; Rajaraman, P; Real, FX; Riboli, E; Rodríguez-Santiago, B; Rothman, N; Ruder, AM; Savage, SA; Schwartz, AG; Schwartz, KL; Sesso, HD; Severi, G; Silverman, DT; Spitz, MR; Stevens, VL; Stolzenberg-Solomon, R; Stram, D; Tang, ZZ; Taylor, PR; Teras, LR; Tobias, GS; Viswanathan, K; Wacholder, S; Wang, ZM; Weinstein, SJ; Wheeler, W; White, E; Wiencke, JK; Wolpin, BM; Wu, XF; Wunder, JS; Yu, K; Zanetti, KA; Zeleniuch-Jacquotte, A; Ziegler, RG; De Andrade, M; Barnes, KC; Beaty, TH; Bierut, LJ; Desch, KC; Doheny, KF; Feenstra, B; Ginsburg, D; Heit, JA; Kang, JH; Laurie, CA; Li, JZ; Lowe, WL; Marazita, ML; Melbye, M; Mirel, DB; Murray, JC; Nelson, SC; Pasquale, LR; Rice, K; Wiggs, JL; Wise, A; Tucker, M; Pérez-Jurado, LA; Laurie, CC; Caporaso, NE; Yeager, M; Chanock, SJ",wos,"Analyses of genome-wide association study (GWAS) data have revealed that detectable genetic mosaicism involving large (>2 Mb) structural autosomal alterations occurs in a fraction of individuals. We present results for a set of 24,849 genotyped individuals (total GWAS set II [TGSII]) in whom 341 large autosomal abnormalities were observed in 168 (0.68%) individuals. Merging data from the new TGSII set with data from two prior reports (the Gene-Environment Association Studies and the total GWAS set I) generated a large dataset of 127,179 individuals; we then conducted a meta-analysis to investigate the patterns of detectable autosomal mosaicism (n = 1,315 events in 925 [0.73%] individuals). Restricting to events >2 Mb in size, we observed an increase in event frequency as event size decreased. The combined results underscore that the rate of detectable mosaicism increases with age (p value = 5.5 x 3 10(-31)) and is higher in men (p value = 0.002) but lower in participants of African ancestry (p value = 0.003). In a subset of 47 individuals from whom serial samples were collected up to 6 years apart, complex changes were noted over time and showed an overall increase in the proportion of mosaic cells as age increased. Our large combined sample allowed for a unique ability to characterize detectable genetic mosaicism involving large structural events and strengthens the emerging evidence of non-random erosion of the genome in the aging population."
209,10.1111/eva.13570,"Genome-environment association analyses reveal geographically restricted adaptive divergence across the range of the widespread Eurasian carnivore Lynx lynx (Linnaeus, 1758)",2023,EVOLUTIONARY APPLICATIONS,"Bazzicalupo, E; Ratkiewicz, M; Seryodkin, IV; Okhlopkov, I; Galsandorj, N; Yarovenko, YA; Ozolins, J; Saveljev, AP; Melovski, D; Gavashelishvili, A; Schmidt, K; Godoy, JA",wos,"Local adaptations to the environment are an important aspect of the diversity of a species and their discovery, description and quantification has important implications for the fields of taxonomy, evolutionary and conservation biology. In this study, we scan genomes from several populations across the distributional range of the Eurasian lynx, with the objective of finding genomic windows under positive selection which may underlie local adaptations to different environments. A total of 394 genomic windows are found to be associated to local environmental conditions, and they are enriched for genes involved in metabolism, behaviour, synaptic organization and neural development. Adaptive genetic structure, reconstructed from SNPs in candidate windows, is considerably different than the neutral genetic structure of the species. A widespread adaptively homogeneous group is recovered occupying areas of harsher snow and temperature climatic conditions in the north-western, central and eastern parts of the distribution. Adaptively divergent populations are recovered in the westernmost part of the range, especially within the Baltic population, but also predicted for different patches in the western and southern part of the range, associated with different snow and temperature regimes. Adaptive differentiation driven by climate does not correlate much with the subspecies taxonomic delimitations, suggesting that subspecific divergences are mostly driven by neutral processes of genetic drift and gene flow. Our results will aid the selection of source populations for assisted gene flow or genetic rescue programs by identifying what climatic patterns to look for as predictors of pre-adaptation of individuals. Particularly, the Carpathian population is confirmed as the best source of individuals for the genetic rescue of the endangered, isolated and genetically eroded Balkan population. Additionally, reintroductions in central and western Europe, currently based mostly on Carpathian lynxes, could consider the Baltic population as an additional source to increase adaptive variation and likely improve adaptation to their milder climate."
210,10.3389/fcell.2021.644410,"Diabetes, Oxidative Stress, and DNA Damage Modulate Cranial Neural Crest Cell Development and the Phenotype Variability of Craniofacial Disorders",2021,FRONTIERS IN CELL AND DEVELOPMENTAL BIOLOGY,"Fitriasari, S; Trainor, PA",wos,"Craniofacial malformations are among the most common birth defects in humans and they often have significant detrimental functional, aesthetic, and social consequences. To date, more than 700 distinct craniofacial disorders have been described. However, the genetic, environmental, and developmental origins of most of these conditions remain to be determined. This gap in our knowledge is hampered in part by the tremendous phenotypic diversity evident in craniofacial syndromes but is also due to our limited understanding of the signals and mechanisms governing normal craniofacial development and variation. The principles of Mendelian inheritance have uncovered the etiology of relatively few complex craniofacial traits and consequently, the variability of craniofacial syndromes and phenotypes both within families and between families is often attributed to variable gene expression and incomplete penetrance. However, it is becoming increasingly apparent that phenotypic variation is often the result of combinatorial genetic and non-genetic factors. Major non-genetic factors include environmental effectors such as pregestational maternal diabetes, which is well-known to increase the risk of craniofacial birth defects. The hyperglycemia characteristic of diabetes causes oxidative stress which in turn can result in genotoxic stress, DNA damage, metabolic alterations, and subsequently perturbed embryogenesis. In this review we explore the importance of gene-environment associations involving diabetes, oxidative stress, and DNA damage during cranial neural crest cell development, which may underpin the phenotypic variability observed in specific craniofacial syndromes."
211,10.1093/hmg/ddh168,"Variation in USF1 shows haplotype effects, gene:gene and gene:environment associations with glucose and lipid parameters in the European Atherosclerosis Research Study II",2004,HUMAN MOLECULAR GENETICS,"Putt, W; Palmen, J; Tahri-Daizadeh, N; Flavell, DM; Humphries, SE; Talmud, PJ",wos,"Upstream stimulatory factor 1 (USF 1), is a transcription factor controlling expression of several genes involved in lipid and glucose homeostasis and co-localizes with familial combined hyperlipidemia (FCHL) and type 2 diabetes on chromosome 1q22-23. We sequenced USF1 in 24 UK FCHL probands, but found no rare or common cSNPs. Three common intronic single nucleotide ploymorphisms (SNP), 306A>G, 475C>T and 1748C>T, were identified and their association was examined with fasting and postprandial lipids and after an oral glucose tolerance test (OGTT) in the European Atherosclerosis Research Study II offspring study. There were no significant differences in allelic frequencies of the SNPs between cases and controls. Individually none of the SNPs showed significant associations with any parameter. In haplotype analysis, compared with other haplotypes, 475C/1748T showed significantly higher and 475T/1748T showed lower peak glucose (P=0.004 and 0.07, respectively) during the OGTT. There was significant case-control heterogeneity in the interaction of genotype with body mass index, on fasting low density lipoprotein with 306A>G and 1748C>T, and on borderline significance with fasting glucose with 475C>T (P=0.002, 0.0007 and 0.015, respectively). Furthermore, 475C>T showed interaction with both HSL-60C>G (case-control heterogeneity P=0.0002) on AUC TG and APOC3 -482C>T on plasma apoE levels (P=0.0012). Thus, in these healthy young men, variation in USF1 was the influencing feature of both glucose and lipid homeostasis showing case-control heterogeneity."
212,10.1016/j.jacig.2022.06.002,Early-life farm exposures and eczema among adults in the Agricultural Lung Health Study,2022,JOURNAL OF ALLERGY AND CLINICAL IMMUNOLOGY: GLOBAL,"Wyss, AB; Hoang, TT; Vindenes, HK; White, JD; Sikdar, S; Richards, M; Beane-Freeman, LE; Parks, CG; Lee, M; Umbach, DM; London, SJ",wos,"Background: Several studies conducted in Europe have suggested a protective association between early-life farming exposure and childhood eczema or atopic dermatitis; however, few studies have examined associations in adults. Objectives: We investigated associations between early-life exposures and eczema among 3217 adult farmers and farm spouses (mean age, 62.8 years) in a case-control study nested within an US agricultural cohort. Methods: We used sampling-weighted logistic regression to estimate odds ratios and 95% confidence intervals for associations between early-life exposures and self-reported doctor-diagnosed eczema (273 cases) and polytomous logistic regression to estimate odds ratios (95% confidence intervals) for a 4-level outcome combining information on eczema and atopy (specific IgE >_ 0.35). Additionally, we explored genetic and gene-environment associations with eczema. Results: Although early-life farming exposures were not associated with eczema overall, several early-life exposures were associated with a reduced risk of having both eczema and atopy. Notably, results suggest stronger protective associations among individuals with both eczema and atopy than among those with either alone. For example, odds ratios (95% confidence intervals) for having a mother who did farm work while pregnant were 1.01 (0.60, 1.69) for eczema alone and 0.80 (0.65, 0.99) for atopy alone, but 0.54 (0.33, 0.80) for having both. A genetic risk score based on previously identified atopic dermatitis variants was strongly positively associated with eczema, and interaction testing suggested protective effects of several early-life farming exposures only in individuals at lower genetic risk. Conclusions: In utero and childhood farming exposures are associated with decreased odds of having eczema with atopy in adults. (J Allergy Clin Immunol Global 2022;1:248-56.)"
213,10.1007/13836_2022_106,Insect Landscape Genomics,2025,POPULATION GENOMICS: Insects,"Chaulk, A; Keyghobadi, N",wos,"The composition and configuration of the landscape influence insect abundance, distribution, and diversity, with implications for the dynamics and spread of pests and disease vectors, as well as the persistence of threatened species. Here, we explore how genomic data have been used, within the spatially explicit frameworks provided by landscape genetics and genomics, to provide unique insights into how insects use and react to their surrounding landscapes. We review the literature on insect landscape genetics and genomics, identifying key trends and areas of application. We argue that the small size and short life span of most insects make them particularly well suited to exploring central issues of spatial and temporal scales in landscape genetics and genomics. We then present case studies demonstrating the power of landscape genomics approaches to provide novel insights into the ecological and evolutionary dynamics of insect pests, disease vectors, and pollinators of conservation concern."
214,10.1016/j.smallrumres.2017.03.015,The potential of landscape genomics approach in the characterization of adaptive genetic diversity in indigenous goat genetic resources: A South African perspective,2017,SMALL RUMINANT RESEARCH,"Mdladla, K; Dzomba, EF; Muchadeyi, FC",wos,"South African indigenous goat populations are renowned for their adaptability to local agro-ecological conditions and suitability for low input production systems. This is particularly important in a country where a majority of the goats are kept under marginalized communal production systems. Adaptation of animal genotypes to the environment is central to the coping of local livestock populations to changing climatic and production objectives and is a key parameter to use in conservation and improvement programs. South Africa has successfully developed world-renowned commercial meat breeds, the Boer, Kalahari Red and Savanna, all from the non-descript indigenous goat populations. In addition, South Africa has a feral Tankwa goat population that is found in the Northern Cape province. Despite its success stories and unique goat populations, majority of the South African goats are non-descript indigenous veld goats whose genetic diversity is yet to be fully characterized and harnessed. Advances in genomics and population genetics have led to substantial progress in identifying local genetic adaptation of livestock species. Landscape genomics merges the competing effects of production system, geographical, and environment landscapes with adaptive variation. The review gives an overview of current knowledge on the South African indigenous goat genetic resources and the major goat production systems across the different agro-ecological zones of the country. The review then explores the opportunities and potential of landscape genomic methods and how they can complement traditional phenotypic and genetic characterization approaches. The factors that make it feasible to undertake a landscape genomics analysis for South African livestock such as goats are discussed. The developments in genomics and statistical genomics and the opportunities they bring to goat landscape genomics research is presented."
215,10.1111/nph.13826,Opportunities for unlocking the potential of genomics for African trees,2016,NEW PHYTOLOGIST,"Daru, BH; Berger, DK; van Wyk, AE",wos,
216,10.3389/fgene.2019.01101,Habitat Loss Does Not Always Entail Negative Genetic Consequences,2019,FRONTIERS IN GENETICS,"Carvalho, CS; Lanes, ÉCM; Silva, AR; Caldeira, CF; Carvalho, N; Gastauer, M; Imperatriz-Fonseca, VL; Nascimento, W Jr; Oliveira, G; Siqueira, JO; Viana, PL; Jaffé, R",wos,"Although habitat loss has large, consistently negative effects on biodiversity, its genetic consequences are not yet fully understood. This is because measuring the genetic consequences of habitat loss requires accounting for major methodological limitations like the confounding effect of habitat fragmentation, historical processes underpinning genetic differentiation, time-lags between the onset of disturbances and genetic outcomes, and the need for large numbers of samples, genetic markers, and replicated landscapes to ensure sufficient statistical power. In this paper we overcame all these challenges to assess the genetic consequences of extreme habitat loss driven by mining in two herbs endemic to Amazonian savannas. Relying on genotyping-by-sequencing of hundreds of individuals collected across two mining landscapes, we identified thousands of neutral and independent single-nucleotide polymorphisms (SNPs) in each species and used these to evaluate population structure, genetic diversity, and gene flow. Since open-pit mining in our study region rarely involves habitat fragmentation, we were able to assess the independent effect of habitat loss. We also accounted for the underlying population structure when assessing landscape effects on genetic diversity and gene flow, examined the sensitivity of our analyses to the resolution of spatial data, and used annual species and cross-year analyses to minimize and quantify possible time-lag effects. We found that both species are remarkably resilient, as genetic diversity and gene flow patterns were unaffected by habitat loss. Whereas historical habitat amount was found to influence inbreeding; heterozygosity and inbreeding were not affected by habitat loss in either species, and gene flow was mainly influenced by geographic distance, pre-mining land cover, and local climate. Our study demonstrates that it is not possible to generalize about the genetic consequences of habitat loss, and implies that future conservation efforts need to consider species-specific genetic information."
217,10.1534/genetics.113.159319,Genomic Signature of Adaptation to Climate in Medicago truncatula,2014,GENETICS,"Yoder, JB; Stanton-Geddes, J; Zhou, P; Briskine, R; Young, ND; Tiffin, P",wos,"Local adaptation and adaptive clines are pervasive in natural plant populations, yet the effects of these types of adaptation on genomic diversity are not well understood. With a data set of 202 accessions of Medicago truncatula genotyped at almost 2 million single nucleotide polymorphisms, we used mixed linear models to identify candidate loci responsible for adaptation to three climatic gradients-annual mean temperature (AMT), precipitation in the wettest month (PWM), and isothermality (ITH)-representing the major axes of climate variation across the species' range. Loci with the strongest association to these climate gradients tagged genome regions with high sequence similarity to genes with functional roles in thermal tolerance, drought tolerance, or resistance to herbivores of pathogens. Genotypes at these candidate loci also predicted the performance of an independent sample of plant accessions grown in climate-controlled conditions. Compared to a genome-wide sample of randomly drawn reference SNPs, candidates for two climate gradients, AMT and PWM, were significantly enriched for genic regions, and genome segments flanking genic AMT and PWM candidates harbored less nucleotide diversity, elevated differentiation between haplotypes carrying alternate alleles, and an overrepresentation of the most common haplotypes. These patterns of diversity are consistent with a history of soft selective sweeps acting on loci underlying adaptation to climate, but not with a history of long-term balancing selection."
218,10.1016/j.ppees.2026.125941,Spatial and temporal changes in agricultural landscapes and vegetation structure affect genomic diversity of a Neotropical understory shrub,2026,PERSPECTIVES IN PLANT ECOLOGY EVOLUTION AND SYSTEMATICS,"Lutz, BE; Rosa, W; Abreu, TT; Oliveira, CGS; Graves, SM; Manzitto-Tripp, E; Collevatti, RG",wos,"Landscape changes due to intensive agriculture expansion affect plant community structure and ultimately genetic diversity. Plants may exhibit a time lag in their responses to ongoing landscape changes due to long life cycles, especially in areas where intensive farming practices were introduced only recently. We address the spatial and temporal effects of landscape changes and time lag response using a landscape genomics approach. Our work focuses on Palicourea prunifolia, a tropical forest understory specialist. We used data from 26,349 SNP loci to estimate genetic parameters and implemented coalescent analyses to estimate effective migration surfaces. We analyzed vegetation structure using ground LiDAR scans, then we extracted landscape metrics of composition and configuration from 1985 to 2022. Genomic diversity was higher in landscapes with lower forest cover and in remnants with a more open canopy. Inbreeding coefficients were higher in landscapes with higher agricultural cover and in remnants with more canopy closure. Migration was very low among all populations. Genomic differentiation between populations was high and best explained by prior landscape configuration, primarily proportion of pasture. We found no time lag in genetic diversity or inbreeding responses to landscape changes, but genetic differentiation has responded to past landscape changes. Our results point to a high degree of habitat loss and fragmentation, and to the high amounts of agroecosystems in the landscapes that have already been impacting populations of P. prunifolia. Restoration of forests, particularly methods aimed at increasing landscape connectivity should be a priority towards efforts to increase gene flow and genetic diversity and decrease differentiation among populations of P. prunifolia."
219,10.1111/eva.12684,Landscape genomics provides evidence of climate-associated genetic variation in Mexican populations of Quercus rugosa,2018,EVOLUTIONARY APPLICATIONS,"Martins, K; Gugger, PF; Llanderal-Mendoza, J; González-Rodríguez, A; Fitz-Gibbon, ST; Zhao, JL; Rodríguez-Correa, H; Oyama, K; Sork, VL",wos,"Local adaptation is a critical evolutionary process that allows plants to grow better in their local compared to non-native habitat and results in species-wide geographic patterns of adaptive genetic variation. For forest tree species with a long generation time, this spatial genetic heterogeneity can shape the ability of trees to respond to rapid climate change. Here, we identify genomic variation that may confer local environmental adaptations and then predict the extent of adaptive mismatch under future climate as a tool for forest restoration or management of the widely distributed high-elevation oak species Quercus rugosa in Mexico. Using genotyping by sequencing, we identified 5,354 single nucleotide polymorphisms (SNPs) genotyped from 103 individuals across 17 sites in the Trans-Mexican Volcanic Belt, and, after controlling for neutral genetic structure, we detected 74 F-ST outlier SNPs and 97 SNPs associated with climate variation. Then, we deployed a nonlinear multivariate model, Gradient Forests, to map turnover in allele frequencies along environmental gradients and predict areas most sensitive to climate change. We found that spatial patterns of genetic variation were most strongly associated with precipitation seasonality and geographic distance. We identified regions of contemporary genetic and climatic similarities and predicted regions where future populations of Q. rugosa might be at risk due to high expected rate of climate change. Our findings provide preliminary details for future management strategies of Q. rugosa in Mexico and also illustrate how a landscape genomic approach can provide a useful tool for conservation and resource management strategies."
220,10.1111/mec.13859,Genome scan reveals selection acting on genes linked to stress response in wild pearl millet,2016,MOLECULAR ECOLOGY,"Berthouly-Salazar, C; Thuillet, AC; Rhoné, B; Mariac, C; Ousseini, IS; Couderc, M; Tenaillon, MI; Vigouroux, Y",wos,"Uncovering genomic regions involved in adaption is a major goal in evolutionary biology. High-throughput sequencing now makes it possible to tackle this challenge in nonmodel species. Yet, despite the increasing number of methods targeted to specifically detect genomic footprints of selection, the complex demography of natural populations often causes high rates of false positive in gene discoveries. The aim of this study was to identify climate adaptations in wild pearl millet populations, Cenchrus americanus ssp. monodii. We focused on two climate gradients, one in Mali and one in Niger. We used a two-step strategy to limit false-positive outliers. First, we considered gradients as biological replicates and performed RNA sequencing of four populations at the extremities. We combined four methods-three based on differentiation among populations and one based on diversity patterns within populations-to identify outlier SNPs from a set of 87 218 high-quality SNPs. Among 11 155 contigs of pearl millet reference transcriptome, 540 exhibited selection signals as evidenced by at least one of the four methods. In a second step, we genotyped 762 samples in 11 additional populations distributed along the gradients using SNPs from the detected contigs and random SNPs as control. We further assessed selection on this large data set using a differentiation-based method and a method based on correlations with environmental variables based. Four contigs displayed consistent signatures between the four extreme and 11 additional populations, two of which were linked to abiotic and biotic stress responses."
221,,BSAN: Behavioral State Attention Network for Modeling Mosquito Host-Seeking Behavior,2026,"FORTIETH AAAI CONFERENCE ON ARTIFICIAL INTELLIGENCE, AAAI-26, VOL 40 NO 46","Sun, HT; Li, JZ; Marshall, JM",wos,"Understanding the complex host-seeking behavior of disease vectors such as mosquitoes are critical for predicting disease transmission and vector control. This behavior arises from a dynamic interplay between multimodal sensory cues and internal behavioral states, a process challenging traditional ODE frameworks due to its inherent stochasticity and discrete, state-based nature. We introduce the Behavioral State Attention Network (BSAN), a deep learning architecture designed to model the underlying sensorimotor computations of this behavior. BSAN utilizes a recurrent neural network (RNN) with an LSTM core to process temporal sequences, incorporating a variational encoder to capture the randomness of flight paths and a Mixture Density Network (MDN) to predict multi-modal velocity distributions. The architecture explicitly models distinct behavioral states, such as CO2 plume tracking and thermal approach, through a Mixture-of-Experts (MoE) framework, and learns to interpretably integrate olfactory, thermal, and visual inputs using a cross-modal attention mechanism. The network generates realistic flight trajectories that exhibit emergent host-seeking behaviors. By providing both trajectory predictions and interpretable behavioral primitives, BSAN serves as a framework for downstream applications in landscape genomics and vector control, enabling the prediction of mosquito population connectivity through environment-specific movement kernels."
222,10.1155/2024/8839830,"Insights into the Transmission, Host Range, Genomics, Vaccination, and Current Epidemiology of the Monkeypox Virus",2024,VETERINARY MEDICINE INTERNATIONAL,"Araf, Y; Nipa, JF; Naher, S; Maliha, ST; Rahman, H; Arafat, KI; Munif, MR; Uddin, MJ; Jeba, N; Saha, S; Zhai, JB; Hasan, SMN; Xue, MZ; Hossain, MG; Zheng, CF",wos,"This review delves into the historical context, current epidemiological landscape, genomics, and pathobiology of monkeypox virus (MPXV). Furthermore, it elucidates the present vaccination status and strategies to curb the spread of monkeypox. Monkeypox, caused by the Orthopoxvirus known as MPXV, is a zoonotic ailment. MPXV can be transmitted from person to person through respiratory droplets during prolonged face-to-face interactions. While many cases of monkeypox are self-limiting, vulnerable groups such as young children, pregnant women, and immunocompromised individuals may experience severe manifestations. Diagnosis predominantly relies on clinical presentations, complemented by laboratory techniques like RT-PCR. Although treatment is often not required, severe cases necessitate antiviral medications like tecovirimat, cidofovir, and brincidofovir. Vaccination, particularly using the smallpox vaccine, has proven instrumental in outbreak control, exhibiting an efficacy of at least 85% against mpox as evidenced by data from Africa. Mitigating transmission requires measures like wearing surgical masks, adequately covering skin lesions, and avoiding handling wild animals."
223,10.1007/s44392-026-00115-7,Using Genomics to Inform Management of Tree Populations in a Warming World,2026,JOURNAL OF FORESTRY,"Sork, VL; Buck, RC; Peck, LD",wos,"Tree populations are threatened by a multitude of human activities ranging from deforestation to air pollution. Rapid climate change, including warmer temperatures and increased drought frequency, poses a particular threat by reducing photosynthesis and growth, increasing susceptibility to pests and disease, and intensifying risk of mortality. To maintain healthy forests in the future, resource managers could benefit from practical tools to identify vulnerable populations and select appropriate seed sources for restoration and reforestation. In this paper, we outline four recently developed genomic approaches that can help guide these assessments. First, combining long-term growth data from provenance studies with genetic information makes it possible to identify traits associated with better performance under warmer climates, allowing managers to select climate-adapted planting material. Second, analyzing how genetic variation changes across climate gradients can highlight which tree stands may be most at risk under future conditions. Third, experimental studies on seedlings can identify genes involved in stress responses, improving our ability to predict how different populations will respond to climate change. Fourth, epigenetic markers, which are chemical changes to DNA that can influence gene activity, may provide early indicators of stress that may help identify vulnerable populations and resilient seed sources. As climate change accelerates, these genomic and computational tools offer new opportunities for informed, forward-looking management strategies for forest conservation and restoration."
224,10.1111/1755-0998.12560,SNP discovery in candidate adaptive genes using exon capture in a free-ranging alpine ungulate,2016,MOLECULAR ECOLOGY RESOURCES,"Roffler, GH; Amish, SJ; Smith, S; Cosart, T; Kardos, M; Schwartz, MK; Luikart, G",wos,"Identification of genes underlying genomic signatures of natural selection is key to understanding adaptation to local conditions. We used targeted resequencing to identify SNP markers in 5321 candidate adaptive genes associated with known immunological, metabolic and growth functions in ovids and other ungulates. We selectively targeted 8161 exons in protein-coding and nearby 5 and 3 untranslated regions of chosen candidate genes. Targeted sequences were taken from bighorn sheep (Oviscanadensis) exon capture data and directly from the domestic sheep genome (Ovisaries v. 3; oviAri3). The bighorn sheep sequences used in the Dall's sheep (Ovis dalli dalli) exon capture aligned to 2350 genes on the oviAri3 genome with an average of 2 exons each. We developed a microfluidic qPCR-based SNP chip to genotype 476 Dall's sheep from locations across their range and test for patterns of selection. Using multiple corroborating approaches (lositan and bayescan), we detected 28 SNP loci potentially under selection. We additionally identified candidate loci significantly associated with latitude, longitude, precipitation and temperature, suggesting local environmental adaptation. The three methods demonstrated consistent support for natural selection on nine genes with immune and disease-regulating functions (e.g. Ovar-DRA, APC, BATF2, MAGEB18), cell regulation signalling pathways (e.g. KRIT1, PI3K, ORRC3), and respiratory health (CYSLTR1). Characterizing adaptive allele distributions from novel genetic techniques will facilitate investigation of the influence of environmental variation on local adaptation of a northern alpine ungulate throughout its range. This research demonstrated the utility of exon capture for gene-targeted SNP discovery and subsequent SNP chip genotyping using low-quality samples in a nonmodel species."
225,10.1002/ece3.72476,Lithobiomes Heterogeneity and Geographic Distance Shape the Landscape Genomics Within Brazilian Mountain Systems,2025,ECOLOGY AND EVOLUTION,"Cabrini, M; Trovó, M; Takahashi, D; Suyama, Y; Ramos, R; Lira, C",wos,"Lithological heterogeneity, climatic gradients, and geographic distance may shape the genetic structure of montane plant species, but their combined effects remain underexplored in Neotropical ecosystems. To investigate the genetic patterns and the underlying processes in different lithobiomes of southeastern Brazil, we evaluate the genomic landscape of Paepalanthus calvus (Eriocaulaceae), a rare case of a species restricted to different lithobiomes in campos de altitude and campos rupestres. Using genome-wide SNP data and different edaphoclimatic datasets, we identified two major genetic clusters corresponding to the established rocky ecosystems, with further substructure reflecting the lithological heterogeneity among the campos rupestres. Genomic variation was primarily predicted by geographic distance followed by biophysical predictors at the ground level, while climatic factors at the atmospheric level showed limited influence. We identified 36 SNPs putatively located in regions linked to selective genes, primarily associated with spatial and biophysical predictors. Our findings thus demonstrate the significance of ecogeographic isolation and population responses to environmental heterogeneity in driving genetic differentiation within fragmented montane environments. These patterns highlight the importance of lithobiomes-specific processes in shaping biodiversity and provide new insights into the evolutionary dynamics of these rocky ecosystems."
226,10.1038/hdy.2015.41,The population genomic signature of environmental selection in the widespread insect-pollinated tree species Frangula alnus at different geographical scales,2015,HEREDITY,"De Kort, H; Vandepitte, K; Mergeay, J; Mijnsbrugge, KV; Honnay, O",wos,"The evaluation of the molecular signatures of selection in species lacking an available closely related reference genome remains challenging, yet it may provide valuable fundamental insights into the capacity of populations to respond to environmental cues. We screened 25 native populations of the tree species Frangula alnus subsp. alnus (Rhamnaceae), covering three different geographical scales, for 183 annotated single-nucleotide polymorphisms (SNPs). Standard population genomic outlier screens were combined with individual-based and multivariate landscape genomic approaches to examine the strength of selection relative to neutral processes in shaping genomic variation, and to identify the main environmental agents driving selection. Our results demonstrate a more distinct signature of selection with increasing geographical distance, as indicated by the proportion of SNPs (i) showing exceptional patterns of genetic diversity and differentiation (outliers) and (ii) associated with climate. Both temperature and precipitation have an important role as selective agents in shaping adaptive genomic differentiation in F. alnus subsp. alnus, although their relative importance differed among spatial scales. At the 'intermediate' and 'regional' scales, where limited genetic clustering and high population diversity were observed, some indications of natural selection may suggest a major role for gene flow in safeguarding adaptability. High genetic diversity at loci under selection in particular, indicated considerable adaptive potential, which may nevertheless be compromised by the combined effects of climate change and habitat fragmentation."
227,10.1186/s12864-017-4424-9,Landscape genomics: natural selection drives the evolution of mitogenome in penguins,2018,BMC GENOMICS,"Ramos, B; González-Acuña, D; Loyola, DE; Johnson, WE; Parker, PG; Massaro, M; Dantas, GPM; Miranda, MD; Vianna, JA",wos,"Background: Mitochondria play a key role in the balance of energy and heat production, and therefore the mitochondrial genome is under natural selection by environmental temperature and food availability, since starvation can generate more efficient coupling of energy production. However, selection over mitochondrial DNA (mtDNA) genes has usually been evaluated at the population level. We sequenced by NGS 12 mitogenomes and with four published genomes, assessed genetic variation in ten penguin species distributed from the equator to Antarctica. Signatures of selection of 13 mitochondrial protein-coding genes were evaluated by comparing among species within and among genera (Spheniscus, Pygoscelis, Eudyptula, Eudyptes and Aptenodytes). The genetic data were correlated with environmental data obtained through remote sensing (sea surface temperature [SST], chlorophyll levels [Chl] and a combination of SST and Chl [COM]) through the distribution of these species."
