openalex_id,doi,titulo,anio,revista,autores,resumen
https://openalex.org/W2094628847,10.1016/s0165-0173(96)00012-4,"The role of adrenocorticoids as modulators of immune function in health and disease: neural, endocrine and immune interactions",1997,Brain Research Reviews,Bruce S. McEwen; Christine A. Biron; Kenneth W. Brunson; Karen Bulloch; William H. Chambers; Firdaus S. Dhabhar; Ronald H. Goldfarb; Richard P. Kitson; Andrew H. Miller; Robert L. Spencer; Jay Michael Weiss,
https://openalex.org/W2939861196,10.1111/eva.12794,Landscape genomics to the rescue of a tropical bee threatened by habitat loss and climate change,2019,Evolutionary Applications,Rodolfo Jaffé; Jamille Costa Veiga; Nathaniel S. Pope; Éder Cristian Malta de Lanes; Carolina da Silva Carvalho; Ronnie Cley de Oliveira Alves; Sónia C. S. Andrade; Maria Cristina Arias; Vanessa Bonatti; Airton Torres Carvalho; Marina Siqueira de Castro; Felipe Andrés León Contrera,"Abstract Habitat degradation and climate change are currently threatening wild pollinators, compromising their ability to provide pollination services to wild and cultivated plants. Landscape genomics offers powerful tools to assess the influence of landscape modifications on genetic diversity and functional connectivity, and to identify adaptations to local environmental conditions that could facilitate future bee survival. Here, we assessed range‐wide patterns of genetic structure, genetic diversity, gene flow, and local adaptation in the stingless bee Melipona subnitida, a tropical pollinator of key biological and economic importance inhabiting one of the driest and hottest regions of South America. Our results reveal four genetic clusters across the species’ full distribution range. All populations were found to be under a mutation–drift equilibrium, and genetic diversity was not influenced by the amount of reminiscent natural habitats. However, genetic relatedness was spatially autocorrelated and isolation by landscape resistance explained range‐wide relatedness patterns better than isolation by geographic distance, contradicting earlier findings for stingless bees. Specifically, gene flow was enhanced by increased thermal stability, higher forest cover, lower elevations, and less corrugated terrains. Finally, we detected genomic signatures of adaptation to temperature, precipitation, and forest cover, spatially distributed in latitudinal and altitudinal patterns. Taken together, our findings shed important light on the life history of M. subnitida and highlight the role of regions with large thermal fluctuations, deforested areas, and mountain ranges as dispersal barriers. Conservation actions such as restricting long‐distance colony transportation, preserving local adaptations, and improving the connectivity between highlands and lowlands are likely to assure future pollination services."
https://openalex.org/W2553004972,10.1016/j.pt.2016.10.008,Prediction and Prevention of Parasitic Diseases Using a Landscape Genomics Framework,2016,Trends in Parasitology,Philipp Schwabl; Martin Stephen Llewellyn; Erin L. Landguth; Björn Andersson; Uriel D. Kitron; Jaime Alfredo Costales; Sofía Ocaña-Mayorga; Mario J. Grijalva,
https://openalex.org/W2802881938,10.3389/fpls.2018.00532,Landscape Genomic Conservation Assessment of a Narrow-Endemic and a Widespread Morning Glory From Amazonian Savannas,2018,Frontiers in Plant Science,Éder Cristian Malta de Lanes; Nathaniel S. Pope; Ronnie Cley de Oliveira Alves; Nelson M. Carvalho Filho; Tereza Cristina Giannini; Ana María Giulietti; Vera Lúcia Imperatriz-Fonseca; Waléria Pereira Monteiro; Guilherme Oliveira; Amanda R. Silva; José Oswaldo Siqueira; Pedro Walfir Martins e Souza Filho,"Although genetic diversity ultimately determines the ability of organisms to adapt to environmental changes, conservation assessments like the widely used International Union for Conservation of Nature (IUCN) Red List Criteria do not explicitly consider genetic information. Including a genetic dimension into the IUCN Red List Criteria would greatly enhance conservation efforts, because the demographic parameters traditionally considered are poor predictors of the evolutionary resilience of natural populations to global change. Here we perform the first genomic assessment of genetic diversity, gene flow, and patterns of local adaptation in tropical plant species belonging to different IUCN Red List Categories. Employing RAD-sequencing we identified tens of thousands of single-nucleotide polymorphisms in an endangered narrow-endemic and a least concern widespread morning glory (Convolvulaceae) from Amazonian savannas, a highly threatened and under-protected tropical ecosystem. Our results reveal greater genetic diversity and less spatial genetic structure in the endangered species. Whereas terrain roughness affected gene flow in both species, forested and mining areas were found to hinder gene flow in the endangered plant. Finally we implemented environmental association tests and genome scans for selection, and identified a higher proportion of candidate adaptive loci in the widespread species. These mainly contained genes related to pathogen resistance and physiological adaptations to life in nutrient-limited environments. Our study emphasizes that IUCN Red List Criteria do not always prioritize species with low genetic diversity or whose genetic variation is being affected by habitat loss and fragmentation, and calls for the inclusion of genetic information into conservation assessments. More generally, our study exemplifies how landscape genomic tools can be employed to assess the status, threats and adaptive responses of imperiled biodiversity."
https://openalex.org/W2789869331,10.1038/s41437-017-0044-z,Landscape genomics and pathway analysis to understand genetic adaptation of South African indigenous goat populations,2018,Heredity,K. Mdladla; Edgar Farai Dzomba; Farai Catherine Muchadeyi,
https://openalex.org/W2947766480,10.1002/ece3.5225,Detecting the genetic basis of local adaptation in loblolly pine (Pinus taedaL.) using whole exome‐wide genotyping and an integrative landscape genomics analysis approach,2019,Ecology and Evolution,Mengmeng Lu; Carol A. Loopstra; Konstantin V. Krutovsky,"In the Southern United States, the widely distributed loblolly pine contributes greatly to lumber and pulp production, as well as providing many important ecosystem services. Climate change may affect the productivity and range of loblolly pine. Nevertheless, we have insufficient knowledge of the adaptive potential and the genetics underlying the adaptability of loblolly pine. To address this, we tested the association of 2.8 million whole exome-based single nucleotide polymorphisms (SNPs) with climate and geographic variables, including temperature, precipitation, latitude, longitude, and elevation data. Using an integrative landscape genomics approach by combining multiple environmental association and outlier detection analyses, we identified 611 SNPs associated with 56 climate and geographic variables. Longitude, maximum temperature of the warm months and monthly precipitation associated with most SNPs, indicating their importance and complexity in shaping the genetic variation in loblolly pine. Functions of candidate genes related to terpenoid synthesis, pathogen defense, transcription factors, and abiotic stress response. We provided evidence that environment-associated SNPs also composed the genetic structure of adaptive phenotypic traits including height, diameter, metabolite levels, and gene transcript abundance. Our study promotes understanding of the genetic basis of local adaptation in loblolly pine and provides promising tools for selecting genotypes adapted to local environments in a changing climate."
https://openalex.org/W2950407917,10.3389/fgene.2018.00385,Combining Landscape Genomics and Ecological Modelling to Investigate Local Adaptation of Indigenous Ugandan Cattle to East Coast Fever,2018,Frontiers in Genetics,Elia Vajana; Mario Barbato; Licia Colli; Marco Milanesi; Estelle Rochat; Enrico Fabrizi; Christopher Mukasa; Marcello Del Corvo; Charles Masembe; Vincent B. Muwanika; Fredrick Kabi; Tad Stewart Sonstegard,"East Coast fever (ECF) is a fatal sickness affecting cattle populations of eastern, central, and southern Africa. The disease is transmitted by the tick Rhipicephalus appendiculatus, and caused by the protozoan Theileria parva parva, which invades host lymphocytes and promotes their clonal expansion. Importantly, indigenous cattle show tolerance to infection in ECF-endemically stable areas. Here, the putative genetic bases underlying ECF-tolerance were investigated using molecular data and epidemiological information from 823 indigenous cattle from Uganda. Vector distribution and host infection risk were estimated over the study area and subsequently tested as triggers of local adaptation by means of landscape genomics analysis. We identified 41 and seven candidate adaptive loci for tick resistance and infection tolerance, respectively. Among the genes associated with the candidate adaptive loci are PRKG1 and SLA2. PRKG1 was already described as associated with tick resistance in indigenous South African cattle, due to its role into inflammatory response. SLA2 is part of the regulatory pathways involved into lymphocytes’ proliferation. Additionally, local ancestry analysis suggested the zebuine origin of the genomic region candidate for tick resistance."
https://openalex.org/W2900599439,10.1111/mec.14948,Tangled banks: A landscape genomic evaluation of Wallace's Riverine barrier hypothesis for three Amazon plant species,2018,Molecular Ecology,Alison Gonçalvez Nazareno; Christopher W. Dick; Lúcia G. Lohmann,"Wallace's Riverine Barrier hypothesis is one of the earliest biogeographic explanations for Amazon speciation, but it has rarely been tested in plants. In this study, we used three woody Amazonian plant species to evaluate Wallace's Hypothesis using tools of landscape genomics. We generated unlinked single-nucleotide polymorphism (SNP) data from the nuclear genomes of 234 individuals (78 for each plant species) across 13 sampling sites along the Rio Branco, Brazil, for Amphirrhox longifolia (8,075 SNPs), Psychotria lupulina (9,501 SNPs) and Passiflora spinosa (14,536 SNPs). Although significantly different migration rates were estimated between species, the population structure data do not support the hypothesis that the Rio Branco-an allopatric barrier for primates and birds-is a significant genetic barrier for Amphirrhox longifolia, Passiflora spinosa or Psychotria lupulina. Overall, we demonstrated that medium-sized rivers in the Amazon Basin, such as the Rio Branco, are permeable barriers to gene flow for animal-dispersed and animal-pollinated plant species."
https://openalex.org/W3018802266,10.1111/jse.12592,"Population structure, landscape genomics, and genetic signatures of adaptation to exotic disease pressure inCornus floridaL.—Insights from GWAS and GBS data",2020,Journal of Systematics and Evolution,Andrew L. Pais; Ross W. Whetten; Qiu‐Yun Xiang,"Abstract Understanding the consequences of exotic diseases on native forests is important to evolutionary ecology and conservation biology because exotic pathogens have drastically altered US eastern deciduous forests.Cornus floridaL. (flowering dogwood tree) is one such species facing heavy mortality. Characterizing the genetic structure ofC. floridapopulations and identifying the genetic signature of adaptation to dogwood anthracnose (an exotic pathogen responsible for high mortality) remain vital for conservation efforts. By integrating genetic data from genotype by sequencing (GBS) of 289 trees across the host species range and distribution of disease, we evaluated the spatial patterns of genetic variation and population genetic structure ofC. floridaand compared the pattern to the distribution of dogwood anthracnose. Using genome‐wide association study and gradient forest analysis, we identified genetic loci under selection and associated with ecological and diseased regions. The results revealed signals of weak genetic differentiation of three or more subgroups nested within two clusters—explaining up to 2%–6% of genetic variation. The groups largely corresponded to the regions within and outside the eastern Hot‐Continental ecoregion, which also overlapped with areas within and outside the main distribution of dogwood anthracnose. The fungal sequences contained in the GBS data of sampled trees bolstered visual records of disease at sampled locations and were congruent with the reported range ofDiscula destructiva, suggesting that fungal sequences within‐host genomic data were informative for detecting or predicting disease. The genetic diversity between populations at diseased vs. disease‐free sites across the range ofC. floridashowed no significant difference. We identified 72 single‐nucleotide polymorphisms (SNPs) from 68 loci putatively under selection, some of which exhibited abrupt turnover in allele frequencies along the borders of the Hot‐Continental ecoregion and the range of dogwood anthracnose. One such candidate SNP was independently identified in two prior studies as a possible L‐type lectin‐domain containing receptor kinase. Although diseased and disease‐free areas do not significantly differ in genetic diversity, overall there are slight trends to indicate marginally smaller amounts of genetic diversity in disease‐affected areas. Our results were congruent with previous studies that were based on a limited number of genetic markers in revealing high genetic variation and weak population structure inC. florida."
https://openalex.org/W3010590800,10.1111/1462-2920.14965,Population structure and adaptation of a bacterial pathogen in California grapevines,2020,Environmental Microbiology,Mathieu Vanhove; Anne Sicard; Jeffery Ezennia; Nina Leviten; Rodrigo P. P. Almeida,"Xylella fastidiosa subsp. fastidiosa causes Pierce's disease of grapevine (PD) and has been present in California for over a century. A singly introduced genotype spread across the state causing large outbreaks and damaging the grapevine industry. This study presents 122 X. fastidiosa subsp. fastidiosa genomes from symptomatic grapevines, and explores pathogen genetic diversity associated with PD in California. A total of 5218 single-nucleotide polymorphisms (SNPs) were found in the dataset. Strong population genetic structure was found; isolates split into five genetic clusters divided into two lineages. The core/soft-core genome constituted 41.2% of the total genome, emphasizing the high genetic variability of X. fastidiosa genomes. An ecological niche model was performed to estimate the environmental niche of the pathogen within California and to identify key climatic factors involved in dispersal. A landscape genomic approach was undertaken aiming to link local adaptation to climatic factors. A total of 18 non-synonymous polymorphisms found to be under selective pressures were correlated with at least one environmental variable highlighting the role of temperature, precipitation and elevation on X. fastidiosa adaptation to grapevines in California. Finally, the contribution to virulence of three of the genes under positive selective pressure and of one recombinant gene was studied by reverse genetics."
https://openalex.org/W2977902424,10.1111/mec.15261,Urbanization impacts apex predator gene flow but not genetic diversity across an urban‐rural divide,2019,Molecular Ecology,Daryl R. Trumbo; Patricia E. Salerno; Kenneth A. Logan; Mathew W. Alldredge; Roderick B. Gagne; Christopher P. Kozakiewicz; Simona J. Kraberger; Nicholas M. Fountain‐Jones; Meggan E. Craft; Scott Carver; Holly B. Ernest; Kevin R. Crooks,"Apex predators are important indicators of intact natural ecosystems. They are also sensitive to urbanization because they require broad home ranges and extensive contiguous habitat to support their prey base. Pumas (Puma concolor) can persist near human developed areas, but urbanization may be detrimental to their movement ecology, population structure, and genetic diversity. To investigate potential effects of urbanization in population connectivity of pumas, we performed a landscape genomics study of 130 pumas on the rural Western Slope and more urbanized Front Range of Colorado, USA. Over 12,000 single nucleotide polymorphisms (SNPs) were genotyped using double-digest, restriction site-associated DNA sequencing (ddRADseq). We investigated patterns of gene flow and genetic diversity, and tested for correlations between key landscape variables and genetic distance to assess the effects of urbanization and other landscape factors on gene flow. Levels of genetic diversity were similar for the Western Slope and Front Range, but effective population sizes were smaller, genetic distances were higher, and there was more admixture in the more urbanized Front Range. Forest cover was strongly positively associated with puma gene flow on the Western Slope, while impervious surfaces restricted gene flow and more open, natural habitats enhanced gene flow on the Front Range. Landscape genomic analyses revealed differences in puma movement and gene flow patterns in rural versus urban settings. Our results highlight the utility of dense, genome-scale markers to document subtle impacts of urbanization on a wide-ranging carnivore living near a large urban center."
https://openalex.org/W2952440110,10.1101/679720,Urbanization impacts apex predator gene flow but not genetic diversity across an urban-rural divide,2019,bioRxiv (Cold Spring Harbor Laboratory),DR Trumbo; PE Salerno; Logan Ka; Mathew W. Alldredge; RB Gagne; Christopher P. Kozakiewicz; Simona J. Kraberger; Nicholas M. Fountain‐Jones; M. E. Craft; Scott Carver; Holly B. Ernest; Kevin R. Crooks,"Abstract Apex predators are important indicators of intact natural ecosystems. They are also sensitive to urbanization because they require broad home ranges and extensive contiguous habitat to support their prey base. Pumas ( Puma concolor ) can persist near human developed areas, but urbanization may be detrimental to their movement ecology, population structure, and genetic diversity. To investigate potential effects of urbanization in population connectivity of pumas, we performed a landscape genomics study of 134 pumas on the rural Western Slope and more urbanized Front Range of Colorado, USA. Over 12,000 single nucleotide polymorphisms were genotyped using double-digest, restriction site-associated DNA sequencing (ddRADseq). We investigated patterns of gene flow and genetic diversity, and tested for correlations between key landscape variables and genetic distance to assess the effects of urbanization and other landscape factors on gene flow. Levels of genetic diversity were similar for the Western Slope and Front Range, but effective population sizes were smaller, genetic distances were higher, and there was more overall population substructure in the more urbanized Front Range. Forest cover was strongly positively associated with puma gene flow on the Western Slope, while impervious surfaces restricted gene flow and more open, natural habitats enhanced gene flow on the Front Range. Landscape genomic analyses revealed differences in puma movement and gene flow patterns in rural versus urban settings. Our results highlight the utility of dense, genome-scale markers to document subtle impacts of urbanization on a wide-ranging carnivore living near a large urban center."
https://openalex.org/W4400459478,10.1002/ece3.11662,Landscape genomics reveals genetic signals of environmental adaptation of African wild eggplants,2024,Ecology and Evolution,Emmanuel Omondi; Chenyu Lin; Shu‐Mei Huang; Cheng‐An Liao; Ya‐Ping Lin; Ricardo F. Oliva; Maarten van Zonneveld,"Crop wild relatives (CWR) provide a valuable resource for improving crops. They possess desirable traits that confer resilience to various environmental stresses. To fully utilize crop wild relatives in breeding and conservation programs, it is important to understand the genetic basis of their adaptation. Landscape genomics associates environments with genomic variation and allows for examining the genetic basis of adaptation. Our study examined the differences in allele frequency of 15,416 single nucleotide polymorphisms (SNPs) generated through genotyping by sequencing approach among 153 accessions of 15 wild eggplant relatives and two cultivated species from Africa, the principal hotspot of these wild relatives. We also explored the correlation between these variations and the bioclimatic and soil conditions at their collection sites, providing a comprehensive understanding of the genetic signals of environmental adaptation in African wild eggplant. Redundancy analysis (RDA) results showed that the environmental variation explained 6% while the geographical distances among the collection sites explained 15% of the genomic variation in the eggplant wild relative populations when controlling for population structure. Our findings indicate that even though environmental factors are not the main driver of selection in eggplant wild relatives, it is influential in shaping the genomic variation over time. The selected environmental variables and candidate SNPs effectively revealed grouping patterns according to the environmental characteristics of sampling sites. Using four genotype-environment association methods, we detected 396 candidate SNPs (2.5% of the initial SNPs) associated with eight environmental factors. Some of these SNPs signal genes involved in pathways that help adapt to environmental stresses such as drought, heat, cold, salinity, pests, and diseases. These candidate SNPs will be useful for marker-assisted improvement and characterizing the germplasm of this crop for developing climate-resilient eggplant varieties. The study provides a model for applying landscape genomics to other crops' wild relatives."
https://openalex.org/W4404117963,10.1016/j.psj.2024.104508,"South African indigenous chickens' genetic diversity, and the adoption of ecological niche modelling and landscape genomics as strategic conservation techniques",2024,Poultry Science,Reneilwe Rose Mogano; Takalani Judas Mpofu; Bohani Joseph Mtileni; Khanyisile Hadebe,"Selection pressures found in the prevailing production environments have shaped the genetic structure of indigenous chickens we see today. Indigenous chickens, raised in villages, provide essential genetic resources and income for poverty alleviation by providing affordable protein. However, they are threatened by predators, emerging diseases, and market demand for ideal breeds and fast production which causes loss of their valuable traits. The lack of knowledge about genetic diversity and genetic mechanisms underlying adaptive variants may compromise the goal of conserving indigenous chicken breeds. The main insights of the study are that indigenous chickens are highly diversified, and environmental factors play a key role in enabling chicken adaptation and distribution. Genomic and spatial technologies have made it possible to explore the genetic structure and fully comprehend the mechanism underlying the local adaptation of indigenous chickens. These technologies can aid in creating programs that enhance productivity and promote climate-resilient breeds. This review explores the impact of natural selection on indigenous chicken, genetic diversity, population size, and the advancement of technologies in understanding local adaptation drivers. In conclusion, this review highlights the importance of studying the habitats and how this will guide in conserving local breeds in their intended production environment."
https://openalex.org/W4313002013,10.1007/13836_2022_106,Insect Landscape Genomics,2022,Population genomics,Andrew C. Chaulk; Nusha Keyghobadi,
https://openalex.org/W4394856618,10.1371/journal.pone.0299992,"Genetic diversity, disease resistance, and environmental adaptation of Arachis duranensis L.: New insights from landscape genomics",2024,PLoS ONE,Alicia N. Massa; Victor S. Sobolev; Paola C. Faustinelli; Shyam P. Tallury; H. Thomas Stalker; Marshall C. Lamb; Renee Silvia Arias,"The genetic diversity that exists in natural populations of Arachis duranensis, the wild diploid donor of the A subgenome of cultivated tetraploid peanut, has the potential to improve crop adaptability, resilience to major pests and diseases, and drought tolerance. Despite its potential value for peanut improvement, limited research has been focused on the association between allelic variation, environmental factors, and response to early (ELS) and late leaf spot (LLS) diseases. The present study implemented a landscape genomics approach to gain a better understanding of the genetic variability of A. duranensis represented in the ex-situ peanut germplasm collection maintained at the U.S. Department of Agriculture, which spans the entire geographic range of the species in its center of origin in South America. A set of 2810 single nucleotide polymorphism (SNP) markers allowed a high-resolution genome-wide characterization of natural populations. The analysis of population structure showed a complex pattern of genetic diversity with five putative groups. The incorporation of bioclimatic variables for genotype-environment associations, using the latent factor mixed model (LFMM2) method, provided insights into the genomic signatures of environmental adaptation, and led to the identification of SNP loci whose allele frequencies were correlated with elevation, temperature, and precipitation-related variables (q < 0.05). The LFMM2 analysis for ELS and LLS detected candidate SNPs and genomic regions on chromosomes A02, A03, A04, A06, and A08. These findings highlight the importance of the application of landscape genomics in ex situ collections of peanut and other crop wild relatives to effectively identify favorable alleles and germplasm for incorporation into breeding programs. We report new sources of A. duranensis germplasm harboring adaptive allelic variation, which have the potential to be utilized in introgression breeding for a single or multiple environmental factors, as well as for resistance to leaf spot diseases."
https://openalex.org/W1481416665,10.1038/hdy.2015.41,The population genomic signature of environmental selection in the widespread insect-pollinated tree species Frangula alnus at different geographical scales,2015,Heredity,Hanne De Kort; Katrien Vandepitte; Joachim Mergeay; Kristine Vander Mijnsbrugge; Olivier Honnay,
https://openalex.org/W4392916702,10.1186/s12864-024-10193-6,Landscape genomics reveals regions associated with adaptive phenotypic and genetic variation in Ethiopian indigenous chickens,2024,BMC Genomics,Fasil Getachew Kebede; Martijn F. L. Derks; Tadelle Dessie; Olivier Hanotte; C. Pita Barros; Richard P. M. A. Crooijmans; Hans Komen; J.W.M. Bastiaansen,"Climate change is a threat to sustainable livestock production and livelihoods in the tropics. It has adverse impacts on feed and water availability, disease prevalence, production, environmental temperature, and biodiversity. Unravelling the drivers of local adaptation and understanding the underlying genetic variation in random mating indigenous livestock populations informs the design of genetic improvement programmes that aim to increase productivity and resilience. In the present study, we combined environmental, genomic, and phenotypic information of Ethiopian indigenous chickens to investigate their environmental adaptability. Through a hybrid sampling strategy, we captured wide biological and ecological variabilities across the country. Our environmental dataset comprised mean values of 34 climatic, vegetation and soil variables collected over a thirty-year period for 260 geolocations. Our biological dataset included whole genome sequences and quantitative measurements (on eight traits) from 513 individuals, representing 26 chicken populations spread along 4 elevational gradients (6-7 populations per gradient). We performed signatures of selection analyses ([Formula: see text] and XP-EHH) to detect footprints of natural selection, and redundancy analyses (RDA) to determine genotype-environment and genotype-phenotype-associations. RDA identified 1909 outlier SNPs linked with six environmental predictors, which have the highest contributions as ecological drivers of adaptive phenotypic variation. The same method detected 2430 outlier SNPs that are associated with five traits. A large overlap has been observed between signatures of selection identified by[Formula: see text]and XP-EHH showing that both methods target similar selective sweep regions. Average genetic differences measured by [Formula: see text] are low between gradients, but XP-EHH signals are the strongest between agroecologies. Genes in the calcium signalling pathway, those associated with the hypoxia-inducible factor (HIF) transcription factors, and sports performance (GALNTL6) are under selection in high-altitude populations. Our study underscores the relevance of landscape genomics as a powerful interdisciplinary approach to dissect adaptive phenotypic and genetic variation in random mating indigenous livestock populations."
https://openalex.org/W2800893983,10.1101/315184,Combining landscape genomics and ecological modelling to investigate local adaptation of indigenous Ugandan cattle to East Coast fever,2018,bioRxiv (Cold Spring Harbor Laboratory),Elia Vajana; Mario Barbato; Licia Colli; Marco Milanesi; Estelle Rochat; Enrico Fabrizi; Christopher Mukasa; Marcello Del Corvo; Charles Masembe; Vincent B. Muwanika; Fredrick Kabi; Tad Stewart Sonstegard,"Abstract East Coast fever (ECF) is a fatal sickness affecting cattle populations of eastern, central, and southern Africa. The disease is transmitted by the tick Rhipicephalus appendiculatus , and caused by the protozoan Theileria parva parva , which invades host lymphocytes and promotes their clonal expansion. Importantly, indigenous cattle show tolerance to infection in ECF-endemically stable areas. Here, the putative genetic bases underlying ECF-tolerance were investigated using molecular data and epidemiological information from 823 indigenous cattle from Uganda. Vector distribution and host infection risk were estimated over the study area and subsequently tested as triggers of local adaptation by means of landscape genomics analysis. We identified 41 and seven candidate adaptive loci for tick resistance and infection tolerance, respectively. Among the genes associated with the candidate adaptive loci are PRKG1 and SLA 2. PRKG1 was already described as associated with tick resistance in indigenous South African cattle, due to its role into inflammatory response. SLA 2 is part of the regulatory pathways involved into lymphocytes’ proliferation. Additionally, local ancestry analysis suggested the zebuine origin of the genomic region candidate for tick resistance. Author summary The tick-borne parasite Theileria parva parva infects cattle populations of eastern, central and southern Africa, by causing a highly fatal pathology called “East Coast fever”. The disease is especially severe for the exotic breeds imported to Africa, as well as outside the endemic areas of East Africa. In these regions, indigenous cattle populations can survive to infection, and this tolerance might result from unique adaptations evolved to fight the disease. We investigated this hypothesis by using a method named “landscape genomics”, with which we compared the genetic characteristics of indigenous Ugandan cattle coming from areas at different infection risk, and located genomic sites potentially attributable to tolerance. In particular, the method pinpointed two genes, one ( PRKG1 ) involved into inflammatory response and potentially affecting East Coast fever vector attachment, the other ( SLA2 ) involved into lymphocytes proliferation, a process activated by T. parva parva infection. Our findings can orientate future research on the genetic basis of East Coast fever-tolerance, and derive from a general method that can be applied to investigate adaptation in analogous host-vector-parasite systems. Characterization of the genetic factors underlying East Coast-fever-tolerance represents an essential step towards enhancing sustainability and productivity of local agroecosystems."
https://openalex.org/W3187711201,10.1007/s11250-021-02837-6,Landscape genomics and selection signatures of local adaptation of Eritrean indigenous cattle along environmental gradients,2021,Tropical Animal Health and Production,S. Goitom; Mathew Gitau Gicheha; Francis Kimani Njonge; Ngeno Kiplangat,
https://openalex.org/W3026891953,10.1111/evo.14023,Disease swamps molecular signatures of genetic‐environmental associations to abiotic factors in Tasmanian devil ( Sarcophilus harrisii ) populations,2020,Evolution,Alexandra K. Fraik; Mark J. Margres; Brendan Epstein; Soraia Barbosa; Menna E. Jones; Sarah A. Hendricks; Barbara Schönfeld; Amanda R. Stahlke; Anne Veillet; Rodrigo Hamede; Hamish Ian McCallum; Elisa Lopez‐Contreras,"Landscape genomics studies focus on identifying candidate genes under selection via spatial variation in abiotic environmental variables, but rarely by biotic factors (i.e., disease). The Tasmanian devil (Sarcophilus harrisii) is found only on the environmentally heterogeneous island of Tasmania and is threatened with extinction by a transmissible cancer, devil facial tumor disease (DFTD). Devils persist in regions of long-term infection despite epidemiological model predictions of species' extinction, suggesting possible adaptation to DFTD. Here, we test the extent to which spatial variation and genetic diversity are associated with the abiotic environment (i.e., climatic variables, elevation, vegetation cover) and/or DFTD. We employ genetic-environment association analyses using 6886 SNPs from 3287 individuals sampled pre- and post-disease arrival across the devil's geographic range. Pre-disease, we find significant correlations of allele frequencies with environmental variables, including 365 unique loci linked to 71 genes, suggesting local adaptation to abiotic environment. The majority of candidate loci detected pre-DFTD are not detected post-DFTD arrival. Several post-DFTD candidate loci are associated with disease prevalence and were in linkage disequilibrium with genes involved in tumor suppression and immune response. Loss of apparent signal of abiotic local adaptation post-disease suggests swamping by strong selection resulting from the rapid onset of DFTD."
https://openalex.org/W4409519036,10.1093/gbe/evaf069,Genomic Exploration of Climate-driven Evolution and Evolutionary Convergence in Forest Pathogens,2025,Genome Biology and Evolution,Pauline Hessenauer; Nicolas Feau; Renate Heinzelmann; Richard C. Hamelin,"Climate significantly influences the distribution, composition, and diversity of fungal communities, impacting the growth, spread, and virulence of fungal forest pathogens. This study employs advanced landscape genomics methods to explore the genomic adaptations of three major fungal pathogens: Those responsible for Dutch elm disease, dothistroma needle blight, and Swiss needle cast. Our findings reveal that precipitation and humidity are primary drivers of adaptation in these species. We use these insights to forecast potential adaptations under future climate scenarios (genomic offset) and identify specific genes and pathways associated with climate responses in each pathogen. Notably, we detect a convergence in moisture adaptation across these distantly related species, particularly in genes related to the cytoskeleton and transporters. This study enhances our understanding of fungal pathogen evolution in response to climate change, offering crucial insights for forest disease management."
https://openalex.org/W2739103599,10.2527/jas2016.94supplement4134a,P5039 A landscape genomic approach to unravel the genomic mechanism of adaptation in indigenous goats of South Africa,2016,Journal of Animal Science,K. Mdladla; Edgar Farai Dzomba; Farai Catherine Muchadeyi,"South African indigenous goat populations are kept under heterogeneous production systems and varied environmental conditions. There are indications of local .5adaptation of South African indigenous goats amid several unknowns regarding the adaptive potential of these populations to local environmental conditions. The current study used a correlation-based landscape genomics approach spatial analysis method (SAM) to quantify the association between genomic variation [48,126 single nucleotide polymorphisms (SNPs)] and geographical location and climatic conditions among 194 indigenous goats collected across 5 major goat-producing provinces, and different production systems in South Africa. Samples were collected across 5 major goat-producing provinces and production systems. To test the effects of the environment on genetic variability, environmental data at sampling locations were required. Environmental data shown previously to be important for feed and water availability, tick-borne disease profile, and shape phenotypic characteristics within agro-climatic zones were compiled, using geographical coordinates and elevation, where goats were sampled. Climatic data accounted for mean annual range in temperature and total rainfall, as well as the mean annual range in temperature during summer and winter months. Using univariate models, Samßada identified significant associations for 619 SNPs (1.29%) potentially subject to selection for the environmental variables. Highest number SNPs (n = 428) were associated with longitude, 163 with winter mean minimum temperature, 15 with annual mean minimum temperature, and 13 with altitude. No SNP associations were apparent for the other variables. The current results provide a valuable insight into the links between environmental variation and potential adaptive genetic divergence. Further analysis using other landscape approaches that account for population structure, in addition to the use of a multivariate analysis, is being undertaken to provide insight on the influence of population structure on allele frequencies to identify climatic variables most correlated with the genomic variation."
https://openalex.org/W4407710044,10.7759/cureus.79206,Mapping Viral Landscapes: Genomic Surveillance of Aedes Mosquitoes From Central India,2025,Cureus,Chitra Patankar; Umay Kulsum; Shruti Mahajan; Sudhir Kumar; Dipesh Kale; Vineet K Sharma; Shashwati Nema; Debasis Biswas,"Background: Mosquito-borne viral diseases pose a significant impact on human health, with the potential to cause widespread outbreaks of diseases. Monitoring viral genomes in mosquito populations can lead to informed risk assessment and promote early diagnosis. However, a standardized methodology is lacking to decipher circulating viral sequences in mosquito populations collected from human habitats. Our study aims to establish and evaluate a system of viral metagenomic analysis in the Aedes mosquito population. Methods: Mosquitoes were collected using CDC-approved BG-Sentinel version 2 traps (Biogents AG, Regensburg, Germany) and battery-operated vacuum aspirators from different locations in the Bhopal region, India. They were sorted based on genus, gender, location, and collection date. The RNA was extracted from the homogenized mosquito pools and reverse transcribed. Complementary DNA (cDNA) was amplified using sequence-independent, single-prime amplification (SISPA). Further, polymerase chain reaction (PCR) products were sequenced using the Illumina NovaSeq 6000 platform (Illumina, Inc., San Diego, CA). Bioinformatic analysis of the reads was performed using Trimmomatic (Bolger AM, Lohse M, Usadel B (2014). Trimmomatic: A flexible trimmer for Illumina Sequence Data (Bioinformatics, btu170) for trimming low-quality raw reads. Later, Kraken2 and Bracken (Johns Hopkins University, Baltimore, MD) were used for the identification of viral sequences. Results: The study examined virus diversity and seasonal distribution in mosquito populations collected from 13 sites in Bhopal, India, over 15 months. A total of 31 mosquito pools of female Aedes mosquitoes were analyzed. Metagenomic analysis revealed viruses encompassing plant, animal, insect, fungal, and bacteriophage hosts. The highest mosquito catch was during the post-monsoon period, while virus diversity peaked during the monsoon. Seasonal variations showed a higher frequency and diversity of viruses during the monsoon than during pre- and post-monsoon periods. The findings highlight the importance of temporal and ecological factors in viral surveillance and mosquito-borne disease management. Conclusions: Our findings demonstrate the potential of combining entomological and genomic surveillance for monitoring virus circulation in mosquito populations, which may be implemented as a routine surveillance tool for the timely detection of spikes in viruses with human pathogenic potential and thus inform targeted vector control measures to avert potential outbreaks in the future."
https://openalex.org/W4210690367,10.1371/journal.pgen.1010019,Population genomics and geographic dispersal in Chagas disease vectors: Landscape drivers and evidence of possible adaptation to the domestic setting,2022,PLoS Genetics,Luis E. Hernandez-Castro; Anita G. Villacís; Arne Jacobs; Bachar Cheaib; Casey C. Day; Sofía Ocaña-Mayorga; César A. Yumiseva; Antonella Bacigalupo; Björn Andersson; Louise Matthews; Erin L. Landguth; Jaime Alfredo Costales,"Accurate prediction of vectors dispersal, as well as identification of adaptations that allow blood-feeding vectors to thrive in built environments, are a basis for effective disease control. Here we adopted a landscape genomics approach to assay gene flow, possible local adaptation, and drivers of population structure in Rhodnius ecuadoriensis, an important vector of Chagas disease. We used a reduced-representation sequencing technique (2b-RADseq) to obtain 2,552 SNP markers across 272 R. ecuadoriensis samples from 25 collection sites in southern Ecuador. Evidence of high and directional gene flow between seven wild and domestic population pairs across our study site indicates insecticide-based control will be hindered by repeated re-infestation of houses from the forest. Preliminary genome scans across multiple population pairs revealed shared outlier loci potentially consistent with local adaptation to the domestic setting, which we mapped to genes involved with embryogenesis and saliva production. Landscape genomic models showed elevation is a key barrier to R. ecuadoriensis dispersal. Together our results shed early light on the genomic adaptation in triatomine vectors and facilitate vector control by predicting that spatially-targeted, proactive interventions would be more efficacious than current, reactive approaches."
https://openalex.org/W4387845487,10.1111/mec.17175,"Conservation genomics of an endangered montane amphibian reveals low population structure, low genomic diversity and selection pressure from disease",2023,Molecular Ecology,Daryl R. Trumbo; Bennett M. Hardy; H. J. Crockett; Erin Muths; Brenna R. Forester; Rebecca G. Cheek; S. J. Zimmerman; Sarah Corey-Rivas; Larissa Lynn Bailey; W. Chris Funk,"Abstract Wildlife diseases are a major global threat to biodiversity. Boreal toads (Anaxyrus [Bufo] boreas) are a state‐endangered species in the southern Rocky Mountains of Colorado and New Mexico, and a species of concern in Wyoming, largely due to lethal skin infections caused by the amphibian chytrid fungus Batrachochytrium dendrobatidis (Bd). We performed conservation and landscape genomic analyses using single nucleotide polymorphisms from double‐digest, restriction site‐associated DNA sequencing in combination with the development of the first boreal toad (and first North American toad) reference genome to investigate population structure, genomic diversity, landscape connectivity and adaptive divergence. Genomic diversity (π = 0.00034–0.00040) and effective population sizes (Ne = 8.9–38.4) were low, likely due to post‐Pleistocene founder effects and Bd‐related population crashes over the last three decades. Population structure was also low, likely due to formerly high connectivity among a higher density of geographically proximate populations. Boreal toad gene flow was facilitated by low precipitation, cold minimum temperatures, less tree canopy, low heat load and less urbanization. We found >8X more putatively adaptive loci related to Bd intensity than to all other environmental factors combined, and evidence for genes under selection related to immune response, heart development and regulation and skin function. These data suggest boreal toads in habitats with Bd have experienced stronger selection pressure from disease than from other, broad‐scale environmental variations. These findings can be used by managers to conserve and recover the species through actions including reintroduction and supplementation of populations that have declined due to Bd."
https://openalex.org/W2975499694,10.1101/780122,Disease swamps molecular signatures of genetic-environmental associations to abiotic factors in Tasmanian devil ( Sarcophilus harrisii ) populations,2019,bioRxiv (Cold Spring Harbor Laboratory),Alexandra K. Fraik; Mark J. Margres; Brendan Epstein; Soraia Barbosa; Menna E. Jones; Sarah A. Hendricks; Barbara Schönfeld; Amanda R. Stahlke; Anne Veillet; Rodrigo Hamede; Hamish Ian McCallum; Elisa Lopez‐Contreras,"Abstract Landscape genomics studies focus on identifying candidate genes under selection via spatial variation in abiotic environmental variables, but rarely by biotic factors such as disease. The Tasmanian devil ( Sarcophilus harrisii ) is found only on the environmentally heterogeneous island of Tasmania and is threatened with extinction by a nearly 100% fatal, transmissible cancer, devil facial tumor disease (DFTD). Devils persist in regions of long-term infection despite epidemiological model predictions of species’ extinction, suggesting possible adaptation to DFTD. Here, we test the extent to which spatial variation and genetic diversity are associated with the abiotic environment and/or by DFTD. We employ genetic-environment association (GEAs) analyses using a RAD-capture panel consisting of 6,886 SNPs from 3,286 individuals sampled pre- and post-disease arrival. Pre-disease, we find significant correlations of allele frequencies with environmental variables, including 349 unique loci linked to 64 genes, suggesting local adaptation to abiotic environment. Following DFTD arrival, however, we detected few of the pre-disease candidate loci, but instead frequencies of candidate loci linked to 14 genes correlated with disease prevalence. Loss of apparent signal of abiotic local adaptation following disease arrival suggests swamping by the strong selection imposed by DFTD. Further support for this result comes from the fact that post-disease candidate loci are in linkage disequilibrium with genes putatively involved in immune response, tumor suppression and apoptosis. This suggests the strength GEA associations of loci with the abiotic environment are swamped resulting from the rapid onset of a biotic selective pressure."
https://openalex.org/W4411276009,10.1093/evolut/qpaf129,"Last Glacial Maximum diversification implicated by continent-wide population structure in an avian top predator, the great horned owl (Bubo virginianus)",2025,Evolution,Emily N. Ostrow; Lukas J. Musher; Kevin Winker; Peter M. Mattison; Christopher C. Witt; Robert G. Moyle,"Many North American species have diversified in response to past climate change, but the specific impacts of late Pleistocene glaciations on diversification and population structure in widespread North American species are uncertain. We tested drivers of continent-wide population genomic structure in North American great horned owls (Bubo virginianus). Using species distribution modeling and reduced representation genomic sequencing on 114 specimen-vouchered samples, we quantified genetic diversity, gene flow, and population divergence times to test the drivers of population structure. Specifically, we examined how contemporary and historical processes shaped this species' spatial patterns of genetic structure. We identified three populations corresponding to eastern, northwestern, and southwestern North America. Areas of relatively high effective genetic diversity corresponded to regions of high habitat suitability during the Last Glacial Maximum (LGM) and gene flow was low among recently diverged populations. Landscape genomic models accounting for least-cost path dispersal distances during the LGM and current landscape found support for both contemporary and historical geographic features driving genomic differentiation. Our results revealed how habitat fragmentation associated with historical and contemporary landscapes drove population structuring. Late Pleistocene glaciations, as recently as the LGM, seem to have driven population structure of this geographically widespread, charismatic, and large-bodied avian species."
https://openalex.org/W4416294241,10.1097/js9.0000000000003921,"Construction and validation of a disulfidptosis-related risk assessment model for prediction of prognosis, immune microenvironment, drug therapy, and microbiota in patients with low-grade glioma",2025,International Journal of Surgery,Jiayang Han; Binbin Zhao; Man Yue; Mengwen Hou; Xu Han; Tiantian Sun; Ruohan Yun; Yuanyuan Dai; Junru Jia; Hai‐Qiang Wang; Pengkun Li; Guosen Zhang,"BACKGROUND: Disulfidptosis has been recently identified as a mode of programmed cell death, which is becoming a promising target for tumor treatment. However, its biological mechanism in low-grade glioma (LGG) has not yet been thoroughly investigated. Due to the molecular heterogeneity of LGG, it is essential to develop an accurate classification system to predict prognosis and therapeutic response of LGG patients based on distinct molecular characteristics. METHODS AND RESULTS: A prognostic gene signature was constructed based on differentially expressed genes between disulfidptosis-related genes-specified subtypes, which was verified to have superior prognostic performance. According to it, high-risk patients with poor prognosis were more enriched with immune cells, including CD4 + , CD8 + , and regulatory T cells. Through drug sensitivity analysis, several drugs exhibited significant correlation with risk score, and molecular docking illustrated that both dactolisib and linsitinib were capable of binding tightly with most signature genes, making them potential candidates for targeted therapeutic approaches of LGG. Additionally, this model was also found to be significantly associated with tumor mutation burden, stemness index, treatment response, and microbiota features. CONCLUSION: Thus, this model can stratify LGG patients with distinct gene expression features, immune landscape, genomic instability, and microbiota features. By stratifying patients with risk score, this risk model may improve the accuracy of prognostic prediction for LGG patients, which might provide new insights into the molecular targeted therapy for individual treatment in a risk score-specific manner."
https://openalex.org/W4382133213,10.1016/j.scitotenv.2023.165085,The effects of urban life on animal immunity: Adaptations and constraints,2023,The Science of The Total Environment,Piotr Minias,"Land transformation, including urbanization, is a dominant form of anthropogenic change to the global environment at the dawn of the Anthropocene epoch. More and more species are brought into direct contact with humans, being either required to develop broad-scale adaptations to urban environment or filtered out from urbanized areas. While behavioural or physiological adaptations are at the forefront of urban biology research, there is accumulating evidence for divergent pathogen pressure across urbanization gradients, requiring adjustments in host immune function. At the same time, host immunity may be constrained by unfavourable components of an urban environment, such as poor-quality food resources, disturbance, or pollution. Here, I reviewed existing evidence for adaptations and constrains in the immune system of urban animals, focusing on the recent implementation of metabarcoding, genomic, transcriptomic, and epigenomic approaches in urban biology research. I show that spatial variation in pathogen pressure across urban and non-urban landscapes is highly complex and may be context-dependent, but there is solid evidence for pathogen-driven immunostimulation in urban-dwelling animals. I also show that genes coding for molecules directly involved in interactions with pathogens are the prime candidates for immunogenetic adaptations to urban life. Evidence emerging from landscape genomics and transcriptomics show that immune adaptations to urban life may have a polygenic nature, but immune traits may not be among the key biological functions experiencing broad-scale microevolutionary changes in response to urbanization. Finally, I provided recommendations for future research, including i) a better integration of different 'omic' approaches to obtain a more complete picture of immune adaptations to urban life in non-model animal taxa, ii) quantification of fitness landscapes for immune phenotypes and genotypes across urbanization gradient, and iii) much broader taxonomic coverage (including invertebrates) necessary to draw more robust conclusions on how general (or taxa-specific) are immune responses of animals to urbanization."
https://openalex.org/W4313393883,10.21608/puj.2022.177647.1197,"Omics: Applications related to diagnosis, treatment, prevention and control of parasitic diseases. Part II. Helminths",2022,Parasitologists United Journal,Radwa Galal Diab; Salwa Sami Younis,"Landscape genomic studies can help define the role of geography and ecology in the clinical presentation ofparasitic diseases, and consequently provide the choice for accurate diagnosis, novel therapeutic regimens,and effective strategies for control and elimination. In this regard, RNA interference technology combinedwith phenotypic studies can pinpoint exactly the incriminated molecules and/or pathways that mighthelp in identification of novel drug targets and promising vaccine candidates. Previously, we discussed theapplications of omics and bioinformatics in diagnosis, treatment, and control of malaria, one of the majorhealth problems and causes of death worldwide[1]. In the present part, we intend to unravel the complexityof genomic and post genomic implications in the pathogenesis of helminthic diseases aiming to develop anddesign new therapeutic drugs and/or protective vaccines against helminths diseases."
https://openalex.org/W3081504552,10.5525/gla.thesis.81448,Genomics and spatial surveillance of Chagas disease and American visceral leishmaniasis,2020,Enlighten: Theses (The University of Glasgow),Philipp Schwabl,"The Trypanosomatidae are a family of parasitic protozoa that infect various animals and plants. Several species within the Trypanosoma and Leishmania genera also pose a major threat to human health. Among these are Trypanosoma cruzi and Leishmania infantum, aetiological agents of the highly debilitating and often deadly vector-borne zoonoses Chagas disease and American visceral leishmaniasis. Current treatment options are far from safe, only partially effective and rarely available in the impoverished regions of Latin America where these ‘neglected tropical diseases’ prevail. Wider-reaching, sustainable protection against T. cruzi and L. infantum might best be achieved by intercepting key routes of zoonotic transmission, but this prophylactic approach requires a better understanding of how these parasites disperse and evolve at various spatiotemporal scales. This dissertation addresses key questions around trypanosomatid parasite biology and spatial epidemiology based on high-resolution, geo-referenced DNA sequence datasets constructed from disease foci throughout Latin America: Which forms of genetic exchange occur in T. cruzi, and are exchange events frequent enough to significantly alter the distribution of important epidemiological traits? How do demographic histories, for example, the recent invasive expansion of L. infantum into the Americas, impact parasite population structure, and do structural changes pose a threat to public health? Can environmental variables predict parasite dispersal patterns at the landscape scale? Following the first chapter’s review of population genetic and genomic approaches in the study of trypanosomatid diseases in Latin America, Chapter 2 describes how reproductive polymorphism segregates T. cruzi populations in southern Ecuador. The study is the first to clearly demonstrate meiotic sex in this species, for decades thought to exchange genetic material only very rarely, and only by non-Mendelian means. T. cruzi subpopulations from the Ecuadorian study site exhibit all major hallmarks of sexual reproduction, including genome-wide Hardy-Weinberg allele frequencies, rapid decay of linkage disequilibrium with map distance and genealogies that fluctuate among chromosomes. The presence of sex promotes the transfer and transformation of genotypes underlying important epidemiological traits, posing great challenges to disease surveillance and the development of diagnostics and drugs. Chapter 3 demonstrates that mating events are also pivotal to L. infantum population structure in Brazil, where introduction bottlenecks have led to striking genetic discontinuities between sympatric strains. Genetic hybridization occurs genome-wide, including at a recently identified ‘miltefosine sensitivity locus’ that appears to be deleted from the majority of Brazilian L. infantum genomes. The study combines an array of genomic and phenotypic analyses to determine whether rapid population expansion or strong purifying selection has dr"
https://openalex.org/W4404839255,10.1016/j.ufug.2024.128627,"Urbanization affects population connectivity, reproductive success and phenotypic traits in the Mediterranean cliff species Brassica incana (Brassicaceae)",2024,Urban forestry & urban greening,Lucrezia Laccetti; Léa Frachon; Luca Arrigo; Giovanni Scopece,"Biotic and abiotic changes induced by urbanization can highly affect the ecology and evolution of plant species. Indeed, urban development can have a major impact on plant population genomics, reproductive success and phenotypic traits hence influencing the adaptive strategies and the ecological functions of plant species within ecosystems. Through a holistic study of the impact of urbanization on the genetic and ecological dynamics of a Mediterranean plant species, we shed light on the mechanisms driving plant responses to urban environments. By focusing on 15 populations of the Mediterranean cliff species Brassica incana distributed along an urbanization gradient, we first analyzed the potential drivers of among-population genomic differentiation using a landscape genomics approach. Then, we provided a comprehensive understanding of the complex interplay among ecological factors (climate, herbivore damage, pollinator community), reproductive (relative fruit set and seed-ovule ratio) and phenotypic (glucosinolate content, flower number) traits involved in the response of B. incana populations to urban pressures using complementary Structural Equation Modeling (SEM) and correlative approaches. Our results show that urbanization reduces among-population connectivity by influencing the genomic differentiation among populations. Also, according to SEM analysis, urbanization showed direct and indirect (mediated by mean annual temperature) effects on both pollinator community and herbivory levels, and direct and indirect (mediated by honeybees and long-tongued bees) effects on plant reproductive success. Additionally, urban populations showed higher contents of a glucosinolate compound (glucobrassicin). Taken together, our findings suggest that urbanization can shape genomic differentiation, reproductive success and phenotypic variation. We showed that the impact of urbanization is rather complex and is likely mediated by the interplay between direct and indirect effects of abiotic and biotic conditions on B. incana . Overall, we documented how urban development can shape eco-evolutionary dynamics of a cliff species located in a densely inhabited Mediterranean area."
https://openalex.org/W4283827250,10.3389/fpls.2022.895877,"The Past, Present, and Future of Host Plant Resistance in Cotton: An Australian Perspective",2022,Frontiers in Plant Science,Lucy M. Egan; Warwick N. Stiller,"Cotton is a key global fiber crop. However, yield potential is limited by the presence of endemic and introduced pests and diseases. The introduction of host plant resistance (HPR), defined as the purposeful use of resistant crop cultivars to reduce the impact of pests and diseases, has been a key breeding target for the Commonwealth Scientific and Industrial Research Organisation (CSIRO) cotton breeding program. The program has seen success in releasing cultivars resistant to Bacterial blight, Verticillium wilt, Fusarium wilt, and Cotton bunchy top. However, emerging biotic threats such as Black root rot and secondary pests, are becoming more frequent in Australian cotton production systems. The uptake of tools and breeding methods, such as genomic selection, high throughput phenomics, gene editing, and landscape genomics, paired with the continued utilization of sources of resistance fromGossypiumgermplasm, will be critical for the future of cotton breeding. This review celebrates the success of HPR breeding activities in the CSIRO cotton breeding program and maps a pathway for the future in developing resistant cultivars."
https://openalex.org/W2208911639,10.1111/nph.13826,Opportunities for unlocking the potential of genomics for A frican trees,2015,New Phytologist,Barnabas H. Daru; Dave Kenneth Berger; Abraham Erasmus Van Wyk,"Trees (or their absence) represent one of the most defining features of landscapes on the African continent. However, they face major threats including habitat loss and degradation, invasive alien species, disturbance from frequent fire, over-harvesting, pollution, changes in pollinators or dispersers populations, and climate change (Balmford et al., 2001; Davies et al., 2011). Understanding how trees respond to these impacts would require an integrative approach of which genomic science has a potentially major role to play (Plomion et al., 2016). Since the advent of genomic science, its investigative power has been exploited for trees in temperate regions, particularly involving members of Pinus, Picea, Pseudotsuga, Populus, Eucalyptus, Quercus, Castanea, Malus, Prunus, and Fraxinus (Neale & Kremer, 2011; Neale et al., 2013). These species serve as models for exploring various processes in molecular genetics, functional biology, evolutionary biology, phenotypic and genotypic adaptation, physiology and organismal development (Tuskan et al., 2006; Plomion et al., 2016). Although the tropics have exceptionally high tree diversity – with Africa alone having c. 50 times more native tree species than temperate Europe (Slik et al., 2015) – tree genomic research in this region lags behind that of temperate ones. Limited funding and the lack of reference genomes for tropical trees have limited the progress of genomic science on the African continent. With over 6000 tree species on the African continent (Slik et al., 2015), there is a need to establish reference genomes for the major tree families. First, we discuss ways to exploit next generation sequencing (NGS) technologies including genotyping by sequencing (GBS), de novo transcriptome assembly and whole genome sequencing to generate genomic resources for nonmodel tree species on the African continent. Second, we discuss landscape genomics, an emerging field in genomic science and discuss research areas in which the genomic resources of trees in Africa can be used to inform research on landscape genomics and to improve food production. Genomics resources, including reference genomes are completely lacking for African trees. Instead, most available molecular studies of trees in Africa examined a limited number of loci for addressing questions that vary along three major axes: inferring past demographic history, species delimitation/classification, and in conservation (Supporting Information Table S1). In terms of inferring evolutionary history, much of the work addressed the phylogeographic history of dispersal, diversification, vicariance disjunction, evolutionary origin and community phylogenetic structure with focus in central and southern Africa (Table S1). These studies mostly utilized chloroplast DNA regions (usually not more than six) and sometimes nuclear markers, and microsatellites for inferring past demographic history (Table S1). For species delimitation and supraspecific classification, mu"
https://openalex.org/W2626337749,10.13130/2283-3927/8529,Spatial dependence of genetic data related to human health and livestock disease resistance: a role for geography to support the One Health approach,2017,Riviste UNIMI (Università degli studi di Milano),Stéphane Joost,"The spatial dependence of located health and/or genetic data can be used to detect clusters likely to reveal disease prevalence or signatures of adaptation – or not – to characteristics of the local environment (high temperatures, air or water pollution), be it in humans or animals (Murtaugh et al. 2017). Most often, geographic maps are produced to represent health data. Medical information is transmitted through thematic choropleth maps. For instance administrative units are colored according to the variable of interest. But it is key to analyse health and/or genetic data by explicitly including geographic characteristics (distances, co-location) and also the potential and power of spatial statistics to detect specific patterns in the geographic distribution of disease occurrences (“make visible the invisible”). A classic example using clusters is the map produced by John Snow (Snow 1855) showing the number of deaths caused by a cholera outbreak in London. Looking at a detail of Snow's original map, it is possible to realize how he graphically represented the number of deaths, with short bold lines representing death occurrences (frequencies forming a kind of histogram) placed on the street at the addresses where it happened - what we currently name georeferencing. A cluster of death people is an effect observed on the territory, and the existence of such a cluster depends on an infected water pump located at the same place (the cause). How can this spatial dependence be detected and measured? It is possible to identify spatial patterns in the geographic space by means of spatial statistics. We need to determine whether the variable of interest is randomly distributed or spatially dependent, and to check if the patterns observed are robust to random permutations. We also need to explore the data, to find out what is the range of influence of this spatial dependence. Here we focus on the functioning of one among several measures of spatial autocorrelation named Moran’s (Moran 1950). Moran’s I translates the global relationship between the behavior of points and of their neighborhood. Measures of spatial dependence are key to detect and visualize spatial patterns in health and/or genetic data because spatial statistics can reveal signals that remain often hidden using thematic mapping. On the basis of the clusters highlighted by these exploratory methods, it is possible to formulate hypotheses about possible environmental or socio-economic causes and to test them with the help of confirmatory statistics. «Ideas come from previous explorations» John Tukey said in a paper published in 1980 in The American Statistician, in a paper entitled «We Need Both Exploratory and Confirmatory» (Tukey 1980). First explore and then confirm was already the reasoning applied by John Snow to detect death ""hot spots"" in London, which then allowed him to hypothesize that a particular water pump was infected, and finally to take public health steps to check the cholera"
https://openalex.org/W2277187117,10.1371/journal.pone.0142864,Evolutionary Quantitative Genomics of Populus trichocarpa,2015,PLoS ONE,Ilga Mercedes Porth; Jaroslav Klápště; Athena D. McKown; Jonathan La Mantia; Robert D. Guy; Pär K. Ingvarsson; Richard C. Hamelin; Shawn D. Mansfield; Jürgen Ehlting; Carl J. Douglas; Yousry Aly El-Kassaby,"Forest trees generally show high levels of local adaptation and efforts focusing on understanding adaptation to climate will be crucial for species survival and management. Here, we address fundamental questions regarding the molecular basis of adaptation in undomesticated forest tree populations to past climatic environments by employing an integrative quantitative genetics and landscape genomics approach. Using this comprehensive approach, we studied the molecular basis of climate adaptation in 433 Populus trichocarpa (black cottonwood) genotypes originating across western North America. Variation in 74 field-assessed traits (growth, ecophysiology, phenology, leaf stomata, wood, and disease resistance) was investigated for signatures of selection (comparing QST-FST) using clustering of individuals by climate of origin (temperature and precipitation). 29,354 SNPs were investigated employing three different outlier detection methods and marker-inferred relatedness was estimated to obtain the narrow-sense estimate of population differentiation in wild populations. In addition, we compared our results with previously assessed selection of candidate SNPs using the 25 topographical units (drainages) across the P. trichocarpa sampling range as population groupings. Narrow-sense QST for 53% of distinct field traits was significantly divergent from expectations of neutrality (indicating adaptive trait variation); 2,855 SNPs showed signals of diversifying selection and of these, 118 SNPs (within 81 genes) were associated with adaptive traits (based on significant QST). Many SNPs were putatively pleiotropic for functionally uncorrelated adaptive traits, such as autumn phenology, height, and disease resistance. Evolutionary quantitative genomics in P. trichocarpa provides an enhanced understanding regarding the molecular basis of climate-driven selection in forest trees and we highlight that important loci underlying adaptive trait variation also show relationship to climate of origin. We consider our approach the most comprehensive, as it uncovers the molecular mechanisms of adaptation using multiple methods and tests. We also provide a detailed outline of the required analyses for studying adaptation to the environment in a population genomics context to better understand the species' potential adaptive capacity to future climatic scenarios."
https://openalex.org/W3092248687,10.20506/rst.39.2.3099,Genomics and climate change,2020,Scientific and Technical Review (World Organisation for Animal Health),C. McManus; Samuel Rezende Paiva; D. FARIA,"Climate change is predicted to change the nature and distribution of global farming systems, and strategies will be needed to adapt and optimise global food-producing systems. If genomic technologies are to be useful in this scenario, there is a need for the careful definition of phenotypes and routine sample collection, as well as large-scale genotyping of animal populations. Genomic tools will greatly enhance the characterisation of available germplasm and exploration of local genetic resources, while faster and cheaper DNA sequencing is leading to an increased understanding of the underlying genetic basis of traits. The use of genomic tools to increase animal resilience, reduce methane emissions from cattle and sheep, improve disease resistance, decrease environmental impact, reduce competition for land and water and, finally, increase production may be the most feasible path for the future of livestock production. In this review, the authors discuss various genomic strategies in the light of climate change, focusing on the selection of resistant/tolerant animals, landscape genomics, metagenomics and gene editing."
https://openalex.org/W3128787210,,"New Frontiers in Forestry: Combining Phenomics, Common Gardens, and Landscape Genomics to Address Disease Resistance and Climate Change",2020,,Jeremy S. Johnson; Sam A. Cushman; Andrew J. Eckert; Lluvia Flores‐Rentería; Richard A. Sniezko; Christopher J. Still; Christian Wehenkel; Amy Vaughn Whipple; Michael R. Wing; Justin E. Bagley; Emily Boes; Ethan Bucholz,
https://openalex.org/W7163873091,10.5281/zenodo.20583987,Supplementary Dataset for: Long-distance seed dispersal accelerates the spread of the invasive buttonweed (Cotula coronopifolia),2026,Zenodo (CERN European Organization for Nuclear Research),Anonymous,"This repository contains the input files and scripts used in: ""Long-distance seed dispersal accelerates the spread of the invasive buttonweed (Cotula coronopifolia)"". Migratory waterbirds can accelerate the spread of invasive plants beyond their native ranges by dispersing ingested seeds across wetlands along migratory flyways. Yet, empirical evidence that endozoochory by long-distance migrants drives continental spread and shifts invasions from gradual to stratified diffusion remains scarce, limiting our ability to forecast and manage invasions. We combined landscape genomics with eco-evolutionary simulations to test whether endozoochorous long-distance dispersal explains the accelerated expansion of Cotula coronopifolia in Europe. Flyway connectivity did not explain pairwise genetic differentiation, but population graphs revealed cross-country dependencies consistent with rare long-distance dispersal events. Simulations showed that, with only short-distance dispersal, the species occupied <2% of suitable UK habitat following 140 years after its introduction, whereas rare long-distance dispersal produced near-complete occupancy within 30 years. These results show that endozoochorous waterbird dispersal can drive stratified diffusion and identify migratory flyways as risk corridors for invasive plants."
https://openalex.org/W7163913886,10.5281/zenodo.20583986,Supplementary Dataset for: Long-distance seed dispersal accelerates the spread of the invasive buttonweed (Cotula coronopifolia),2026,Zenodo (CERN European Organization for Nuclear Research),Anonymous,"This repository contains the input files and scripts used in: ""Long-distance seed dispersal accelerates the spread of the invasive buttonweed (Cotula coronopifolia)"". Migratory waterbirds can accelerate the spread of invasive plants beyond their native ranges by dispersing ingested seeds across wetlands along migratory flyways. Yet, empirical evidence that endozoochory by long-distance migrants drives continental spread and shifts invasions from gradual to stratified diffusion remains scarce, limiting our ability to forecast and manage invasions. We combined landscape genomics with eco-evolutionary simulations to test whether endozoochorous long-distance dispersal explains the accelerated expansion of Cotula coronopifolia in Europe. Flyway connectivity did not explain pairwise genetic differentiation, but population graphs revealed cross-country dependencies consistent with rare long-distance dispersal events. Simulations showed that, with only short-distance dispersal, the species occupied <2% of suitable UK habitat following 140 years after its introduction, whereas rare long-distance dispersal produced near-complete occupancy within 30 years. These results show that endozoochorous waterbird dispersal can drive stratified diffusion and identify migratory flyways as risk corridors for invasive plants."
https://openalex.org/W2803388888,10.17011/conference/eccb2018/107294,Landscape genomics of a grassland plant Primula veris in fragmented alvar grasslands of Estonia,2018,Proceedings of the 5th European Congress of Conservation Biology,Tsipe Aavik; Iris Reinula; Aveliina Helm; Ignacio M. Hernández‐Agramonte; Sabrina Träger,"42 populations of Primula veris (20 individuals per population), an insect-pollinated plant species characteristic of calcareous grasslands, in alvar grasslands of Western Estonia. Alvar grasslands are characterised by high plant species richness and unique species composition, but have suffered from severe decrease in area and connectivity during the last hundred years, and hence represent habitats with high conservation importance. These grasslands are thus a good study system for examining the impact of recent landscape change on biodiversity. To assess genetic diversity of the study populations, we use nearly 5000 single nucleotide polymorphisms (SNPs) obtained through restriction site associated DNA sequencing (RADseq). In addition to current landscape characteristics, we obtained detailed historic information on alvar area and connectivity and surrounding landscape characteristics in 1930s. Furthermore, we have collected a detailed set of various environmental variables at study locations, which help to determine key drivers of local adaptation in our study system. Preliminary evidence indicates that current patterns of genomic diversity in Primula veris may exhibit a delayed response to landscape change. We are convinced that our project, which has been carried out in close collaboration with conservation practitioners, will help to propose effective measures for conservation of fragmented plant populations in the light of environmental changes."
https://openalex.org/W4302028509,10.1111/mec.16715,Evaluating the persistence and utility of five wild Vitis species in the context of climate change,2022,Molecular Ecology,Jonás A. Aguirre‐Liguori; Abraham Morales‐Cruz; Brandon S. Gaut,"Crop wild relatives (CWRs) have the capacity to contribute novel traits to agriculture. Given climate change, these contributions may be especially vital for the persistence of perennial crops, because perennials are often clonally propagated and consequently do not evolve rapidly. By studying the landscape genomics of samples from five Vitis CWRs (V. arizonica, V. mustangensis, V. riparia, V. berlandieri and V. girdiana) in the context of projected climate change, we addressed two goals. The first was to assess the relative potential of different CWR accessions to persist in the face of climate change. By integrating species distribution models with adaptive genetic variation, additional genetic features such as genomic load and a phenotype (resistance to Pierce's Disease), we predicted that accessions from one species (V. mustangensis) are particularly well-suited to persist in future climates. The second goal was to identify which CWR accessions may contribute to bioclimatic adaptation for grapevine (V. vinifera) cultivation. To do so, we evaluated whether CWR accessions have the allelic capacity to persist if moved to locations where grapevines are cultivated in the United States. We identified six candidates from V. mustangensis and hypothesized that they may prove useful for contributing alleles that can mitigate climate impacts on viticulture. By identifying candidate germplasm, this study takes a conceptual step toward assessing the genomic and bioclimatic characteristics of CWRs."
https://openalex.org/W4386457888,10.22541/au.169391006.65322086/v1,Landscape genomics reveals genetic signals of environmental adaptation of African wild eggplant,2023,,Emmanuel Omondi; Chenyu Lin; Shu‐Mei Huang; Cheng-An Liao; Ya‐Ping Lin; Oliva Ricardo; Maarten van Zonneveld,"Crop wild relatives provide a valuable resource for improving crops. They possess desirable traits that confer resilience to various environmental stresses. To fully utilize crop wild relatives in breeding and conservation programs, it is important to understand the genetic basis of their adaptation. Landscape genomics associates environments with genomic variation and allows for examining the genetic basis of adaptation. In this study, we applied landscape genomics to examine the differences in allele frequency of 15,416 Single Nucleotide Polymorphisms (SNPs) among 153 accessions of wild eggplant relatives from Africa, the principal hot spot of these wild relatives. Further, we explored the correlation between these variations and the bio-climatic and soil conditions at their collection sites. Our results showed that the environment has a greater impact on the genetic variation in the eggplant wild relative populations compared to the geographical distances between collection sites while controlling for population structure. These findings indicate the relevance of the environment in shaping genetic variation in eggplant relatives over time. We detected 396 candidate SNPs associated with ten environmental factors by applying four genotype-environment association methods. Some of these SNPs signal genes involved in pathways that help with adaptation to environmental stresses such as drought, heat, cold, salinity, pests, and diseases. These candidate SNPs will be useful for marker-assisted improvement and characterizing the germplasm of this crop for developing climate-resilient eggplant varieties. The study provides a model for how we can apply landscape genomics to the wild relatives of other crops."
https://openalex.org/W4387357996,10.1111/mec.17136,Population genomic analyses reveal population structure and major hubs of invasive Anopheles stephensi in the Horn of Africa,2023,Molecular Ecology,Jeanne N. Samake; Philip Lavretsky; Isuru Gunarathna; Madison Follis; Joshua I. Brown; Said Mohammed Ali; Solomon Yared; Tamar E. Carter,"Anopheles stephensi invasion in the Horn of Africa (HoA) poses a substantial risk of increased malaria disease burden in the region. An understanding of the history of introduction(s), establishment(s) and potential A. stephensi sources in the HoA is needed to predict future expansions and establish where they may be effectively controlled. To this end, we take a landscape genomic approach to assess A. stephensi origins and spread throughout the HoA, information essential for vector control. Specifically, we assayed 2070 genome-wide single nucleotide polymorphisms across 214 samples spanning 13 populations of A. stephensi from Ethiopia and Somaliland collected in 2018 and 2020, respectively. Principal component and genetic ancestry analyses revealed clustering that followed an isolation-by-distance pattern, with genetic divergence among the Ethiopian samples significantly correlating with geographical distance. Additionally, genetic relatedness was observed between the northeastern and east central Ethiopian A. stephensi populations and the Somaliland A. stephensi populations. These results reveal population differentiation and genetic connectivity within HoA A. stephensi populations. Furthermore, based on genetic network analysis, we uncovered that Dire Dawa, the site of a spring 2022 malaria outbreak, was one of the major hubs from which sequential founder events occurred in the rest of the eastern Ethiopian region. These findings can be useful for the selection of sites for heightened control to prevent future malaria outbreaks. Finally, we did not detect significant genotype-environmental associations, potentially due to the recency of their colonization and/or other anthropogenic factors leading to the initial spread and establishment of A. stephensi. Our study highlights how coupling genomic data at landscape levels can shed light into even ongoing invasions."
https://openalex.org/W4414053713,10.1007/s00335-026-10214-7,Mapping genomic adaptation to environmental heterogeneity in Indian native goat populations through landscape genomics,2026,Mammalian Genome,Pallavi Rathi; Nidhi Sukhija; Indrajit Ganguly; S. P. Dixit; Sanjeev Kumar Singh; Chandana Sree Chinnareddyvari; C. A. Dharaamshaw,
https://openalex.org/W2623932696,10.83049/unicatt/publicatt/10280_19085,"EXPLORING LIVESTOCK EVOLUTIONARY HISTORY, DIVERSITY, ADAPTATION AND CONSERVATION THROUGH LANDSCAPE GENOMICS AND ECOLOGICAL MODELLING",2017,,Elia Vajana,"Biodiversity is quickly disappearing due to human impact on the biosphere, and to market pressure. Consequently, the protection of both wild and domestic species needs to become a priority in order to preserve their evolutionary potential and, ultimately, guarantee a sustainable future for coming human generations. To date, tens of methods have been proposed to prioritize biodiversity for conservation purposes. Here, an ontology for priority setting in conservation biology is provided with the aim of supporting the selection of the most opportune methodologies given specific conservation goals. Further, two case studies are presented characterizing neutral and adaptive genomic diversity in water buffalo (Bubalus bubalis L.) and indigenous Ugandan cattle (Bos taurus L.), respectively. In particular, two independent domestication centres (North-western India and Indochina) and separate migration routes are suggested for the ‘river’ and ‘swamp’ water buffalo types. In the case of indigenous Ugandan cattle, the integration of species distribution modelling and landscape genomics techniques allowed the identification of PRKG1 and SLA2 as candidate genes for local adaptation to East Coast Fever, a vector-borne disease affecting bovine populations of Sub-Saharan Africa. Results are discussed for their implications in water buffalo conservation and Ugandan cattle adaptive management."
https://openalex.org/W4382769909,10.1111/csp2.12956,A review of population and landscape level dynamics associated with pneumonia outbreaks in bighorn sheep with implications for land management,2023,Conservation Science and Practice,Kelsey E. Paolini; Michael K. Schwartz; Megan M. Friggens; Samuel  Alan Cushman; Julie K. Weckworth; Joseph D. Holbrook,"Abstract Wildlife conservation necessitates understanding spatiotemporal drivers that facilitate disease outbreaks. Wildlife diseases are influenced by population and landscape level factors which affects host species’ persistence through time. Recurrent pneumonia outbreaks in bighorn sheep have impeded population recovery throughout the western US. Recovery efforts have included translocating animals, limiting contact with known reservoirs, removing infected individuals, and depopulating herds, but pneumonia outbreaks continue to negatively impact recovery. Here, our objective was to systematically review the current literature focused on population and landscape level drivers that can contribute to pneumonia outbreaks in bighorn sheep. We reviewed 115 studies and discovered consistent themes important to address for future conservation. One of the primary themes to advance management includes understanding how population demographics, such as age and sex cohorts, can help elucidate drivers and maintenance of pathogens associated with respiratory disease. Second, broadening knowledge of landscape level processes including population connectivity and metapopulation dynamics can inform management and recovery efforts. We identified a need for comprehensive assessments that incorporate population dynamics, landscape genomics, and population connectivity across multiple spatiotemporal scales to advance landscape management. Finally, we provide directions for future research to help managers mitigate pneumonia outbreaks and aid bighorn sheep recovery."
https://openalex.org/W7200469257,,Landscape genomics reveals regions associated with adaptive phenotypic and genetic variation in Ethiopian indigenous chickens,2024,CGSPace A Repository of Agricultural Research Outputs (Consultative Group for International Agricultural Research),Fasil Getachew; M.F.L. Derks; Tadelle Dessie; Olivier Hanotte; C. P. Barros Júnior; R.P.M.A. Crooijmans; H. Komen; J.W.M. Bastiaansen,
https://openalex.org/W4393232748,10.1111/mec.17329,Genotype–environment associations reveal genes potentially linked to avian malaria infection in populations of an endemic island bird,2024,Molecular Ecology,Eleanor C. Sheppard; Claudia A. Martin; Claire Armstrong; Catalina González‐Quevedo; Juan Carlos Illera; Alexander Suh; Lewis G. Spurgin; David S. Richardson,"Patterns of pathogen prevalence are, at least partially, the result of coevolutionary host-pathogen interactions. Thus, exploring the distribution of host genetic variation in relation to infection by a pathogen within and across populations can provide important insights into mechanisms of host defence and adaptation. Here, we use a landscape genomics approach (Bayenv) in conjunction with genome-wide data (ddRADseq) to test for associations between avian malaria (Plasmodium) prevalence and host genetic variation across 13 populations of the island endemic Berthelot's pipit (Anthus berthelotii). Considerable and consistent spatial heterogeneity in malaria prevalence was observed among populations over a period of 15 years. The prevalence of malaria infection was also strongly positively correlated with pox (Avipoxvirus) prevalence. Multiple host loci showed significant associations with malaria prevalence after controlling for genome-wide neutral genetic structure. These sites were located near to or within genes linked to metabolism, stress response, transcriptional regulation, complement activity and the inflammatory response, many previously implicated in vertebrate responses to malarial infection. Our findings identify diverse genes - not just limited to the immune system - that may be involved in host protection against malaria and suggest that spatially variable pathogen pressure may be an important evolutionary driver of genetic divergence among wild animal populations, such as Berthelot's pipit. Furthermore, our data indicate that spatio-temporal variation in multiple different pathogens (e.g. malaria and pox in this case) may have to be studied together to develop a more holistic understanding of host pathogen-mediated evolution."
https://openalex.org/W4380148813,10.1186/s12864-023-09402-5,Genomic signatures of local adaptation in recent invasive Aedes aegypti populations in California,2023,BMC Genomics,Shaghayegh Soudi; Marc Crepeau; Travis C. Collier; Yoosook Lee; Anthony J. Cornel; Gregory Charles Lanzaro,"BACKGROUND: Rapid adaptation to new environments can facilitate species invasions and range expansions. Understanding the mechanisms of adaptation used by invasive disease vectors in new regions has key implications for mitigating the prevalence and spread of vector-borne disease, although they remain relatively unexplored. RESULTS: Here, we integrate whole-genome sequencing data from 96 Aedes aegypti mosquitoes collected from various sites in southern and central California with 25 annual topo-climate variables to investigate genome-wide signals of local adaptation among populations. Patterns of population structure, as inferred using principal components and admixture analysis, were consistent with three genetic clusters. Using various landscape genomics approaches, which all remove the confounding effects of shared ancestry on correlations between genetic and environmental variation, we identified 112 genes showing strong signals of local environmental adaptation associated with one or more topo-climate factors. Some of them have known effects in climate adaptation, such as heat-shock proteins, which shows selective sweep and recent positive selection acting on these genomic regions. CONCLUSIONS: Our results provide a genome wide perspective on the distribution of adaptive loci and lay the foundation for future work to understand how environmental adaptation in Ae. aegypti impacts the arboviral disease landscape and how such adaptation could help or hinder efforts at population control."
https://openalex.org/W2995957371,10.14264/uql.2019.860,"Is the Sunda-Sahul floristic exchange ongoing? A study of distributions, functional traits, climate and landscape genomics to investigate the invasion in Australian rainforests",2019,The University of Queensland,Jia‐Yee S. Yap,"Australian rainforests are of mixed biogeographical histories, resulting from the collision between Sahul (Australia) and Sunda shelves that led to extensive immigration of rainforest lineages with Sunda ancestry to Australia. Although comprehensive fossil records and molecular phylogenies distinguish between the Sunda and Sahul floristic elements, species distributions, functional traits or landscape dynamics have not been used to distinguish between the two elements in the Australian rainforest flora. The overall aim of this study was to investigate both Sunda and Sahul components in the Australian rainforest flora by (1) exploring their continental-wide distributional patterns and observing how functional characteristics and environmental preferences determine these patterns, (2) investigating continental-wide genomic diversities and distances of multiple species and measuring local species accumulation rates across multiple sites to observe whether past biotic exchange left detectable and consistent patterns in the rainforest flora, (3) coupling genomic data and species distribution models of lineages of known Sunda and Sahul ancestry to examine landscape-level dynamics and habitat preferences to relate to the impact of historical processes.First, the continental distributions of rainforest woody representatives that could be ascribed to Sahul (795 species) and Sunda origins (604 species) and their dispersal and persistence characteristics and key functional characteristics (leaf size, fruit size, wood density and maximum height at maturity) of were compared. Sunda species richness decreased with increasing latitude but maintained high levels of endemism, including in the south, and comparative functional analyses suggest that Sunda-derived lineages are on average more skewed towards more efficient dispersal and faster growth than Sahul-derived lineages. Studying distributional patterns at finer scale also revealed the influence of two highly correlated environmental factors on both ancestries: temperature and altitude, and the local distribution of invading lineages was shown to be resisted in stable, saturated communities of Sahul lineages.Next, whole-chloroplast genome sequencing was used to measure diversities and distances across multiple, common rainforest species of differing ancestry in the Tropics and Subtropics, and from within, a smaller sample of species was investigated across both regions to study landscape connectivity. A recent framework that explores the timing and rate of accumulation of co-occurring species at each study site was applied to the genetic data to study how species of distinct biogeographic histories accumulate locally. Also, floristic composition within Tropics and Subtropics plots were included in the study to investigate the role of biogeographical and ecological processes and landscape characteristics in determining Sunda and Sahul species distributions. Species of Sunda ancestry displayed consistently lowe"
https://openalex.org/W4385687050,10.1016/j.isci.2023.107577,Dense residential areas promote gene flow in dengue vector mosquito Aedes albopictus,2023,iScience,Huiqing Yeo; Hui Zhen Tan; Qian Tang; Tyrone Ren Hao Tan; Nalini Puniamoorthy; Frank E. Rheindt,"Aedes albopictus is a successful disease vector due to its ability to survive in a wide range of habitats. Despite its ubiquity and impact on public health, little is known about its differential gene flow capabilities across different city habitats. We obtained a comprehensive dataset of >27,000 genome-wide DNA markers across 105 wild-caught Ae. albopictus individuals from Singapore, a dengue-endemic tropical city with heterogeneous landscapes from densely populated urban areas to forests. Despite Singapore's challenging small-scale heterogeneity, our landscape-genomic approach indicated that dense urban areas are characterized by higher Aedes gene flow rates than managed parks and forests. We documented the incidence of Wolbachia infections of Ae. albopictus involving two strains ( w AlbA and w AlbB). Our results dispel the misconception that substantial dispersal of Ae. albopictus is limited to urban greenery, with wide implications for vector management and critical insights into urban planning strategies to combat dengue transmission."
https://openalex.org/W3134842380,10.1186/s12864-021-07470-z,Comparative analysis of drought-responsive and -adaptive genes in Chinese wingnut (Pterocarya stenoptera C. DC),2021,BMC Genomics,Yong Li; Yu-Tao Si; Yanxia He; Jiaxin Li,"BACKGROUND: Drought is the main stress factor for the cultivation of Pterocarya stenoptera in urban areas, and this factor will cause its dehydration and affect its growth. Identifying drought-related genes will be useful for understanding the drought adaptation mechanism of P. stenoptera. RESULTS: We used physiological indicator detection, comparative transcriptome sequencing, and reanalysis on the results of previous landscape genomics studies to investigate the drought adaptation mechanism in P. stenoptera. The changes in malondialdehyde content showed that P. stenoptera was remarkably affected by drought stress, and the increase in soluble sugar content suggested its important role in response to drought stress. Results of comparative transcriptome sequencing showed that P. stenoptera initiated a series of programs, such as increasing the gene expression of unsaturated fatty acids, tyrosine, and plant pathogen resistance, to deal with the transient drought stress. According to the annotated results in a previous study, P. stenoptera adapts to the long-term differential drought stress by regulating the thickness of cell walls and expressing upper or lower limits of the downstream genes in the hormone signaling pathway. Through the comparative analysis of drought-responsive and -adaptive genes in P. stenoptera, this study supports the hypothesis that the environment-responsive genes (ERGs) introduced by the transient environmental stresses will be substantially more than the environment-adaptive genes (EAGs) in response to long-term differential environmental stresses, and the EAGs are not necessarily ERGs. CONCLUSIONS: Our study identified drought-responsive and -adaptive genes in P. stenoptera and revealed that P. stenoptera increased the gene expression of unsaturated fatty acids, tyrosine, and plant pathogen resistance in response to transient drought stress. This study reveals the different adaptation mechanism of P. stenoptera under the transient and long-term differential drought stresses."
https://openalex.org/W4403337360,10.1038/s42003-024-07036-1,Signatures of local adaptation and maladaptation to future climate in wild Zizania latifolia,2024,Communications Biology,Yang Zou; Weidong Yang; Ruxue Zhang; Xinwei Xu,"Global climate change poses challenges to agricultural production and food security. Assessing the adaptive capacity of crop wild relatives to future climate is important for protecting key germplasm resources and breeding new crops. We performed population genomics, genotype-environment association analyses, and genomic offset assessment of Chinese wild rice, Zizania latifolia, a crop wild relative and potential new grain crop, based on 168 individuals from 42 populations. We found two genetic lineages in Z. latifolia, corresponding to the south and north of its range, that diverged during the Late Pleistocene. We also identified lineage-specific positively selected genes associated with flower development and flowering, seed shattering, pathogen defense response and cold tolerance. We further found that populations from southeastern China are the most maladapted to future climate and should be prioritized for conservation. Our findings provide important clues for leveraging existing genetic diversity to identify important germplasm resources and create climate-resilient crops. A landscape genomics analysis of Chinese wild rice identifies signatures of local adaptation in its two lineages and the most maladapted populations under future climate conditions, and provides important clues for its conservation and use."
https://openalex.org/W4310276322,10.1007/s10709-022-00176-4,Comparative analysis of cold-responsive genes under short-term cold stimulation and cold-adaptive genes under long-term heterogeneous environments reveals a cold adaptation mechanism in weeping forsythia,2022,Genetica,Yong Hui Li; Shuchen Wang; Qian Li; Mingwan Li; Run‐Li Mao; He-Chen Zhang; Wang-Jun Yuan; Jine Quan,
https://openalex.org/W3138284325,,Ecology and evolution of a tree species challenged by dual threats,2020,,Kristen Marie Waring; Sam A. Cushman; Andrew J. Eckert; Lluvia Flores‐Rentería; Richard A. Sniezko; Christopher J. Still; Christian Wehenkel; Amy Vaughn Whipple; Michael R. Wing; Justin E. Bagley; Ethan Bucholz; M. Socorro González‐Elizondo,"We are studying the ecological and evolutionary processes affecting the geographical distribution of southwestern white pine (SWWP; Pinus strobiformis), an important tree species of the Southwestern USA and Mexico. Southwestern white pine viability is threatened by changing climate and an invasive tree disease, white pine blister rust (caused by the fungal pathogen, Cronartium ribicola). Rapid climate change is negatively affecting SWWP by increasing heat and drought stress, and thus challenging its ability to adapt. White pine blister rust causes extensive tree decline and mortality, including in SWWP. The dual threats of climate change and invasive species make forecasting future tree distributions at continental scales an urgent challenge. The goal of our project is to determine how gene movement among populations, adaptation to disease and drought, heritable changes beyond DNA mutations, and a changing environment interact to govern the success of SWWP. We are utilizing and developing tools to help forecast and manage the future of the species, including those from genomics, common gardens, tree disease resistance testing, engineering, and technology innovation to measure drought tolerance and physiological response. Results will be synthesized and included in cutting-edge landscape genomics models to meet our overarching goal. We will present our framework and current project status, including results. Completed products include development of landscape genomic models, a species distribution model incorporating climate change, and adaptive trait, phenotype plasticity, and genomic variation analyses. Continuing work incorporates these aspects in addition to transgenerational plasticity research and a genome-wide association study."
https://openalex.org/W4224994164,10.3389/fmolb.2022.833910,A 13-Gene Signature Based on Estrogen Response Pathway for Predicting Survival and Immune Responses of Patients With UCEC,2022,Frontiers in Molecular Biosciences,Yimin Li; Ruotong Tian; Jiaxin Liu; Chunlin Ou; Qihui Wu; Xiaodan Fu,"Background: Accumulating evidence suggests that anti-estrogens have been effective against multiple gynecological diseases, especially advanced uterine corpus endometrial carcinoma (UCEC), highlighting the contribution of the estrogen response pathway in UCEC progression. This study aims to identify a reliable prognostic signature for potentially aiding in the comprehensive management of UCEC. Methods: Firstly, univariate Cox and LASSO regression were performed to identify a satisfying UCEC prognostic model quantifying patients’ risk, constructed from estrogen-response-related genes and verified to be effective by Kaplan-Meier curves, ROC curves, univariate and multivariate Cox regression. Additionally, a nomogram was constructed integrating the prognostic model and other clinicopathological parameters. Next, UCEC patients from the TCGA dataset were divided into low- and high-risk groups according to the median risk score. To elucidate differences in biological characteristics between the two risk groups, pathway enrichment, immune landscape, genomic alterations, and therapeutic responses were evaluated to satisfy this objective. As for treatment, effective responses to anti-PD-1 therapy in the low-risk patients and sensitivity to six chemotherapy drugs in the high-risk patients were demonstrated. Results: The low-risk group with a relatively favorable prognosis was marked by increased immune cell infiltration, higher expression levels of HLA members and immune checkpoint biomarkers, higher tumor mutation burden, and lower copy number alterations. This UCEC prognostic signature, composed of 13 estrogen-response-related genes, has been identified and verified as effective. Conclusion: Our study provides molecular signatures for further functional and therapeutic investigations of estrogen-response-related genes in UCEC and represents a potential systemic approach to characterize key factors in UCEC pathogenesis and therapeutic responses."
https://openalex.org/W2953094151,10.1101/026021,Evolutionary quantitative genomics of Populus trichocarpa,2015,bioRxiv (Cold Spring Harbor Laboratory),Ilga Mercedes Porth; Jaroslav Klápště; Athena D. McKown; Jonathan La Mantia; Robert D. Guy; Pär K. Ingvarsson; Richard C. Hamelin; Shawn D. Mansfield; Jürgen Ehlting; Carl J. Douglas; Yousry Aly El-Kassaby,"Abstract Forest trees generally show high levels of local adaptation and efforts focusing on understanding adaptation to climate will be crucial for species survival and management. Merging quantitative genetics and population genomics, we studied the molecular basis of climate adaptation in 433 Populus trichocarpa (black cottonwood) genotypes originating across western North America. Variation in 74 field-assessed traits (growth, ecophysiology, phenology, leaf stomata, wood, and disease resistance) was investigated for signatures of selection (comparing Q ST - F ST ) using clustering of individuals by climate of origin. 29,354 SNPs were investigated employing three different outlier detection methods. Narrow-sense Q ST for 53% of distinct field Q ST traits was significantly divergent from expectations of neutrality (indicating adaptive trait variation); 2,855 SNPs showed signals of diversifying selection and of these, 118 SNPs (within 81 genes) were associated with adaptive traits (based on significant Q ST ). Many SNPs were putatively pleiotropic for functionally uncorrelated adaptive traits, such as autumn phenology, height, and disease resistance. Evolutionary quantitative genomics in P. trichocarpa provides an enhanced understanding regarding the molecular basis of climate-driven selection in forest trees. We highlight that important loci underlying adaptive trait variation also show relationship to climate of origin. Author summary Comparisons between population differentiation on the basis of quantitative traits and neutral genetic markers inform about the importance of natural selection, genetic drift and gene flow for local adaptation of populations. Here, we address fundamental questions regarding the molecular basis of adaptation in undomesticated forest tree populations to past climatic environments by employing an integrative quantitative genetics and landscape genomics approach. Marker-inferred relatedness was estimated to obtain the narrow-sense estimate of population differentiation in wild populations. We analyzed an unstructured population of common garden grown Populus trichocarpa individuals to uncover different extents of variation for a suite of field traits, wood quality and pathogen resistance with temperature and precipitation. We consider our approach the most comprehensive, as it uncovers the molecular mechanisms of adaptation using multiple methods and tests. We provide a detailed outline of the required analyses for studying adaptation to the environment in a population genomics context to better understand the species’ potential adaptive capacity to future climatic scenarios."
https://openalex.org/W2977509214,10.25959/23238425,Landscape factors shaping host connectivity and pathogen dynamics in urban bobcats (Lynx rufus),2019,UTAS Research Repository,Christopher P. Kozakiewicz,"As a major factor affecting connectivity in wildlife populations, landscape heterogeneity can have substantial impacts on disease transmission. Urban development is a particularly acute contributor to landscape heterogeneity and declines in wildlife population connectivity, but few studies examine disease transmission and spread in urban environments. In this thesis, I utilise fine-scale genetic inference of how landscape heterogeneity shapes host connectivity and pathogen transmission in an urban environment. I focus on populations of bobcats, which are sensitive to urban development and indicators of connectivity in urban landscapes, from coastal southern California, one of the most urbanised landscapes in North America. Within these populations, I study feline immunodeficiency virus (FIVLru), a bobcat specific, rapidly mutating retrovirus and model for genetic inference of pathogen transmission in heterogenous landscapes. The field of landscape genetics investigates how landscape heterogeneity affects genetic variation and has potential as a framework for studying pathogen transmission and spread. I conducted a comprehensive review of landscape genetic studies of pathogen dynamics (Chapter 2). I found that landscape genetics has been underutilised in disease ecology, partly due to a lack of cross-disciplinary awareness within the field of disease ecology, and a lack of landscape genetic frameworks for pathogen systems. I emphasise the utility of landscape genetics for disease ecology and highlight emerging frontiers, including recent phylogeographic approaches and multi-species analytical frameworks. In Chapter 3, I conducted a landscape genomic study to investigate how urban and non-urban landscape factors are influencing gene flow among bobcats in southern California. I identified five genetically distinct populations, separated by major highways and urban development. Replicating landscape resistance analyses among these populations enabled me to assess the generality of landscape effects on gene flow. I found that urbanisation had a pervasive impact on connectivity, influencing region-wide patterns of gene flow as well as locally within three populations, but that availability of riparian habitat may mitigate these urban impacts. This work demonstrates the value in replicating landscape genetic analyses across populations, showing that factors affecting connectivity in urbanising environments may vary depending on spatial scale and local landscape structure. Having identified host population structure that is driven by major highways, I then (Chapter 4) conducted a phylogeographic analysis of FIVLru to investigate the impact of these barriers on FIVLru. Estimates of FIVLru divergence times dating back 118 years revealed a history of changes in pathogen transmission as urbanisation has increased. I identified strong phylogeographic structure, reflecting host population structure, and low FIVLru genetic diversity northwest of Los Angeles, su"
https://openalex.org/W2743381296,10.1007/978-3-319-61569-1_17,Assessing Evolutionary Potential in Tree Species Through Ecology-Informed Genome Screening,2017,,Hanne De Kort; Olivier Honnay,
https://openalex.org/W3023272982,,Environmental factors impacting Saprolegnia infections in wild fish stocks,2019,ORCA Online Research @Cardiff (Cardiff University),Emily Matthews,"Fish provide a primary source of protein for the rapidly expanding human population, and so it is imperative to both improve aquaculture production and protect wild fish stocks. Disease presents a major obstacle to this goal. Oomycetes of the genus Saprolegnia are endemic parasites of freshwater ecosystems that are responsible for staggering economic losses within aquaculture and have also been increasingly associated with wild salmonid declines across England and Wales. All 49 English rivers have previously experienced saprolegniasis, and moreover between 2010 and 2018, 11 of these experienced major epidemics (Chapter 2). These disease issues have exposed fundamental gaps in our knowledge of Saprolegnia epidemiology and the environmental risk factors associated with outbreaks. \n\tFor the first time, this thesis employed a landscape genomics approach to study the molecular epidemiology of Saprolegnia parasitica isolates collected from wild fish hosts across England and Wales (Chapter 3). All 46 isolates examined were genetically distinct and could be separated into two subpopulations. Adaptive genomic signatures of selection were detected within gene groups that likely underpin S. parasitica pathogenesis, including those that function in: sensing external stimuli, host invasion/colonisation, infective life stages and nutrient acquisition. Furthermore, genomic adaptation was linked with environmental temperatures. \n\tThe true extent of S. parasitica generalism was also investigated here (Chapter 4); among the four S. parasitica isolates examined, there was evidence of local host adaptation. An isolate displayed a preference for sea trout during in vitro induced zoospore encystment assays and also caused more sea trout than salmon mortalities in the first 48h of an experimental challenge infection. The influence of the abiotic factors, temperature and water flow, on Saprolegnia epidemics within English rivers and biological processes that contribute to transmission were assessed in Chapter 5. Records of disease outbreaks in 3 major English rivers between 2010 and 2018 could be linked with mean spring flow rates; lower flow rates in particular were found in years with increased levels of Saprolegnia. Water movement was also found to stimulate S. parasitica sporulation in a temperature dependent manner and low flows increased salmon (Salmo salar) susceptibility to saprolegniasis. Moreover, increased temperatures were found to generally increase Saprolegnia spp. vegetative growth rates and decrease S. parasitica zoospore viability. \n\tLastly, this thesis examined the individual and combined effects of S. parasitica and various thermal regimes on the mortality of brown trout (Salmo trutta) alevins and fry (Chapter 6). Fish mortality only increased when warmer water temperatures and subsequent rapid temperature increases representative of a combination of climate change and thermopeaking were experienced at the time of S. parasitica exposure. \n\tWhi"
https://openalex.org/W4312032555,10.1101/2022.12.06.519335,Genomic signatures of local adaptation in recent invasive Aedes aegypti populations in California,2022,bioRxiv (Cold Spring Harbor Laboratory),Shaghayegh Soudi; Marc Crepeau; Travis C. Collier; Yoosook Lee; Anthony J. Cornel; Gregory Charles Lanzaro,"Abstract Background Rapid adaptation to new environments can facilitate species invasions and range expansions. Understanding the mechanisms of adaptation used by invasive disease vectors in new regions has key implications for mitigating the prevalence and spread of vector-borne disease, although they remain relatively unexplored. Results Here, we use whole-genome sequencing data from 103 Aedes aegypti mosquitoes collected from various sites in southern and central California to infer the genetic structure of invasive populations. We integrate genome data with 25 topo-climate variables to investigate genome-wide signals of local adaptation among populations. Patterns of population structure, as inferred using principle components and admixture analysis, were consistent with three genetic clusters, likely resulting from multiple independent introductions. Using various landscape genomics approaches, which all remove the confounding effects of shared ancestry on correlations between genetic and environmental variation, we identified 112 genes showing strong signals of local environmental adaptation associated with one or more topo-climate factors. Some of them have known effects in climate adaptation, such as heat-shock proteins, which shows selective sweep and recent positive selection acting on these genomic regions. Conclusions Our results provide a genome wide perspective on the distribution of adaptive loci and lay the foundation for future work to understand how environmental adaptation in Ae. aegypti impacts the arboviral disease landscape and how such adaptation could help or hinder efforts at population control."
https://openalex.org/W3158140098,10.1101/2021.04.27.441467,The genomic basis of domestic colonisation and dispersal in Chagas disease vectors,2021,bioRxiv (Cold Spring Harbor Laboratory),Luis E. Hernandez-Castro; Anita G. Villacís; Arne Jacobs; Bachar Cheaib; Casey C. Day; Sofía Ocaña-Mayorga; César A. Yumiseva; Antonella Bacigalupo; Björn Andersson; Louise Matthews; Erin L. Landguth; Jaime Alfredo Costales,"Abstract The biology of vector adaptation to the human habitat remains poorly understood for many arthropod-borne diseases but underpins effective and sustainable disease control. We adopted a landscape genomics approach to investigate gene flow, signatures of local adaptation, and drivers of population structure among multiple linked wild and domestic population pairs in Rhodnius ecuadoriensis , an important vector of Chagas Disease. Evidence of high triatomine gene flow (F ST ) between wild and domestic ecotopes at sites throughout the study area indicate insecticide-based control will be hindered by constant re-infestation of houses. Genome scans revealed genetic loci with strong signal of local adaptation to the domestic setting, which we mapped to annotated regions in the Rhodnius prolixus genome. Our landscape genomic mixed effects models showed Rhodnius ecuadoriensis population structure and connectivity is driven by landscape elevation at a regional scale. Our ecologically- and spatially-explicit vector dispersal model enables targeted vector control and recommends spatially discrete, periodic interventions to local authorities as more efficacious than current, haphazard approaches. In tandem, evidence for parallel genomic adaptation to colonisation of the domestic environment at multiple sites sheds new light on the evolutionary basis of adaptation to the human host in arthropod vectors."
https://openalex.org/W2783197816,10.1007/978-3-319-71855-2_27,Genomics for the Improvement of Productivity and Robustness of South African Goat Breeds,2017,,Edgar Farai Dzomba; Khanyisile Mdladla; Keabetswe Tebogo Ncube; Farai Catherine Muchadeyi,
https://openalex.org/W4200516515,10.1101/2021.12.10.472174,Evaluating the persistence and utility of five wild Vitis species in the context of climate change,2021,bioRxiv (Cold Spring Harbor Laboratory),Jonás A. Aguirre‐Liguori; Abraham Morales‐Cruz; Brandon S. Gaut,"ABSTRACT Crop wild relatives (CWRs) have the capacity to contribute novel traits to agriculture. Given climate change, these contributions may be especially vital for the persistence of perennial crops, because perennials are often clonally propagated and consequently do not evolve rapidly. By studying the landscape genomics of samples from five Vitis CWRs ( V. arizonica, V. mustangensis, V. riparia, V. berlandieri and V. girdiana ) in the context of projected climate change, we addressed two goals. The first was to assess the relative potential of different CWR accessions to persist in the face of climate change. By integrating species distribution models with adaptive genetic variation, additional genetic features such as genomic load and a phenotype (resistance to Pierce’s Disease), we predicted that accessions from one species ( V. mustangensis ) are particularly well-suited to persist in future climates. The second goal was to identify which CWR accessions may contribute to bioclimatic adaptation for grapevine ( V. vinifera ) cultivation. To do so, we evaluated whether CWR accessions have the allelic capacity to persist if moved to locations where grapevines ( V. vinifera ) are cultivated in the United States. We identified six candidates from V. mustangensis and hypothesized that they may prove useful for contributing alleles that may mitigate climate impacts on viticulture. By identifying candidate germplasm, this work takes a conceptual step toward assessing the genomic and bioclimatic characteristics of CWRs."
https://openalex.org/W4391686151,10.1007/978-981-99-7520-4_8,Plant Resistance to Insects in Oilseed Crops,2024,,Sheikh Salma Irshad; Neha Panwar; Lukesh Bansal; Sathya Thirumurugan; Sarwan Kumar,
https://openalex.org/W7201839088,10.3390/epigenomes10030053,Integrative Epigenomics: Bioinformatics Strategies for Multi-Omics Data Analysis in Health and Disease,2026,Epigenomes,Shikhi Baruri; Lalit Batra; Sohome Adhikari; Ayman S El-Baz,"Background: Epigenomics has emerged as an essential field in modern molecular biology, providing a critical layer of gene regulation. DNA methylation, histone modifications and alterations to the chromatin accessibility of DNA have been widely associated with complex diseases including cancer. The most recent developments in high-throughput sequencing technology have made it possible to profile epigenetic landscapes genomically on a large scale. However, bulk averaging can obscure cellular heterogeneity essential for understanding complex disease states. The purpose of the review is to survey accessible tools and algorithms to conduct an Epigenomic study in the field of biomedical research, from bulk tissue analysis to the high-resolution frontier of single-cell epigenomics. Methods: We performed a comparative analysis of common methods used to analyze DNA methylation, chromatin immunoprecipitation, sequencing analysis and chromatin accessibility profiling. We described the standardized bioinformatics tools and pipelines required to transform raw sequencing data into mechanistic biological understanding, highlighting the role of quality control, peak calling, and differential analysis. Furthermore, we explore the integration of epigenomics with other “omics” layers through advanced computational frameworks, including machine learning and network-based modeling. Results: These advanced multi-omics techniques demonstrate promising clinical utility by enabling biomarker discovery, disease subtyping, and identification of novel therapeutic targets. Conclusions: Despite challenges with data complexity, the fusion of Artificial Intelligence (AI) and single-cell technologies will accelerate the transition toward precision medicine."
https://openalex.org/W7160620559,10.20944/preprints202605.0428.v1,Integrative Epigenomics: Bioinformatics Strategies for Multi-Omics Data Analysis in Health and Disease,2026,Preprints.org,Shikhi Baruri; Lalit Batra; Sohome Adhikari; Ayman El-Baz,"Background: Epigenomics has emerged as an essential technique of modern molecular biology, providing a critical layer of gene regulation. DNA methylation, histone modi-fications and alterations to the chromatin accessibility of DNA have been widely associated with complex diseases including cancer. The most recent developments in high-throughput sequencing technology have made it possible to profile epigenetic landscapes genomically on a large scale. However, these techniques often mask endogenous cellular heterogeneity essential for understanding complex disease stages. Objective: The purpose of the review is to assemble accessible tools and algorithms to conduct an Epigenomic study in the field of biomedical research, from bulk tissue analysis to the high-resolution frontier of single-cell epigenomics. Methods: We performed a comparative analysis of common methods used to analyze DNA methylation, chromatin immunoprecipitation, sequencing analysis and chromatin accessibility profiling. We described the standardized bioinformatics tools and pipelines required to transform raw sequencing data into mechanistic biological understanding, highlight-ing the role of quality control, peak calling, and differential analysis. Furthermore, we explore the integration of epigenomic with other ""omics"" layers through advanced computational frameworks, including machine learning and network-based modeling. Results: These advanced multi-omics techniques demonstrate efficient clinical utility by enabling biomarker discovery, disease subtyping, and the identification of novel therapeutic targets. Conclusions: Despite challenges with data complexity, the fusion of Artificial Intelligence (AI) and single-cell technologies will speed up the transition toward precision medicine. This review serves as a blueprint for providing the technical and computational complexities of epigenomics to uncover the mechanisms controlling human health and disease."
https://openalex.org/W4226065003,10.1615/critrevoncog.2022043298,Genomic Alterations to Guide Treatment Selection in Metastatic Prostate Cancer,2022,Critical Reviews™ in Oncogenesis,Amy Davies; Arun Azad; Edmond M. Kwan,"Treatment options for men with metastatic prostate cancer have greatly expanded in the last decade. Androgen receptor pathway inhibitors, taxane cytotoxic therapy, poly(ADP-ribose) polymerase inhibitors, and radionuclide theranostics against prostate-specific membrane antigen have collectively contributed to incremental improvements in both quality and longevity of life for patients with metastatic castration-resistant prostate cancer (mCRPC). Despite these successes, few studies inform on optimal therapy selection and sequencing across this crowded treatment landscape. Genomic analysis of both tissue and liquid biopsy specimens shows promise in bridging this practice gap, with alterations in several key prostate cancer driver genes demonstrating clear associations with clinical outcomes, as well as informing use of novel precision medicine targeted therapies. In this review, we evaluate the current evidence of genomic alterations in various oncogenic signaling pathways as clinical biomarkers in mCRPC, focusing on correlative studies that analyzed outcomes based on findings in plasma cell-free DNA. We highlight the pitfalls of interpreting genomic findings in samples with substandard tumor content, and suggest pathologic and disease factors to consider when embarking upon tumor genotyping to guide treatment decisions in metastatic prostate cancer. As access to life-prolonging therapies improves, and barriers to cost-effective genotyping and reliable data interpretation are overcome, we anticipate that predictive and prognostic biomarkers that inform on disease biology, drug sensitivity, and therapy resistance will inevitably be integrated into the routine care of patients with metastatic prostate cancer."
https://openalex.org/W4391228825,10.1111/nph.19553,"Tracking signatures of selection in natural populations of ectomycorrhizal fungi – progress, challenges, and prospects",2024,New Phytologist,Benjamin Dauphin; Martina Peter,"Environmental changes have a manifold effect on biodiversity. Although soil harbours most terrestrial biodiversity (Anthony et al., 2023), including c. 90% of the fungal kingdom, little is known about the adaptation processes of natural populations of soil-dwelling organisms. Among these, ectomycorrhizal (ECM) fungi are involved in key mutualist interactions in forest ecosystems by providing water and nutrients to the host trees (Van Der Heijden et al., 2015). Recent studies have shown large intraspecific genomic variation in ECM fungi (e.g. Tremble et al., 2023a), raising questions about how natural selection affects ECM fungal populations. What are the signatures of adaptation in ECM fungal genomes? What are the strongest selective pressures occurring in local environments (Dauphin & Peter, 2023)? Given that environmental changes have become more pronounced in recent years (Dai, 2013), it is critical to improve our understanding of local adaptation in natural populations of these important organisms. Against this backdrop, a 2-d symposium on the population and landscape genomics of ECM fungi was held at the Swiss Federal Institute for Forest, Snow and Landscape Research WSL. The event was held on 5 and 6 September 2023, bringing together leading experts in the field of ecological genomics, to explore the latest advances and promising prospects. Drawing on the lively discussions at the event, this meeting report retraces the complementary approaches for tracking patterns of local adaptation, the methodological and analytical limitations currently encountered, and the emerging model organisms used to study the genomics of environmental adaptation in natural ECM fungal populations. The final section outlines some promising avenues for advancing the field and the overall biological knowledge of ECM fungi and their interacting host species. Christian Rellstab (Swiss Federal Research Institute WSL, Switzerland) opened the symposium by presenting the main concepts used in the field of landscape genomics (Rellstab et al., 2015), the best methodological practices for sampling and capturing environmental gradients (Dauphin et al., 2023), potential insights gained from landscape genomics regarding gene variants under selection (Lotterhos, 2023), and recent statistical advances for testing genotype–environment associations (GEA). He showed that forests are the ecosystem most represented in landscape genomics studies (Dauphin et al., 2023); however, very few studies have been conducted on fungi, let alone ECM fungi, and none have considered the interactions between forest organisms. He then illustrated how landscape genomics methods can be applied to ECM organisms (host and symbiont) by accounting for the neutral genetic structure of host and symbiont populations using either logistic regression or linear models to analyse haploid (e.g. from ascomycete mycelia) and diploid data (or population allele frequencies, for example from basidiomycete mycelia, sexua"
https://openalex.org/W4362514199,10.22541/au.168052526.64992386/v1,"Conservation genomics of an endangered montane amphibian reveals low population structure, low genomic diversity, and selection pressure from disease",2023,,Daryl R. Trumbo; Bennett M. Hardy; Harry Crockett; Erin Muths; Brenna R. Forester; Rebecca G. Cheek; Shawna J. Zimmerman; Sarah Corey-Rivas; Larissa Lynn Bailey; W. Chris Funk,"Wildlife diseases are a major global threat to biodiversity. Boreal toads (Anaxyrus [Bufo] boreas) are a state-endangered species in the southern Rocky Mountains of Colorado and New Mexico, and a species of concern in Wyoming, largely due to lethal skin infections caused by the amphibian chytrid fungus Batrachochytrium dendrobatidis (Bd). We performed conservation and landscape genomic analyses using single nucleotide polymorphisms from double-digest, restriction site-associated DNA sequencing in combination with the development of the first boreal toad (and first North American toad) reference genome to investigate population structure, genomic diversity, landscape connectivity, and adaptive divergence. Genomic diversity (π=0.00034–0.00040) and effective population sizes (Ne=8.9 –38.4) were low, likely due to post-Pleistocene founder effects and Bd-related population crashes over the last three decades, respectively. Population structure was also low, likely due to formerly-high connectivity among a higher density of geographically-proximate populations. Boreal toad gene flow was facilitated by low precipitation, cold minimum temperatures, less tree canopy cover, low heat load, and less urbanization. We also found >8X more putatively-adaptive loci related to Bd intensity than to all other environmental factors combined, as well as evidence for genes under selection related to immune response, heart development and regulation, and skin function. These data suggest boreal toads in habitats with Bd have experienced stronger selection pressure from disease than from other, broad-scale environmental variation. These findings can now be used by managers to conserve and recover the species through actions such as reintroduction and supplementation of populations that have declined due to Bd."
https://openalex.org/W2269898489,10.13140/rg.2.1.3365.9920,Spatial Areas of Genotype Probability of Cattle Genomic Variants Involved in the Resistance to East Coast Fever: A Tool to Predict Future Disease Vulnerable Geographical Regions,2016,Infoscience (Ecole Polytechnique Fédérale de Lausanne),"Elia Vajana; Estelle Rochat; Licia Colli; Riccardo Negrini; Charles Masembe; Stéphane Joost; Ajmone-Marsan, Paolo; Nextgen Consortium","East Coast Fever (ECF) is a livestock disease caused by Theileria parva, a protozoan transmitted by the vector tick Rhipicephalus appendiculatus. This disease causes high mortality in cattle populations of Central and Eastern Africa, especially in exotic breeds. Here, we highlight genomic regions likely involved into tolerance/resistance mechanisms against ECF, and we introduce the estimation of their Spatial Area of Genotype Probability (SPAG) to delimit areas where the concerned genotypes are predicted to be present. During the NEXTGEN project, 803 Ugandan cattle were geo-referenced and genotyped (54K SNPs), while 532 tick occurrences were retrieved from a published database. To get a proxy of the parasite selective pressure, we used WorldClim bioclimatic variables to model vector ecological niche. Landscape genomics models were then used to detect cattle genotypes associated with vector probability of presence, and to estimate their SPAGs. Finally, climate change scenarios for 2070 were considered to compare the predicted shift in the vector niche with the estimated current SPAG. The analysis revealed two main areas of presence of possibly resistance-related genotypes, one South and one East of Lake Victoria. Climate change will probably shift tick niche southwards in the Eastern regions of Lake Victoria, inducing a critical area that currently does not show the candidate genotypes, but where disease will likely spread in the future. The combined use of SPAGs and niche maps could therefore facilitate the identification of regions of concern and to direct future targeted breeding schemes."
https://openalex.org/W2124633288,10.1161/circresaha.107.165779,cGMP-Dependent Protein Kinase I and Smooth Muscle Relaxation,2007,Circulation Research,Howard K. Surks,"HomeCirculation ResearchVol. 101, No. 11cGMP-Dependent Protein Kinase I and Smooth Muscle Relaxation Free AccessEditorialPDF/EPUBAboutView PDFView EPUBSections ToolsAdd to favoritesDownload citationsTrack citationsPermissions ShareShare onFacebookTwitterLinked InMendeleyReddit Jump toFree AccessEditorialPDF/EPUBcGMP-Dependent Protein Kinase I and Smooth Muscle RelaxationA Tale of Two Isoforms Howard K. Surks Howard K. SurksHoward K. Surks From the Tufts-New England Medical Center, Boston, Mass. Originally published26 Nov 2007https://doi.org/10.1161/CIRCRESAHA.107.165779Circulation Research. 2007;101:1078–1080The maintenance of vascular tone is central to the regulation of blood pressure and tissue perfusion and plays a role in the pathogenesis of hypertension and atherosclerosis. Vascular tone is determined by the balance of vasodilator and vasoconstrictor stimuli. After several decades of research, the NO/cGMP/cGMP-dependent protein kinase (cGK) pathway is now recognized as an important mediator of vasodilation. However, the mechanisms by which cGK causes smooth muscle relaxation continue to be an important question.Smooth muscle contraction and relaxation are tightly coupled to the phosphorylation and dephosphorylation, respectively, of the regulatory myosin light chain.1 Myosin light chain phosphorylation state is determined by the relative activities of myosin light chain kinase (MLCK) and myosin light chain phosphatase (MLCP). MLCK phosphorylates MLC leading to contraction,2 and MLCP dephosphorylates MLC, leading to relaxation3 (Figure). Both MLCK and MLCP activities are highly regulated. MLCK activity is activated by the binding of calcium/calmodulin and thus is the primary mechanism linking intracellular calcium concentration to smooth muscle contractility.4 MLCP activity is regulated by both vasodilator and vasoconstrictor stimuli, and is therefore responsible for much of the calcium-independent regulation of contractility (reviewed in5). Download figureDownload PowerPointFigure. MLC phosphorylation determines smooth muscle contractility. Contractile agonists lead to inositol 1,4,5 triphosphate (IP3) production or activation of RhoA (RhoA-GTP). IP3 binding to its receptor in the sarcoplasmic reticulum leads to release of Ca2+. Ca2+/calmodulin binds to and activates MLCK, which in turn phosphorylates MLC (calcium-dependent contraction). Activated RhoA binds to and activates ROCK, leading to phosphorylation and inhibition of MLCP, inhibiting MLC dephosphorylation (calcium-independent contraction). cGKI mediates relaxation by inhibiting both calcium-dependent and -independent contraction. cGKIα activates MLCP by a direct interaction and by inhibition of RhoA, and activates RGS2 to inhibit Gαq signaling. cGKIβ activates IRAG, which then inhibits Ca2+ release by the IP3 receptor.cGK mediates vasorelaxation by both calcium-dependent and calcium-independent pathways. Initial experiments found that cGMP inhibited calcium elevations in freshly iso"
https://openalex.org/W4410804762,10.1200/jco.2025.43.16_suppl.10043,MYC amplification and protein expression as prognostic markers in pediatric and young adult osteosarcoma.,2025,Journal of Clinical Oncology,Matthew R. Nagy; Olivia Puopolo; Erin L. J. Alston; Sreekar Challa; Evelina Ceca; Yvonne Y. Li; Andrew D. Cherniack; Lorena Lazo de la Vega; Alanna J. Church; Katherine A. Janeway,"10043 Background: Risk stratification in osteosarcoma relies on metastatic status and tumor necrosis after chemotherapy. Despite a complex genomic landscape, genomic biomarkers are not yet used for predicting therapy response. MYC amplification has previously been identified as a potential biomarker for chemotherapy resistance but studies of MYC expression are limited. This study evaluated the relationship between MYC amplification and protein expression and between these biologic features and survival in pediatric and young adult osteosarcoma. Methods: In a cohort of 93 patients with high-grade osteosarcoma, MYC copy number was evaluated using a targeted sequencing panel, and MYC protein expression was quantified via IHC with an H-Score. The relationship between copy number and protein expression were evaluated via spearman correlation. Amplification (AMP) was defined as > 7 copies, and high expression (EXP) as > 175 H-score. The primary outcome, overall survival (OS), was assessed using Kaplan Meier analysis (median [IQR]) for unadjusted models and cox proportional hazard analysis (HR±SE) with models adjusted for metastatic status at diagnosis. Results: Among the 93 patients, 64% were male, with a median age of 14 years [range: 4–29]. MYC AMP was present in 16 (17%) patients, high MYC EXP in 19 (20%), and both AMP + high EXP in 8 (9%) patients. Copy number status was positively correlated with expression (r = 0.57, p < 0.0001). Patients with AMP were more likely metastatic at diagnosis (75% vs 38%, p = 0.011) and more so for AMP + high EXP (100% vs 39%, p = 0.0009), but not high EXP alone (63% vs 39%, p = 0.11). OS was reduced for AMP compared to non-AMP (median OS: 1.3 [1.0, 2.6] vs 6.2 [2.8, 12.8] years, p < 0.0001; Adj HR 3.2±0.4, p = 0.001) and high EXP compared to low EXP (median OS: 1.5 [1.0, 3.1] vs. 6.2 [2.8, 12.8] years, p < 0.0001; Adj HR 5.6±0.4, p < 0.0001). A dose-response relationship was seen with higher copy number or expression linked to reduced OS. Compared to non-AMP + low EXP (median OS: 7.23 [3.1, 12.8] years) there was reduced OS for AMP-only/high EXP-only (median OS: 3.1 [2.0, 4.0] years, p = 0.01; Adj HR 2.8±0.4, p = 0.009) and further reduced OS for AMP + high EXP (median OS: 1.0 [0.5, 1.0] years, p < 0.0001; Adj HR 15.3±0.5, p < 0.0001). Metastasis at diagnosis predicted reduced OS compared to localized disease (median OS: 2.0 [1.0, 4.5] vs 6.2 [4.0, 12.8] years, p < 0.0001), but age, sex, and tumor necrosis were not associated with OS. Conclusions: MYC amplification and protein expression are positively correlated, and both independently and synergistically predict poor OS in osteosarcoma, even after adjusting for metastatic status at diagnosis. Incorporating MYC amplification and expression status into risk stratification may help identify patients with worse prognosis. These data also underscore the need for therapeutic approaches tailored to the genetic basis of osteosarcoma tumor biology."
https://openalex.org/W3066285866,10.1111/nph.16831,"Advances on genomics, biology, ecology and evolution of Brachypodium, a bridging model grass system for cereals and biofuel grasses",2020,New Phytologist,Pilar Catalán; John P. Vogel,"'… the temperate grass genus Brachypodium has become an indispensable tool to investigate many aspects of functional genomics and biology of grasses and its translation to cereals and biomass crops, paralleling the role of its counterpart dicot Arabidopsis.' The Letter by Spoelhof et al. (2020) published in New Phytologist highlights a hotly debated question on the evolutionary significance of polyploidy, examining hypotheses that may explain its high prevalence in plants and its low frequency in animals. In addition to the discussion of previous hypotheses on the disruptive effect of polyploidy in development and sex chromosome function, the authors propose a complementary reproductive assurance hypothesis that better supports the success of polyploids in higher eukaryotes. Reproductive assurance, exerted through asexual reproduction or self-fertilization ensures the establishment of the new polyploid at this critical step of its emergence and, when followed with reversion to (or maintenance of) sexual reproduction and outcrossing, led to the long-term persistence and diversification of polyploid species. The authors support their hypothesis with a wealth of reproductive assurance examples found in the plant, animal and fungal kingdoms. Stritt et al. (2020, in this issue) exquisitely illustrates the landscape genomics of highly dynamic long terminal repeat (LTR) transposable elements (TEs) and how individual TE lineages change the genetic and epigenetic constitution of the host. A thorough inspection of the Copia and Gypsy LTR retrotransposon families identified the three elements that most profoundly affect the evolution of the B. distachyon genome. The Copia Angela family shows the highest turnover and shortest half-life (66 kya) and so contribute the most to genome dynamics; it constitutes the main source of intraspecific TE polymorphisms, many of which are solo LTRs. Their high plasticity and potential inter-element recombination are viewed as plausible mechanisms that keep the genome small despite ongoing activity. An active nonautonomous centromeric Gypsy family is interpreted as the causal agent of the dynamic nature of the B. distachyon centromeres. By contrast, the less active, oldest and heavily methylated Gypsy Retand copies account for much of the GC bias detected across the genome. Their abundance in pericentromeric positions may explain the negative correlation observed between GC content and recombination rates in the species, whereas the variation of GC content and methylation levels along their copies could influence genetic and epigenetic regulation. VanWallendael et al. (2020, in this issue) describes the C4 biofuel switchgrass to investigate the ecogenomics of local adaptation to Puccinia spp leaf-rust resistance along a large north-to-south geoclimatic cline in the United States. In their elegant experiment the authors analyse the association of quantitative trait loci (QTLs) with rust severity across cross-designed mapping "
https://openalex.org/W7113529503,,Evolutie van parasieten doorheen de lens van een unieke microbiële alliantie,2025,Lirias,"Heeren, Senne","Rapidly evolving pathogens may be used to study the contemporary population structure and recent demographic history of their genetically uniform hosts. Because bacterial/viral evolution can manifest itself over months or years, bacteria/viruses may provide insights into host evolution that were not apparent from host genetic data, and that would be impossible to obtain by other means. Here, we want to apply the concept of ""viruses as genetic tags of their host"" and use - for the first time - evolutionary timescales of a virus, here the Leishmaniavirus 1, to gain insights into the population dynamics of a vector-borne pathogen, here Leishmania braziliensis. First, we will examine the geographic distribution of Leishmaniaviruses in South America by retrospectively screening and sequencing 503 Leishmania isolates. Second, we will reconcile the spatiotemporal scale of the co-evolutionary history between both species. Finally, we will apply population and landscape genomic approaches to uncover the population structure of L. braziliensis and make use of phylogeographic and phylodynamic tools to model the spatio-temporal evolution of Leishmaniaviruses in South America. By aligning evolutionary histories of the two symbiotic species, our unique approach will provide major insights into the specific bioclimatic, spatial, and environmental factors that have influenced the spread of a zoonotic disease throughout history, and more recently in response to climate change and deforestation."
https://openalex.org/W7128785116,10.1111/1749-4877.70071,Genomic Investigations Unveil the Genetic Underpinnings of Environmental Adaptation in African Goat Populations,2026,Integrative Zoology,Weifeng Peng; Yihua Wang; Yiyuan Zhang; Lei Gao; Lili Wu; Shuping Wang; Yiyang Gao; Wanlu Shi; Kaixin Lu; Rong Deng; Junting Li; Jing Han,"ABSTRACT In the expansive African region, goats display a diverse array of breeds that have evolved over time to adapt to varying local climates and environments. This study involved the analysis of 1591 samples, including 63 domestic breeds and 164 individuals from wild related species, focusing on genetic diversity, population structure, gene flow, selective signals, and landscape genomics. Our findings revealed lower genetic diversity in wild related species, particularly in the mountain goat ( Oreamnos americanus ). Gene flow was observed between wild Yura goats and North African populations. Introgression analysis identified 34 adaptive genes from wild relatives, particularly those involved in immune response to environmental stress (RGS family). Selection signatures, based on F ST , nucleotide diversity (π), and iHS methods, highlighted genes associated with lipid deposition ( GSK3B ), energy metabolism ( HTR4 ), and response to cold climates ( GLIS1 ). Landscape genomics further identified 23 climate‐related genes, encoding integrin complex ( ITGAM/ITGAX ), sodium channel ( SCN7A/SCN9A ), and proton transporter ( ATP6V0D1 ), which regulate cell adhesion, ion homeostasis, and pH balance to cope with pathogen pressure in sub‐Saharan Africa, osmotic imbalance in arid environments, and heat stress in the East African plateau. This study provides the first systematic explanation of the multi‐directional adaptation mechanisms of African goats to high temperature, drought, and pathogen infection. The adaptive gene modules, such as the ABCG1‐AGTR 1 metabolic axis, provide precise molecular targets for drought stress of livestock in arid regions, and provide a new paradigm for understanding the evolutionary logic of mammalian environmental adaptation."
https://openalex.org/W4323545096,10.22541/au.167827685.51514927/v1,Genotype-environment associations reveal genes potentially linked to avian malaria infection in populations of an endemic island bird,2023,,Eleanor C. Sheppard; Claudia A. Martin; Claire Armstrong; Catalina González‐Quevedo; Juan Carlos Illera; Alexander Suh; Lewis G. Spurgin; David S. Richardson,"Patterns of pathogen prevalence are, at least partially, the result of coevolutionary host-pathogen interactions. Thus, exploring the distribution of host genetic variation in relation to infection by a pathogen within and across populations can provide important insights into mechanisms of host defence and adaptation. Here we use a landscape genomics approach (Bayenv) in conjunction with genome-wide data (ddRADseq) to test for associations between avian malaria (Plasmodium) prevalence and host genetic variation across 13 populations of the island endemic Berthelot’s pipit (Anthus berthelotii). Considerable and consistent spatial heterogeneity in malaria prevalence was observed among populations over a period of 15 years. The prevalence of malaria infection was also strongly positively correlated with pox (Avipoxvirus) prevalence. Multiple host loci showed significant associations with malaria prevalence after controlling for genome-wide neutral genetic structure. These sites were located near to or within genes linked to metabolism, stress response, transcriptional regulation, complement activity and the inflammatory response, many previously implicated in vertebrate responses to malarial infection. Our findings identify diverse genes - not just limited to the immune system - that may be involved in host protection against malaria and suggests that spatially variable pathogen pressure may be an important evolutionary driver of genetic divergence among wild animal populations, such as Berthelot’s pipit. Further, our data indicate that spatio-temporal variation in multiple different pathogens (e.g., malaria and pox in this case) may have to be studied together to develop a more holistic understanding of host pathogen-mediated evolution."
https://openalex.org/W4211000688,10.1111/mec.15759,Editorial 2021,2020,Molecular Ecology,Loren H. Rieseberg; Emily J. Warschefsky; Bridget O’Boyle; Pierre Taberlet; Daniel Ortíz-Barrientos; Nolan C. Kane; Benjamin Sibbett,"Molecular Ecology continues to be one of the most influential journals in ecology and evolution. It ranks second in overall impact among ecology or evolution journals as measured by Google Scholar's h5-index, which is the h-index for articles published over the past five years. Molecular Ecology also ranks highly among ecology and evolutionary biology journals in the h5-median (third in both disciplines), which is the median number of citations for the articles that make up a journal's h5-index. In terms of Impact Factor (IF), Molecular Ecology ranks 7th out of 50 journals in evolutionary biology according to Clarivate. In our view, the h5-index and h5-median offer more accurate and statistically sound measures of a journal's quality and influence than IFs, which are means and therefore highly sensitive to the inclusion of a handful of very highly cited papers such as computer programs or methods papers. Also, Impact Factors are based on citations over a two-year window only, whereas the h5-index and h5-median measure impact over five years and thus are less prone to yearly fluctuations. The Editorial Board of Molecular Ecology is committed to improving diversity among our authors, editors, reviewers and readers. As we state on the journal homepage, we support Black Lives Matter and stand with those seeking to eliminate racism in science and society. We also have taken several specific actions to support diversity in the journal. We have altered our invitation for reviewers to include a request for suggestions of ‘suitably qualified researchers from underrepresented groups (including women, ethnic minority scientists, scientists with disabilities and other underrepresented groups)’. We are now advertising for Associate Editor vacancies on the journal website and blog, as well as via social media, with the goal of diversifying our editorial board. We also are increasing awareness of articles published in the journal by researchers from underrepresented groups with Perspectives and Molecular Ecology Spotlight Interviews (https://molecularecologyblog.com/). Additionally, a geographic analysis of Special Issue authors was performed to identify any country-level biases in Special Issue authorship, which is worthwhile to study given the often-invited nature of Special Issue contributions. Countries for all authors of Special Issue articles published within the last five years were recorded based on listed author affiliations. The data showed a strong bias towards authors from Europe and North America, and to a lesser extent Australasia (Figure 1). Therefore, we are now opening our special issues to all interested authors via calls on the Molecular Ecology blog, Spotlight (https://molecularecologyblog.com), and via the journals Twitter account (@moleco l). Lastly, we conducted an analysis of article citation patterns in the journal to determine whether there were citation biases towards particular geographic regions. Predictably, recently published arti"
https://openalex.org/W7161585001,10.17504/protocols.io.14egn6z7ml5d/v2,American Beech Tissue Collection for DNA v2,2026,,Michelle L. Neitzey; Jill Wegrzyn,"Steps for collecting tissue from American beech, Fagus grandifolia, for DNA analysis. The Plant Computational Genomics lab is conducting a landscape genomics study of American beech to assess population structure, genetic diversity, and climate adaptation across the range. This protocol is a step-by-step guide to collect a tissue sample, with metadata recorded in TreeSnap (https://treesnap.org). Trees must be wild/unplanted, but do not need to be disease-free."
https://openalex.org/W4414287946,10.3390/ijpb16030109,Biotechnological and Genomic Applications in the Conservation of Native Blueberries in Natural Habitats,2025,International Journal of Plant Biology,Héctor Stalin Arista-Fernández; Ángel David Hernández-Amasifuen; Alexandra Jherina Pineda-Lázaro; Juan Carlos Guerrero‐Abad,"The conservation of native blueberries (Vaccinium spp.) from Andean and Amazonian ecosystems faces challenges from climate change, habitat fragmentation, and land use. In this context, this review article provides a comprehensive analysis of the most relevant biotechnological and genomic tools applied to the preservation of these plant genetic resources, as well as their characterization. Among the biotechnological strategies, in vitro micropropagation delivers clonal pathogen-free valuable plants, while cryopreservation offers a viable option for a long-term germplasm storage. We also summarize its protocols focus on high regeneration rates and reproducibility. In the genomic field, we show advances in the use of molecular markers (such as SNPs, SSRs, and RAPDs), DNA barcoding and next-generation sequencing that leads genetic diversity assessment and identification of species. Finally, future perspectives in native blueberry conservation are discussed that allow the integration of emerging technologies such as landscape genomics, environmental transcriptomics, and the use of artificial intelligence tools. Integrating these approaches with the active participation of local communities can substantially strengthen the sustainable conservation of native blueberries in their natural habitats."
https://openalex.org/W2613113241,,Adaptation of forest trees to climate change in the Alps: a study on ecologically different families of Pinus cembra and Picea abies,2014,CINECA IRIS Institutional Research Information System (Fondazione Edmund Mach),Elena Mosca; Lorenzo Bonosi,"This research project investigates the climate-change related adaptive potential of Pinus cembra L. and Picea abies L., two keyspecies of the subalpine and treeline ecotones in the Alps. The microclimate of these ecotones is known to be particularly sensitive to climate change, thus a full understanding of the function of given complex traits and their genetic base seems to be important to safeguard survival of the species. For both trees, there is some evidence that genetic variation may be associated to environment and in particular to precipitation, showing the importance of water availability. Another major cause of the species decline is the fungus Phacidium infestans, which attacks P. cembra at the juvenile stage. For each species, four to six families from ecologically contrasting environments were chosen for an experiment on drought stress and phenology. The experiment was carried out in a growth chamber during spring 2014 and several phenotypic and physiological parameters were measured. Needle samples were collected to assess changes in gene expression among seedling provenances. For P. cembra, the potential differences in susceptibility to the pathogen infection was tested among seedling of different provenances. A gene expression study, intended as a first step towards landscape genomics and longer term adaptation studies, will allow the discovery of suites of genes involved in these adaptive responses. Moreover, a reciprocal trasplanting experiment across core-perypherical gradients will confirm the environmental effects on species survival and could provide important information for species genetic conservation and its forestry management."
https://openalex.org/W2072307478,10.1136/jcp.56.8.568,Winds of change,2003,Journal of Clinical Pathology,T Rajalakshmi,"Abstract Landscape genomics studies focus on identifying candidate genes under selection via spatial variation in abiotic environmental variables, but rarely by biotic factors such as disease. The Tasmanian devil (Sarcophilus harrisii) is found only on the environmentally heterogeneous island of Tasmania and is threatened with extinction by a nearly 100% fatal, transmissible cancer, devil facial tumor disease (DFTD). Devils persist in regions of long-term infection despite epidemiological model predictions of species’ extinction, suggesting possible adaptation to DFTD. Here, we test the extent to which spatial variation and genetic diversity are associated with the abiotic environment and/or by DFTD. We employ genetic-environment association (GEAs) analyses using a RAD-capture panel consisting of 6,886 SNPs from 3,286 individuals sampled pre- and post-disease arrival. Pre-disease, we find significant correlations of allele frequencies with environmental variables, including 349 unique loci linked to 64 genes, suggesting local adaptation to abiotic environment. Following DFTD arrival, however, we detected few of the pre-disease candidate loci, but instead frequencies of candidate loci linked to 14 genes correlated with disease prevalence. Loss of apparent signal of abiotic local adaptation following disease arrival suggests swamping by the strong selection imposed by DFTD. Further support for this result comes from the fact that post-disease candidate loci are in linkage disequilibrium with genes putatively involved in immune response, tumor suppression and apoptosis. This suggests the strength GEA associations of loci with the abiotic environment are swamped resulting from the rapid onset of a biotic selective pressure."
https://openalex.org/W7138944130,10.1609/aaai.v40i46.41280,BSAN: Behavioral State Attention Network for Modeling Mosquito Host-Seeking Behavior,2026,Proceedings of the AAAI Conference on Artificial Intelligence,Haotian Sun; Jessie Zixin Li; John Macky Marshall,"Understanding the complex host-seeking behavior of disease vectors such as mosquito is critical for predicting disease transmission and vector control. This behavior arises from a dynamic interplay between multi-modal sensory cues and internal behavioral states, a process challenging traditional ODE frameworks due to its inherent stochasticity and discrete, state-based nature. We introduce the Behavioral State Attention Network (BSAN), a deep learning architecture designed to model the underlying sensorimotor computations of this behavior. BSAN utilizes a recurrent neural network (RNN) with an LSTM core to process temporal sequences, incorporating a variational encoder to capture the randomness of flight paths and a Mixture Density Network (MDN) to predict multi-modal velocity distributions. The architecture explicitly models distinct behavioral states, such as $CO_2$ plume tracking and thermal approach, through a Mixture-of-Experts (MoE) framework, and learns to interpretably integrate olfactory, thermal, and visual inputs using a cross-modal attention mechanism. The network generates realistic flight trajectories that exhibit emergent host-seeking behaviors. By providing both trajectory predictions and interpretable behavioral primitives, BSAN serves as a framework for downstream applications in landscape genomics and vector control, enabling the prediction of mosquito population connectivity through environment-specific movement kernels."
https://openalex.org/W1703023281,,Effect of climate change on the spatial distribution of genomic variants involved in the resistance to East Coast Fever in Ugandan cattle,2015,,Estelle Rochat; Elia Vajana; Licia Colli; Charles Masembe; Riccardo Negrini; Paolo Ajmone‐Marsan; Stéphane Joost,"* These authors contributed equally to this work East Coast Fever (ECF) is a major livestock disease caused by Theileria parva Theiler, 1904, an emo-parasite protozoan transmitted by the tick Rhipicephalus appendiculatus Neumann, 1901. This disease provokes high mortality in cattle populations of East and Central Africa, especially in exotic breeds and crossbreds (Olwoch et al., 2008). Here, we use landscape genomics (Joost et al., 2007) to highlight genomic regions likely involved into tolerance/resistance mechanisms against ECF, and we introduce Spatial Areas of Genotype Probability (SPAG) to delimit territories where favourable allelic variants are predicted to be present. Between 2010 and 2012, the NEXTGEN project (nextgen.epfl.ch) carried out the geo-referencing and genotyping (54K SNPs) of 803 Ugandan cattle, among which 496 were tested for T. parva presence. Moreover, 532 additional R. appendiculatus occurrences were obtained from a published database (Cumming, 1998). Current and future values of 19 bioclimatic variables were also retrieved from the WorldClim database (www.worldclim.org/). In order to evaluate the selective pressure of the parasite, we used MAXENT (Phillips et al., 2006; Muscarella et al., 2014) and a mixed logistic regression (Bates et al., 2014) to model and map the"
https://openalex.org/W7169550642,10.14288/1.0453257,Development and evaluation of common-garden-based and genomic-based ecological models for climate change adaptation in interior spruce,2026,cIRcle (University of British Columbia),Zhengyang Ye,"Forests, as a fundamental part of ecosystems, are increasingly challenged by rapid climate change, raising critical questions about the accuracy of ecological models used to guide forest practices. This dissertation evaluates, applies, and advances ecological modeling frameworks used to characterize local adaptation and predict population responses in forest tree species under climate change, using the interior spruce hybrid complex in western Canada as the model group. First, I assessed the reliability of climate data sources commonly used in genecology research by comparing on-site micro station observations and ClimateNA, a scale-free climate data source, with standard weather stations. Using linear regression and response functions based on 126 provenances planted at 17 sites, I quantified differences in predictive performance and selected a data source for downstream ecological modeling. Results demonstrated that ClimateNA is broadly useful, unless high-quality precipitation data are required. Second, I applied common-garden-based Universal Response Functions to model population-level growth responses using the same populations. I established a systematic framework for model evaluation, including spatial validation with independent productivity data. The optimized model was further used to examine local adaptation patterns and predict optimal seed transfer under contemporary and future climates. Third, I employed landscape genomics to investigate climate adaptation using Gradient Forest modeling with 41,253 SNPs genotyped in 1,684 natural-origin interior spruce individuals from 252 open-pollinated populations. Winter temperature and moisture-related variables were identified as potential key drivers of genomic variation. I further delineated 11 seed zones based on genomic variation and estimated genetic offsets under future climate scenarios, revealing potential maladaptation risks in British Columbia. Finally, I developed a genomic-informed modeling framework by incorporating genomic-informed predictors derived from Gradient Forest analyses into an extended Genomic-informed Universal Response Function. By replacing provenance climate variables with genomic-informed variables, this approach relaxed assumptions of linear climate-genetic relationships in provenances and improved representation of adaptive genetic structure, which provided refined predictions of adaptive potential and seed sources under future climates. Together, these studies demonstrate a methodological progression from climate data validation to genomic-informed adaptive modeling. This work contributes to improving predictive accuracy in forest management in the context of anthropogenic climate change."
https://openalex.org/W4387613027,10.1093/af/vfad049,Mitigation and animal response to water stress in small ruminants,2023,Animal Frontiers,Sara Pérez; J. H. Calvo; Carlos Calvete; Margalida Joy; Sandra Lobón,"Water stress is usually related to heat stress and decreased feed intake; so its effect is difficult to separate. Small ruminants are able to better adapt to water stress than other species, especially breeds from regions under harsh conditions. Mitigation strategies to water stress will be needed to maintain animal production. Breeding strategies are difficult to implement, and omics technologies are approaches that can help us to unravel the biological mechanisms involved in water stress adaptation. Global climate change is a threat and a major challenge for livestock production because increasing temperatures and reduced water availability decrease forage quantity and quality. The effects of these climate changes are predicted to continue in forthcoming years, which highlight all the problems that water scarcity poses for small ruminant productivity, and for changes in animal physiological, immunological, and ethological aspects. Therefore, the future availability of animal products (e.g., milk, meat, fiber) will also be affected. Small ruminant management based on extensive or semi-extensive systems very much depends on environmental factors like precipitation and climatology. Moreover, water restriction or rationing policies can affect dairy or meat intensive small ruminant production. However, it is important to note that small ruminants can better tolerate water stress than large ruminants or monogastric species as the rumen has been reported to act as a water reservoir in well-adapted sheep (Silanikove, 1994). This water stress tolerance is closely related to breed, and adaptive and indigenous breeds from dry regions are more tolerant than selected breeds. Figure 1 shows a sheep flock of Rasa Aragonesa, a local breed, grazing stubbles in “Los Monegros” a dry region of Aragón (Spain). Sheep Flock of Rasa Aragonesa breed in “Los Monegros”, a dry region of Aragón, Spain. The water requirement of livestock depends on different factors, such as species, diet, size, activity, environmental temperature, and physiological status. Therefore, it is difficult to indicate a specific amount for each species. In a recent trial carried out at CITA Research Center, the average daily water intake of 40 empty Rasa Aragonesa ewes (60 kg of BW) was 2.18 l. These ewes were allocated in individual pens and fed with a total mixed ration under an average temperature of 22 ºC and relative humidity of 56%. The environmental temperature has an important effect on the water intake, in this line Li et al. (2000) observed that ewes drank twice more water under warm (24.8 ºC) than cold (0.4 ºC) temperatures. Under heat stress, crossbreed goats drunk on average 7.4 l (Kaliber et al., 2009) whereas this amount was higher, 15.3 l, in lactating Aardi goats (Alamer, 2009). Therefore, the temperature and lactation status increase the water requirement. It is worth noting that cattle need higher amounts than small ruminants, steers on average drunk 37 liters daily (Ahlberg et"
https://openalex.org/W7213462151,10.9734/bpi/bsrdi/v3/7995,Crop Wild Relatives and Global Genebanks for Climate-Resilient Agriculture: From Genomic Discovery to Pre-Breeding,2026,,Ashutosh Gautam,"Crop wild relatives (CWRs) retain evolutionary variation that was incompletely captured during domestication and subsequent crop improvement, making them strategically important for climate adaptation. Their value, however, depends on a chain of activities that begins with conservation and accession identity, continues through genomic and phenotypic discovery, and culminates in pre-breeding and cultivar-relevant validation. This critical narrative review evaluates that chain rather than treating conservation, genomics and breeding as separate domains. Literature published from 1997 to 5 July 2026 was examined through open scholarly indexes, agricultural and life-science databases, citation searching and authoritative institutional sources. Evidence was appraised for biological relevance, experimental design, genetic resolution, environmental realism, reproducibility and proximity to breeding deployment. The literature strongly supports the proposition that CWRs can supply alleles for stress tolerance, disease resistance, root architecture and quantitative productivity traits, but it also shows that useful diversity is unevenly conserved and often poorly connected to phenotypic evidence. Global genebanks provide indispensable long-term infrastructure, yet accession redundancy, taxonomic uncertainty, regeneration biology, incomplete passport information and uneven safety duplication can reduce practical value. Genebank-scale genotyping, pangenomics, landscape genomics and high-throughput phenotyping are improving the identification of candidate donors and adaptive loci, but reference bias, structural variation, population structure and genotype-by-environment interaction limit simple prediction from sequence to field performance. Introgression libraries and marker-assisted pre-breeding remain the most mature routes for transferring wild alleles, whereas genome editing and de novo domestication are promising but are supported mainly by proof-of-concept evidence. The central conclusion is that climate-resilient use of CWRs is constrained less by the existence of diversity than by discontinuities between conservation, data systems, phenotyping, pre-breeding and target-environment validation. The highest-value future investments are therefore those that make this entire pipeline interoperable, representative and testable under realistic climate stresses."
https://openalex.org/W7199494344,,Genome-wide analysis of the genetic diversity of native sheep breeds and determination of potential selection signatures for climate change adaptation,2024,University of Debrecen Electronic Archive (University of Debrecen),George Wanjala,"The utilization of indigenous sheep breeds has the potential to contribute to the mitigation of climate change's impact on the global availability of animal protein. The examination of the genomic architecture of indigenous sheep in relation to climate change facilitates the identification of genetic diversity and adaptability hotspots, which can contribute to the enhancement of conservation efforts for animal genetic resources. Using ovine50K SNP chips of 832 samples from 32 breeds from various climatic zones, the genomic insight of native sheep breeds sampled from different climatic zones is presented, a finding that can be utilized in the development of climate specific adapted sheep breeds. Results of this study underscore that, although the breeds under study exhibit significant genetic diversity, there is an alarming decline in this diversity, as evidenced by the effective population size. African breeds distinctly positioned themselves on one facet of PCA 1, without any overlap, signifying their unique genomic structures. Conversely, European indigenous sheep breeds display a rich genetic variation; however, a pronounced admixture was noted in several breeds, compromising their genetic distinctiveness. While the studied breeds exhibited some levels of inbreeding, analysis runs of homozygosity (ROH) patterns suggest that these breeds past ancestral inbreeding events may be more influential than recent ones. This was shown by deficiency of long ROHs (24-48 and > 48 mb). Also, the ROH patterns showed that these breeds underwent different historical development stages. Over 400 genes were potentially linked to climate change adaptation. Intriguingly, the majority of these genes are exclusive to specific climate-based populations, underscoring the unique adaptive capacities inherent to each studied group. Notably, a significant proportion of these genes are associated with immune responses, emphasizing the imperative of breeding disease-resistant livestock in the current context of climate change. Analysis of landscape genomics revealed that rainfall and temperature are likely drivers of adaptation in these population. Interestingly, nine genes (HLF, ATP5MC2, SCD5, GSTA1, STAT1, TARBP2, ADIG, PLIN1, ABHD5) with diverse functions related to immunity, growth, and development were found to be located near SNPs that were significantly associated with these climatic variables. This study reinforces the notion that while indigenous sheep breeds retain substantial genetic diversity, it is diminishing, potentially due to suboptimal genetic management or admixture events. Furthermore, our findings highlight the innate capability of native sheep breeds to adapt to climatic change, positioning them as invaluable resources for breeding traits associated with climate resilience, thereby enhancing the overall robustness of sheep populations."
https://openalex.org/W4390674772,10.1038/s41559-023-02265-9,Disease-driven top predator decline affects mesopredator population genomic structure,2024,Nature Ecology & Evolution,Marc A. Beer; Kirstin M. Proft; Anne Veillet; Christopher P. Kozakiewicz; David G. Hamilton; Rodrigo Hamede; Hamish Ian McCallum; Paul A. Hohenlohe; Christopher Paul Burridge; Mark J. Margres; Menna E. Jones; Andrew T. Storfer,
https://openalex.org/W2121488984,10.1038/sj.mp.4001950,Gene–environment correlations: a review of the evidence and implications for prevention of mental illness,2002,Molecular Psychiatry,Sara R. Jaffee; Thomas S. Price,
https://openalex.org/W4307457893,10.1111/mec.16752,Genomic profiling of climate adaptation in Aedes aegypti along an altitudinal gradient in Nepal indicates nongradual expansion of the disease vector,2022,Molecular Ecology,Isabelle Kramer; Markus Pfenninger; Barbara Feldmeyer; Meghnath Dhimal; Ishan Gautam; Pramod Shreshta; Sunita Baral; Parbati Phuyal; Juliane Hartke; Axel Magdeburg; David Alexander Groneberg; Bodo Ahrens,"Driven by globalization, urbanization and climate change, the distribution range of invasive vector species has expanded to previously colder ecoregions. To reduce health-threatening impacts on humans, insect vectors are extensively studied. Population genomics can reveal the genomic basis of adaptation and help to identify emerging trends of vector expansion. By applying whole genome analyses and genotype-environment associations to populations of the main dengue vector Aedes aegypti, sampled along an altitudinal gradient in Nepal (200-1300 m), we identify putatively adaptive traits and describe the species' genomic footprint of climate adaptation to colder ecoregions. We found two differentiated clusters with significantly different allele frequencies in genes associated to climate adaptation between the highland population (1300 m) and all other lowland populations (≤800 m). We revealed nonsynonymous mutations in 13 of the candidate genes associated to either altitude, precipitation or cold tolerance and identified an isolation-by-environment differentiation pattern. Other than the expected gradual differentiation along the altitudinal gradient, our results reveal a distinct genomic differentiation of the highland population. Local high-altitude adaptation could be one explanation of the population's phenotypic cold tolerance. Carrying alleles relevant for survival under colder climate increases the likelihood of this highland population to a worldwide expansion into other colder ecoregions."
https://openalex.org/W4226102488,10.1111/mec.16461,Genomic associations with poxvirus across divergent island populations in Berthelot's pipit,2022,Molecular Ecology,Eleanor C. Sheppard; Claudia A. Martin; Claire Armstrong; Catalina González‐Quevedo; Juan Carlos Illera; Alexander Suh; Lewis G. Spurgin; David S. Richardson,"Understanding the mechanisms and genes that enable animal populations to adapt to pathogens is important from an evolutionary, health and conservation perspective. Berthelot's pipit (Anthus berthelotii) experiences extensive and consistent spatial heterogeneity in avian pox infection pressure across its range of island populations, thus providing an excellent system with which to examine how pathogen-mediated selection drives spatial variation in immunogenetic diversity. Here, we test for evidence of genetic variation associated with avian pox at both an individual and population-level. At the individual level, we find no evidence that variation in MHC class I and TLR4 (both known to be important in recognising viral infection) was associated with pox infection within two separate populations. However, using genotype-environment association (Bayenv) in conjunction with genome-wide (ddRAD-seq) data, we detected strong associations between population-level avian pox prevalence and allele frequencies of single nucleotide polymorphisms (SNPs) at a number of sites across the genome. These sites were located within genes involved in cellular stress signalling and immune responses, many of which have previously been associated with responses to viral infection in humans and other animals. Consequently, our analyses indicate that pathogen-mediated selection may play a role in shaping genomic variation among relatively recently colonised island bird populations and highlight the utility of genotype-environment associations for identifying candidate genes potentially involved in host-pathogen interactions."
https://openalex.org/W4224275782,10.1101/2022.04.20.488929,Genomic profiling of climate adaptation in Aedes aegypti along an altitudinal gradient in Nepal indicates non-gradual expansion of the disease vector,2022,bioRxiv (Cold Spring Harbor Laboratory),Isabelle Kramer; Markus Pfenninger; Barbara Feldmeyer; Meghnath Dhimal; Ishan Gautam; Pramod Shreshta; Sunita Baral; Parbati Phuyal; Juliane Hartke; Axel Magdeburg; David Alexander Groneberg; Bodo Ahrens,"Abstract Background Driven by globalization, urbanization and climate change, the distribution range of invasive vector species has expanded to previously colder ecoregions. To reduce health-threatening impacts on humans, insect vectors are extensively studied. Population genomics can reveal the genomic basis of adaptation and help to identify emerging trends of vector expansion. Results By applying whole genome analyses and genotype-environment associations to populations of the main dengue vector Ae. aegypti, sampled along an altitudinal temperature gradient in Nepal (200- 1300m), we identify adaptive traits and describe the species’ genomic footprint of climate adaptation to colder ecoregions. We found two clusters of differentiation with significantly different allele frequencies in genes associated to climate adaptation between the highland population (1300m) and all other lowland populations (≤ 800 m). We revealed non-synonymous mutations in 13 of the candidate genes associated to either altitude, precipitation or cold tolerance and identified an isolation-by-environment differentiation pattern. Conclusion Other than the expected gradual differentiation along the altitudinal gradient, our results reveal a distinct genomic differentiation of the highland population. This finding either indicates a differential invasion history to Nepal or local high-altitude adaptation explaining the population’s phenotypic cold tolerance. In any case, this highland population can be assumed to carry pre-adapted alleles relevant for the species’ invasion into colder ecoregions worldwide that way expanding their climate niche."
https://openalex.org/W2781920542,10.1186/s12864-017-4396-9,Genetic variation associated with healthy traits and environmental conditions in Vaccinium vitis-idaea,2018,BMC Genomics,Zobayer Alam; Julissa Roncal; Lourdes Peña‐Castillo,"BACKGROUND: Lingonberry (Vaccinium vitis-idaea L.), one of the least studied fruit crops in the Ericaceae family, has a dramatically increased worldwide demand due to its numerous health benefits. Genetic markers can facilitate the selection of berries with desirable climatic adaptations, agronomic and nutritious characteristics to improve cultivation programs. However, no genomic resources are available for this species. RESULTS: We used Genotyping-by-Sequencing (GBS) to analyze the genetic variation of 56 lingonberry samples from across Newfoundland and Labrador, Canada. To elucidate a potential adaptation to environmental conditions we searched for genotype-environment associations by applying three distinct approaches to screen the identified single nucleotide polymorphisms (SNPs) for correlation with six environmental variables. We also searched for an association between the identified SNPs and two phenotypic traits: the total phenolic content (TPC) and antioxidant capacity (AC) of fruit. We identified 1586 high-quality putative SNPs using the UNEAK pipeline available in TASSEL. We found 132 SNPs likely associated with at least one of the environmental or phenotypic variables. To obtain insights on the function of the genomic sequences containing the SNPs likely to be associated with the environmental or phenotypic variables, we performed a sequence-based functional annotation and identified homologous protein-coding sequences with functional roles related to abiotic stress response, pathogen defense, RNA metabolism, and, most interestingly, phenolic compound biosynthesis. CONCLUSIONS: The putative SNPs discovered are the first genomic resource for lingonberry. This resource might prove useful in high-density quantitative trait locus analysis, and association mapping. The identified candidate genes containing the SNPs need further studies on their potential role in local adaptation of lingonberry. Altogether, the present study provides new resources that can be used to breed for desirable traits in lingonberry."
https://openalex.org/W4303961800,10.3389/ffgc.2022.1005761,Transformative changes in tree breeding for resilient forest restoration,2022,Frontiers in Forests and Global Change,Duncan Ray; Mats Berlin; Ricardo Alı́a; Leopoldo Sánchez; Jari Hynynen; Santiago C. González‐Martínez; Catherine Bastien,"Deciding how to establish woodland in forest restoration is not straightforward as different outcomes may be obtained from different establishment approaches, each with cost implications and degree of success limitations attached. Planning restoration requires knowledge of site conditions, including how sites are likely to respond under climate change. For objectives of production and high timber quality it is likely that ground preparation will be used, and planting with forest reproductive material (FRM) of known traits, such as: high survival and growth in establishment, drought tolerance adequate for climate projections, good resistance to pests and pathogens. For objectives associated with biodiversity, carbon sequestration, water supply protection, soil protection, natural regeneration could be a less costly solution with a limited amount of assisted translocation of selected FRM to improve resilience. If objectives are for rewilding forest areas, a degree of natural colonisation perhaps with translocation of some FRM could be a solution. Ignoring site conditions and suitability of available sources of FRM for forest restoration is likely to provide unexpected results with a mix of open ground, scrub and scattered trees resulting from climate, herbivore, and browsing impacts. The recent B4EST EU Horizon 2020 project examined progress in novel rapid approaches for testing the quality of FRM from existing genetic trials. Here we review the work of B4EST to show the opportunities from transformative tree breeding in forest restoration schemes, including: new climate projection ensembles at high temporal and spatial resolution to develop norms of reaction and transfer models with genetic components; multi-environment genotype-phenotype associations and multi-locus genotype-environment associations in identifying drivers of local adaptation; techniques for genomic selection using single nucleotide polymorphism (SNP) arrays to derive functional traits from polygenic associations; work on seed orchard site and climate specific FRM and zones for deployment; and work on some of the forest ecosystem service benefits derived at a landscape scale. We conclude that tree-breeding will provide robust forest restoration for planting, and rewilding (assisted natural regeneration), and if not “ignoring” but instead assisting natural colonisation processes – tree breeding may improve long-term forest resilience under environmental change."
https://openalex.org/W3217615267,10.3389/fpls.2021.761446,Flavonoids Modulate the Accumulation of Toxins From Aspergillus flavus in Maize Kernels,2021,Frontiers in Plant Science,Lina Castano‐Duque; Matthew K. Gilbert; Brian M. Mack; Matthew D. Lebar; Carol H. Carter‐Wientjes; Christine M. Sickler; Jeffrey W. Cary; Kanniah Rajasekaran,"Aspergillus flavus is an opportunistic fungal pathogen capable of producing aflatoxins, potent carcinogenic toxins that accumulate in maize kernels after infection. To better understand the molecular mechanisms of maize resistance to A. flavus growth and aflatoxin accumulation, we performed a high-throughput transcriptomic study in situ using maize kernels infected with A. flavus strain 3357. Three maize lines were evaluated: aflatoxin-contamination resistant line TZAR102, semi-resistant MI82, and susceptible line Va35. A modified genotype-environment association method (GEA) used to detect loci under selection via redundancy analysis (RDA) was used with the transcriptomic data to detect genes significantly influenced by maize line, fungal treatment, and duration of infection. Gene ontology enrichment analysis of genes highly expressed in infected kernels identified molecular pathways associated with defense responses to fungi and other microbes such as production of pathogenesis-related (PR) proteins and lipid bilayer formation. To further identify novel genes of interest, we incorporated genomic and phenotypic field data from a genome wide association analysis with gene expression data, allowing us to detect significantly expressed quantitative trait loci (eQTL). These results identified significant association between flavonoid biosynthetic pathway genes and infection by A. flavus. In planta fungal infections showed that the resistant line, TZAR102, has a higher fold increase of the metabolites naringenin and luteolin than the susceptible line, Va35, when comparing untreated and fungal infected plants. These results suggest flavonoids contribute to plant resistance mechanisms against aflatoxin contamination through modulation of toxin accumulation in maize kernels."
https://openalex.org/W4311591361,10.1002/ece3.9611,Genomic divergence between two sister Ostrya species through linked selection and recombination,2022,Ecology and Evolution,Jin Zhang; Shangzhe Zhang; Zeyu Zheng; Zhiqiang Lu; Yongzhi Peter Yang,"Abstract Studying the evolution of genomic divergence between lineages is a topical issue in evolutionary biology. However, the evolutionary forces that shape the heterogeneous divergence of the genomic landscape are still poorly understood. Here, two wind‐pollinated sister‐species (Ostrya japonica and O. chinensis) are used to explore what these potential forces might be. A total of 40 individuals from 16 populations across their main distribution areas in China were sampled for genome‐wide resequencing. Population demography analyses revealed that these two sister‐species diverged at 3.06–4.43 Mya. Both population contraction and increased gene flow were detected during glacial periods, suggesting secondary contact at those times. All three parameters (DXY, π, and ρ) decreased in those regions showing high levels of differentiation (FST). These findings indicate that linked selection and recombination played a key role in the genomic heterogeneous differentiation between the two Ostrya species. Genotype–environment association analyses showed that precipitation was the most important ecological factor for speciation. Such environmentally related genes and positive selection genes may have contributed to local adaptation and the maintenance of species boundaries."
https://openalex.org/W4401031191,10.1111/mec.17483,Genetic differentiation across a steep and narrow environmental gradient: Quantitative genetic and genomic insights into Lake Superior populations of Quercus rubra,2024,Molecular Ecology,María José Gómez Quijano; Briana L. Gross; Julie R. Etterson,"Abstract Adaptive differentiation of traits and underlying loci can occur at a small geographical scale if natural selection is stronger than countervailing gene flow and drift. We investigated this hypothesis using coupled quantitative genetic and genomic approaches for a wind‐pollinated tree species, Quercus rubra, along the steep, narrow gradient of the Lake Superior coast that encompasses four USDA Hardiness Zones within 100 km. For the quantitative genetic component of this study, we examined phenotypic differentiation among eight populations in a common garden, measuring seed mass, germination, height, stem diameter, leaf number, specific leaf area and survival. For the genomic component, we quantified genetic differentiation for 26 populations from the same region using RAD‐seq. Because hybridisation with Quercus ellipsoidalis occurs in other parts of the species' range, we included two populations of this congener for comparison. In the common garden study, we found a strong signal of population differentiation that was significantly associated with at least one climate factor for nine of 10 measured traits. In contrast, we found no evidence of genomic differentiation among populations based on FST or any other measures. However, both distance‐based and genotype–environment association analyses identified loci showing the signature of selection, with one locus in common across five analyses. This locus was associated with the minimum temperature of the coldest month, a factor that defines the climate zones and was also significant in the common garden analyses. In addition, we documented introgression from Q. ellipsoidalis into Q. rubra, with rates of introgression correlated with the climate gradient. In sum, this study reveals signatures of selection at the quantitative trait and genomic level consistent with climate adaptation, a pattern that is more often documented at a much broader geographical scale, especially in long‐lived wind‐pollinated species."
https://openalex.org/W4414606651,10.1086/738889,Identifying Areas of Potential Risk Based on Future Genetic Adaptability in Three Arctic Whale Species,2025,The American Naturalist,Evelien de Greef; Claudio Müller; Anthony A. Snead; L. Ruth Rivkin; Steven H. Ferguson; Cortney A. Watt; Marianne Marcoux; Stephen D. Petersen; Colin J. Garroway,") are endemic Arctic whales adapted to cold-water conditions that depend on sea ice for foraging and protection from predators. We forecasted the degree of genetic mismatch these species may experience under future climate change scenarios by the next century using Canadian Arctic genomic samples in genotype-environment association models. When examining local adaptation to different environmental variables, we found that ice thickness was the strongest environmental predictor for bowhead whales, while temperature and chlorophyll concentration, an indicator of primary productivity, carried greater weight for beluga whales and narwhals. Notably, a higher degree of genetic mismatch for all three species was observed in the Canadian High Arctic and Hudson Bay, suggesting that whales in these areas may exhibit the greatest maladaptive risk to climate change. This multispecies assessment of Arctic-adapted whales provides insight into the spatial congruence between three genomic datasets and context for designing ecosystem-wide evolutionarily enlightened conservation strategies."
https://openalex.org/W4406580597,10.1111/mec.17650,Seascape Genomics of Red Abalone: Limited Range‐Wide Population Structure and Evidence for Local Adaptation,2025,Molecular Ecology,Joanna S. Griffiths; Kendall R. Smith; Andrew Whitehead,"Characterising patterns of genetic diversity including evidence of local adaptation is relevant for predicting and managing species recovering from overexploitation in the face of climate change. Red abalone (Haliotis rufescens) is a species of conservation concern due to recent declines from overharvesting, disease and climate change, resulting in the closure of commercial and recreational fisheries. Using whole-genome resequencing data from 23 populations spanning their entire range (southern Oregon, USA, to Baja California, MEX) we investigated patterns of population connectivity and genotype-environment associations that would reveal local adaptation across the mosaic of coastal environments that define the California Current System (CCS). We discovered high genetic diversity that is shared within and among populations, suggesting high historical range-wide gene flow. We found little evidence for large selective sweeps between populations that occupy local habitats that vary by pH, strength of upwelling, chlorophyll, salinity and sea surface temperature. This is consistent with a broad range of species with similar life histories that show limited neutral or adaptive genetic variation across the same region and the same environments, suggesting that the mosaic of environmental variation across the CCS is insufficient to drive local adaptation in the face of high gene flow for some broad-cast spawning species. Given the high genetic connectivity across their range, state-mandated regulatory actions would be most effective if aligned across jurisdictional boundaries (i.e., Mexico, California and Oregon)."
https://openalex.org/W4200055957,10.22541/au.163975681.12695068/v1,Genomic associations with poxvirus across divergent island populations in Berthelot's pipit,2021,,Eleanor C. Sheppard; Claudia A. Martin; Claire Armstrong; Catalina González‐Quevedo; Juan Carlos Illera; Alexander Suh; Lewis G. Spurgin; David S. Richardson,"Understanding the mechanisms and genes that enable animal populations to adapt to pathogens is important from an evolutionary, health and conservation perspective. Berthelot’s pipit ( Anthus berthelotii ) experiences extensive and consistent spatial heterogeneity in avian pox infection pressure across its range of island populations, thus providing an excellent system with which to examine how pathogen-mediated selection drives spatial variation in immunogenetic diversity. Here we test for evidence of genetic variation associated with avian pox at both an individual and population-level. At the individual level, we find no evidence that variation in MHC class I and TLR4 (both known to be important in recognising viral infection) was associated with pox infection within two separate populations. However, using genotype-environment association (Bayenv) in conjunction with genome-wide (ddRAD-seq) data, we detected strong associations between population-level avian pox prevalence and allele frequencies of single nucleotide polymorphisms (SNPs) at a number of sites across the genome. These sites were located within genes involved in cellular stress signalling and immune responses, many of which have previously been associated with responses to viral infection in humans and other animals. Consequently, our analyses provide evidence that pathogen-mediated selection has shaped genomic variation among relatively recently colonised island bird populations, and highlights the utility of genotype-environment associations for identifying candidate genes involved in adaption to local pathogen pressures."
https://openalex.org/W4378976428,10.1101/2023.05.30.542850,The road to restoration: Identifying and conserving the adaptive legacy of American chestnut,2023,bioRxiv (Cold Spring Harbor Laboratory),Alexander M. Sandercock; Jared W. Westbrook; Qian Zhang; Jason A. Holliday,"Abstract The American chestnut ( Castanea dentata ) is a functionally extinct tree species that was decimated by an invasive fungal pathogen in the early 20 th century. Disease resistant chestnuts have been developed through hybridization and genetic modification, but these populations may lack the adaptive genomic diversity necessary to restore the species across its climatically diverse historical range. An understanding of the genomic architecture of local adaptation in wild American chestnut and identification of seed zones for germplasm conservation are necessary in order to deploy locally adapted, disease-resistant American chestnut populations. Here, we characterize the genomic basis of climate adaptation in remnant wild American chestnut, define seed zones based on climate envelopes and adaptive diversity, and make sampling recommendations for germplasm conservation. Whole genome re-sequencing of 384 trees coupled with genotype-environment association methods suggest the species range can be most parsimoniously subdivided into three seed zones characterized by relatively homogeneous allele frequencies relative to rangewide adaptive diversity. Using these data, we developed a method to estimate the number of samples required from each seed zone to recapitulate standing adaptive diversity in each seed zone, and found that on average, 21-29 trees will need to be conserved to capture 95% of the wild adaptive diversity. Taken together, these results will inform the development of an ex situ germplasm conservation and breeding plan to develop locally adapted blight-resistant American chestnut populations, and provide a blueprint for developing restoration plans for other imperiled tree species."
https://openalex.org/W4400090117,10.22541/au.171948502.29579801/v1,Genetic differentiation across a steep and narrow environmental gradient: Quantitative genetic and genomic insights into Lake Superior populations of Quercus rubra,2024,,María José Gómez Quijano; Briana L. Gross; Julie R. Etterson,"Adaptive differentiation of traits and underlying loci can occur at a small geographic scale if natural selection is stronger than gene flow and drift. We investigated this hypothesis using coupled quantitative genetic and genomic approaches for a wind-pollinated tree species, Quercus rubra, along the steep, narrow gradient of the Lake Superior coast that encompasses four USDA Hardiness Zones within 100 km. For the quantitative genetic component, we examined phenotypic differentiation among eight populations in a common garden. For the genomic component, we quantified genetic differentiation for 26 populations using RAD-seq. Because hybridization with the congener Quercus ellipsoidalis has been documented elsewhere, we also included two populations of this species for comparison. In the common garden study, we found a strong signal of population differentiation that was significantly associated with at least one climate factor for nine of ten measured traits. In contrast, we found no evidence of genomic differentiation among populations based on FST or other measures. However, distance-based, and genotype-environment association analyses identified loci showing the signature of selection, with one locus in common across five analyses. This locus was associated with the minimum temperature of the coldest month, a climate factor was also significant in the common garden analyses. In addition, we documented introgression from Q. ellipsoidalis into Q. rubra, with rates of introgression correlated with the climate gradient. In sum, this study reveals signatures of selection at the quantitative trait and genomic level consistent with climate adaptation occurring at a small geographic scale."
https://openalex.org/W4401852175,10.22541/au.172447544.44397599/v1,Genetic differentiation across a steep and narrow environmental gradient: Quantitative genetic and genomic insights into Lake Superior populations of Quercus rubra,2024,,María José Gómez Quijano; Briana L. Gross; Julie R. Etterson,"Adaptive differentiation of traits and underlying loci can occur at a small geographic scale if natural selection is stronger than gene flow and drift. We investigated this hypothesis using coupled quantitative genetic and genomic approaches for a wind-pollinated tree species, Quercus rubra , along the steep, narrow gradient of the Lake Superior coast that encompasses four USDA Hardiness Zones within 100 km. For the quantitative genetic component, we examined phenotypic differentiation among eight populations in a common garden. For the genomic component, we quantified genetic differentiation for 26 populations using RAD-seq. Because hybridization with the congener Quercus ellipsoidalis has been documented elsewhere, we also included two populations of this species for comparison. In the common garden study, we found a strong signal of population differentiation that was significantly associated with at least one climate factor for nine of ten measured traits. In contrast, we found no evidence of genomic differentiation among populations based on FST or other measures. However, distance-based, and genotype-environment association analyses identified loci showing the signature of selection, with one locus in common across five analyses. This locus was associated with the minimum temperature of the coldest month, a climate factor was also significant in the common garden analyses. In addition, we documented introgression from Q. ellipsoidalis into Q. rubra , with rates of introgression correlated with the climate gradient. In sum, this study reveals signatures of selection at the quantitative trait and genomic level consistent with climate adaptation occurring at a small geographic scale."
https://openalex.org/W7108677095,10.6084/m9.figshare.c.8184374.v1,Ecotypic divergence in Mongolian Scots pine persists via large-effect genetic adaptation and phenotypic plasticity,2025,Figshare,"Wuyuntana; Fong, Qihui; Ke, Chong-Yi; Gao, De-Ming; Luo, Min-Xin; Yang, Yong-Zhi; Gao, Run-Hong; Liao, Pei-Chun","Abstract Background Understanding how ecotypic divergence persists under extensive gene flow is critical for predicting adaptive responses in long-lived conifers. Mongolian Scots pine (Pinus sylvestris var. mongolica) occupies contrasting mountain and sandy-dune habitats in northeastern China, forming two ecotypes with distinct environmental adaptations. Using reference-free Specific Locus Amplified Fragment sequencing (SLAF-seq) data and genome-wide SNPs, we explored patterns of genomic differentiation and genotype-environment associations to determine whether adaptive divergence is driven by few large-effect loci or polygenic shifts. Results Despite weak population structure, we identified ~ 3% of the genome as adaptive outliers with strong differentiation between ecotypes. These loci exhibited significant environmental associations indicating that both adaptive genomic islands and polygenic shifts are dominated by large-effect variants rather than minor-effect alleles. Furthermore, phenotypic differentiation between ecotypes reflected a dual mechanism: adaptive genetic divergence shaping hydraulic traits and mechanical support, and genotype-by-environment (G×E) interactions enabling phenotypic plasticity in physiological responses, such as water-use efficiency and stress tolerance. Conclusion The interplay between hard genetic adaptation and plasticity highlights how Mongolian Scots pine can simultaneously preserve ecotypic differentiation and respond flexibly to environmental heterogeneity. Importantly, such plasticity may provide a critical buffer against rapid climate change, allowing populations to persist despite ongoing gene flow and delayed genomic divergence. Our study highlights how divergent selection and plasticity together maintain ecotypic divergence in wind-pollinated pine variety with high gene flow and demonstrates a novel reference-free approach for dissecting adaptive architectures in non-model genomes."
https://openalex.org/W7108611788,10.6084/m9.figshare.c.8184374,Ecotypic divergence in Mongolian Scots pine persists via large-effect genetic adaptation and phenotypic plasticity,2025,Figshare,"Wuyuntana; Fong, Qihui; Ke, Chong-Yi; Gao, De-Ming; Luo, Min-Xin; Yang, Yong-Zhi; Gao, Run-Hong; Liao, Pei-Chun","Abstract Background Understanding how ecotypic divergence persists under extensive gene flow is critical for predicting adaptive responses in long-lived conifers. Mongolian Scots pine (Pinus sylvestris var. mongolica) occupies contrasting mountain and sandy-dune habitats in northeastern China, forming two ecotypes with distinct environmental adaptations. Using reference-free Specific Locus Amplified Fragment sequencing (SLAF-seq) data and genome-wide SNPs, we explored patterns of genomic differentiation and genotype-environment associations to determine whether adaptive divergence is driven by few large-effect loci or polygenic shifts. Results Despite weak population structure, we identified ~ 3% of the genome as adaptive outliers with strong differentiation between ecotypes. These loci exhibited significant environmental associations indicating that both adaptive genomic islands and polygenic shifts are dominated by large-effect variants rather than minor-effect alleles. Furthermore, phenotypic differentiation between ecotypes reflected a dual mechanism: adaptive genetic divergence shaping hydraulic traits and mechanical support, and genotype-by-environment (G×E) interactions enabling phenotypic plasticity in physiological responses, such as water-use efficiency and stress tolerance. Conclusion The interplay between hard genetic adaptation and plasticity highlights how Mongolian Scots pine can simultaneously preserve ecotypic differentiation and respond flexibly to environmental heterogeneity. Importantly, such plasticity may provide a critical buffer against rapid climate change, allowing populations to persist despite ongoing gene flow and delayed genomic divergence. Our study highlights how divergent selection and plasticity together maintain ecotypic divergence in wind-pollinated pine variety with high gene flow and demonstrates a novel reference-free approach for dissecting adaptive architectures in non-model genomes."
https://openalex.org/W4416716791,10.1186/s12870-025-07695-0,Ecotypic divergence in Mongolian Scots pine persists via large-effect genetic adaptation and phenotypic plasticity,2025,BMC Plant Biology,Wuyuntana; Qihui Fong; Chong-Yi Ke; D. R. Gao; Min‐Xin Luo; Yongzhi Peter Yang; Runhong Gao; Pei‐Chun Liao,"BACKGROUND: Understanding how ecotypic divergence persists under extensive gene flow is critical for predicting adaptive responses in long-lived conifers. Mongolian Scots pine (Pinus sylvestris var. mongolica) occupies contrasting mountain and sandy-dune habitats in northeastern China, forming two ecotypes with distinct environmental adaptations. Using reference-free Specific Locus Amplified Fragment sequencing (SLAF-seq) data and genome-wide SNPs, we explored patterns of genomic differentiation and genotype-environment associations to determine whether adaptive divergence is driven by few large-effect loci or polygenic shifts. RESULTS: Despite weak population structure, we identified ~ 3% of the genome as adaptive outliers with strong differentiation between ecotypes. These loci exhibited significant environmental associations indicating that both adaptive genomic islands and polygenic shifts are dominated by large-effect variants rather than minor-effect alleles. Furthermore, phenotypic differentiation between ecotypes reflected a dual mechanism: adaptive genetic divergence shaping hydraulic traits and mechanical support, and genotype-by-environment (G×E) interactions enabling phenotypic plasticity in physiological responses, such as water-use efficiency and stress tolerance. CONCLUSION: The interplay between hard genetic adaptation and plasticity highlights how Mongolian Scots pine can simultaneously preserve ecotypic differentiation and respond flexibly to environmental heterogeneity. Importantly, such plasticity may provide a critical buffer against rapid climate change, allowing populations to persist despite ongoing gene flow and delayed genomic divergence. Our study highlights how divergent selection and plasticity together maintain ecotypic divergence in wind-pollinated pine variety with high gene flow and demonstrates a novel reference-free approach for dissecting adaptive architectures in non-model genomes."
https://openalex.org/W7125010401,10.64898/2026.01.18.700237,Salinity exposure in early-life drives genomic adaptation to climate change in Antarctic toothfish ( Dissostichus mawsoni ),2026,bioRxiv (Cold Spring Harbor Laboratory),Jilda Alicia Caccavo; Enrique Celemín; Pierre de Villemereuil; Marion Gehlen,"Abstract Antarctic marine ecosystems are undergoing rapid physical change, yet the capacity of long-lived polar fishes to adapt genomically remains poorly understood. Antarctic toothfish ( Dissostichus mawsoni ) are an exploited top fish predator whose early life stages develop beneath the sea-ice edge, where salinity, temperature and circulation are being reshaped by climate change. Using whole-genome resequencing data, we investigated how environmental exposure, particularly during early life, structures patterns of local adaptation in D. mawsoni . We analysed 2.4 million unlinked SNPs from 24 adults sampled across the circumpolar distribution of D mawsoni , and compared variability in putatively-adaptive loci with variation in environmental parameters from the ORAS5 global ocean reanalysis, including salinity, temperature, mixed-layer depth, sea-ice concentration and thickness, and surface currents. To capture uncertainty in ontogenetic exposure, we constructed three environmental scenarios differing in their spatial and temporal representation of conditions: Point of Capture–Time of Capture (POC-C), Spawning Ground–Time of Birth (SG-B), and Point of Capture–Time of Birth (POC-B). Genotype–environment association (GEA) was performed using redundancy analysis conditioned on fishing pressure and latent-factor mixed models, with high-confidence GEA loci being defined as SNPs jointly detected by both approaches and robust to random-predictor tests. The scenario that best explained genomic variation was SG-B, in which environmental variables were averaged over hypothesised spawning grounds during the egg incubation period of D. mawsoni (August - October). Within this scenario, the significant environmental axis, dominated by salinity, was strongly associated with 854 high-confidence GEA loci. Functional enrichment revealed over-representation of gene ontology terms linked to monoatomic ion transport, ion channel complexes and calcium signalling, consistent with salinity-driven selection on osmoregulatory pathways during early development. Our results provide genomic evidence that early-life salinity exposure is a key driver of local adaptation in D. mawsoni , underscore the importance of correctly representing life-stage-specific environments in climate genomics, and highlight a concrete pathway by which climate-induced freshening and sea-ice change may alter recruitment and stock resilience."
https://openalex.org/W4400678676,10.22541/au.172115349.97568671/v1,Seascape genomics of red abalone: Limited range-wide population structure and local adaptation,2024,,Joanna S. Griffiths; Kendall Smith; Andrew Whitehead,"Characterizing patterns of genetic diversity including evidence of local adaptation is relevant for predicting and managing species recovering from over-exploitation in the face of climate change. Red abalone ( Haliotis rufescens ) is a species of conservation concern due to recent declines from over-harvesting, disease, and climate change, resulting in the closure of commercial and recreational fisheries. We hypothesized that the environmental mosaic that defines nearshore habitats in the California current ecosystem, including variable pH and temperature, has enriched some regions for locally-adapted genotypes that may be important for species persistence in changing environments. Using whole genome re-sequencing data from 23 populations spanning their entire range (southern Oregon, USA, to Baja California, MEX) we investigated population connectivity and local adaptation to inform management strategies. We discovered high genetic diversity that is shared within and among populations, suggesting high historical range-wide gene flow. Using multiple layers of environmental metadata, we tested for genotype-environment associations that would reveal local adaptation. We found little evidence for large selective sweeps between populations that occupy local habitats that vary by pH, strength of upwelling, chlorophyll, salinity, and sea surface temperature. While related physiological studies reveal evidence of local adaptation to pH in red abalone, our data suggest that the underlying genetic architecture may be polygenic and therefore difficult to detect from traditional genome scans. Overall, red abalone harbor a massive reservoir of genetic diversity that may be important for future adaptation, but adaptive recovery may be limited by current demographic decline. Given the high genetic connectivity across their range, state-mandated regulatory actions would be most effective if aligned across jurisdictional boundaries (i.e., Mexico, California, and Oregon)."
https://openalex.org/W2466061984,,Implicações do gene TP53 do vírus do papiloma humano nocâncer da próstata,2002,LA Referencia (Red Federada de Repositorios Institucionales de Publicaciones Científicas),Ana Cândida M Saraiva,"The prostate gland can be assaulted by many pathologies. Among them the prostate cancer is the 2nd death cause on men older than 50 years old. Although the etiology of this disease is not well comprehended, the genetic alterations and the presence of infectious agents have been suggested as associated to the development of this cancer. One of the most frequent genetic alterations on the cancers are the ones related to the tumor suppressor gene TP53, responsible for the cell cycle control and apoptosys. In the beginning of the 90s, many works also arose on the attempt to establish a relationship between the human papilloma virus (HPV) infection and the prostate cancer. Within this context, this work had as objectives, to evaluate the HPV prevalence, to analyze the Arg72 Pro polymorphism, to associate this polymorphism to the HPV presence and to track for mutations n the exons 5 to 8 of the PT53 gene in patients presenting prostate cancer. 36 prostatic tissues were analyzed, seeing that these proceeding were from adenocarcinomas, BPH and PIN and peripheral blood of some of these patients, as well as of a group of men randomly chosen on the population. The techniques used for the HPV detection and typing were the PCR and nested PCR. For the Arg72Pro polymorphism analysis and for the tracking of mutations, the PCR and LIS-SSCP techniques were used. There were no differences on the frequencies of the Arg72Pro polymorphism between the BPH and PCa tissues (p=0,36; 95% reliance interval). The frequencies obtained on the blood of some patients with prostatic pathologies also did not differed significantly, whereas the BPH group did not differ from the PCa group (p=0,72, xviii 95% reliance interval), nor this from the frequency found on the population (p=0,08, 95% reliance interval). It was detected Loss of Heterozigosity (LOH) in 9 (34,61%) patients that lost the Pro allele, becoming Arg/Arg. Among these individuals, 5 (35,71%) belonged to the cancer group, 3 (37,5%) to the BPHs and 1 (25%) to the PINs. Among the 36 analyzed patients for the HPV infection, by means of PCR and nested PCR, only 2 (5,55%) presented positivity for HPV types 16 and 39. The t Test, showed that there were no significant differences for the HPV presence among the samples obtained by TUR and radical prostatectomy, nor among the malignant and benignant analyzed tissues. The positive patients for the HPV infection presented an homozygous genotype for arginine, however, the low prevalence of this infection did not allow an association to the Arg 72Pro polymorphism. A possible mutation was detected on the exon 6 in one patient with prostate cancer. In this manner, the low prevalence of the HPV infection, and the nonassociation of this with the Arg72Pro polymorphism as well as the rare frequency of mutations on the analyzed exons suggest that these would not be the essential mechanisms for the prostate cancer development. However, the LOH event could be associated to the progression or"
https://openalex.org/W3207965179,10.14393/ufu.di.2002.64,Implicações do gene TP53 e do vírus do papiloma humano no câncer de próstata,2002,,Ana Cândida M Saraiva,"The prostate gland can be assaulted by many pathologies. Among them the prostate câncer is the 2nd death cause on men older than 50 years old. Although the etiology of this disease is not well comprehended, the genetic alterations and the presence of infectious agents have been suggested as associated to the development of this câncer. One of the most frequent genetic alterations on the cancers are the ones related to the tumor suppressor gene TP53, responsible for the cell cycle control and apoptosys. In the beginning of the 90s, many works also arose on the attempt to establish a relationship between the human papilloma virus (HPV) infection and the prostate câncer. Within this context, this work had as objectives, to evaluate the HPV prevalence, to analyze the Arg72 Pro polymorphism, to associate this polymorphism to the HPV presence and to track for mutations on the exons 5 to 8 of the PT53 gene in patients presenting prostate câncer. 36 prostatic tissues were analyzed, seeing that these proceeding were from adenocarcinomas, BPH and PIN and peripheral blood of some of these patients, as well as of a group of men randomly chosen on the population. The techniques used for the HPV detection and typing were the PCR and nested PCR. For the Arg72Pro polymorphism analysis and for the tracking of mutations, the PCR and LIS-SSCP techniques were used. There were no differences on the frequencies of the Arg72Pro polymorphism between the BPH and PCa tissues (p=0,36; 95% reliance interval). The frequencies obtained on the blood of some patients with prostatic pathologies also did not differed significantly, whereas the BPH group did not differ from the PCa group (p=0,72,xviii 95% reliance interval), nor this from the frequency found on the population (p=0,08, 95% reliance interval). It was detected Loss of Heterozigosity (LOH) in 9 (34,61%) patients that lost the Pro allele, becoming Arg/Arg. Among these individuais, 5 (35,71%) belonged to the câncer group, 3 (37,5%) to the BPHs and 1 (25%) to the PINs. Among the 36 analyzed patients for the HPV infection, by means of PCR and nested PCR, only 2 (5,55%) presented positivity for HPV types 16 and 39. The t Test, showed that there were no significant differences for the HPV presence among the samples obtained by TUR and radical prostatectomy, nor among the malignant and benignant analyzed tissues. The positive patients for the HPV infection presented an homozygous genotype for arginine, however, the low prevalence of this infection did not allow an association to the Arg 72Pro polymorphism. A possible mutation was detected on the exon 6 in one patient with prostate câncer. In this manner, the low prevalence of the HPV infection, and the non-association of this with the Arg72Pro polymorphism as well as the rare frequency of mutatíons on the analyzed exons suggest that these would not be the essential mechanisms for the prostate câncer development. However, the LOH event could be associated to the progression o"
https://openalex.org/W4200386868,10.1111/mec.16328,Editorial 2022,2021,Molecular Ecology,Loren H. Rieseberg; Emily J. Warschefsky; Bridget O’Boyle; Pierre Taberlet; Daniel Ortíz-Barrientos; Nolan C. Kane; Benjamin Sibbett,"Molecular Ecology continues to be well cited, with an Impact Factor (IF) of 6.185 in 2020, ranking 7th out of 50 journals in evolutionary biology according to Clarivate's Journal Citation Reports. In terms of overall impact, Molecular Ecology ranks third among ecology journals and second among evolution journals as measured by Google Scholar's h5-index, which is the h-index for articles published over the past five years. This stems both from the large number of articles published in Molecular Ecology each year (386 in 2020), as well as the high median impact factor of our articles. Indeed, Molecular Ecology ranks second among ecology journals in Google Scholar's h5-median statistic and third among evolution journals by this measure. As discussed in last year's editorial we are now making open calls for Associate Editors. This approach has been successful, resulting in the recruitment of 10 new Associate Editors and helping to diversify the Editorial Board geographically. Molecular Ecology and Molecular Ecology Resources wished to consider implementing double-blind peer review in order to increase the diversity of published authors. The current single-blind model may cause biases against authors based on race, ethnicity, gender, institution, career stage, or other factors. To gain the molecular ecology community's views, we conducted a survey of authors’ and reviewers’ preferences for single-blind, double-blind, and transparent peer review. Out of 165 respondents, 43% preferred double-blind peer review, 33% preferred transparent review, and 24% preferred single-blind review. Definitions of each review model and the most common reasons given for preferring each model are shown in Table 1. Early career researchers were more in favour of double-blind review and less in favour of single-blind review compared to more established researchers (Figure 1). Career stage did not affect preferences for transparent peer review (Figure 1). Although double-blind was the most popular review model, a high number of survey respondents commented that anonymising manuscripts is impractical. Doing so is a significant burden for authors, and reviewers are often able to deduce authors’ identities from the manuscript content. Furthermore, many manuscripts are released as preprints before journal submission, and anonymity would conflict with benefit-sharing statements and with open data policies where manuscripts cite data or scripts attributed to the authors. Despite being the second most popular review model overall, several survey respondents strongly opposed transparent peer review. Concerns included the risk of critical reviewers receiving retaliation from authors, which is a particular threat for early career researchers. Reviewers may therefore feel pressured to comment favourably, or may decline to provide a review. Furthermore, the extra effort required to submit publishable reviews is not acknowledged, while published review documentation may rarely be viewed. "
https://openalex.org/W4366332274,10.1093/molbev/msad093,The Genetic Architecture of Adaptation to Leaf and Root Bacterial Microbiota in Arabidopsis thaliana,2023,Molecular Biology and Evolution,Fabrice Roux; Léa Frachon; Claudia Bartoli,"Understanding the role of the host genome in modulating microbiota variation is a need to shed light on the holobiont theory and overcome the current limits on the description of host-microbiota interactions at the genomic and molecular levels. However, the host genetic architecture structuring microbiota is only partly described in plants. In addition, most association genetic studies on microbiota are often carried out outside the native habitats where the host evolves and the identification of signatures of local adaptation on the candidate genes has been overlooked. To fill these gaps and dissect the genetic architecture driving adaptive plant-microbiota interactions, we adopted a genome-environment association (GEA) analysis on 141 whole-genome sequenced natural populations of Arabidopsis thaliana characterized in situ for their leaf and root bacterial communities in fall and spring, and a large range of nonmicrobial ecological factors (i.e., climate, soil, and plant communities). A much higher fraction of among-population microbiota variance was explained by the host genetics than by nonmicrobial ecological factors. Importantly, the relative importance of host genetics and nonmicrobial ecological factors in explaining the presence of particular operational taxonomic units (OTUs) differs between bacterial families and genera. In addition, the polygenic architecture of adaptation to bacterial communities was highly flexible between plant compartments and seasons. Relatedly, signatures of local adaptation were stronger on quantitative trait loci (QTLs) of the root microbiota in spring. Finally, plant immunity appears as a major source of adaptive genetic variation structuring bacterial assemblages in A. thaliana."
https://openalex.org/W2917159839,10.1007/s13213-019-01451-0,Probiotic lactobacilli mediated changes in global epigenetic signatures of human intestinal epithelial cells during Escherichia coli challenge,2019,Annals of Microbiology,Mohd Iqbal Bhat; Ankita Kumari; Suman Kapila; Rajeev Kapila,"Host genome environment association is critical for proper development and functioning of an individual. Microbiota and probiotics within the cellular vicinity may serve such critical stimuli that can bring out different epigenetic mediated host responses. The aim of present study was to explore the changes in epigenetic signatures of Caco-2 cells by probiotic strains ( Lactobacillus rhamnosus MTCC 5897: LR, Lactobacillus fermentum MTCC 5898: LF and their mixture: RF), respectively, or during challenge with Escherichia coli (ATCC 14948) using exclusion, competition and displacement assays. Adenocarcinoma intestinal epithelial Caco-2 cells were treated with LR, LF, RF and E. coli for 6 h, respectively. Caco-2 cells were also challenged with E. coli and probiotic lactobacilli during exclusion, competition and displacement assays. Finally, global epigenetic modifications by acetylation of H4 and H3 histone proteins and DNA methylation patterns were determined. Probiotic-treated Caco-2 cells displayed significant ( p < 0.01) reduction in percent global H4 and H3 acetylation, respectively, in contrast to their elevated ( p < 0.05) levels after E. coli infection. On the other hand, a remarkable ( p < 0.01) decrease in percent H4 and H3 acetylation were observed when E. coli were excluded, competed or displaced by lactobacilli strains. No changes in the global DNA methylation patterns were observed in Caco-2 cells after exposure to probiotic strains or E. coli , respectively, but surprisingly, their levels increased significantly ( p < 0.05) when lactobacilli-treated cells were challenged with E. coli during exclusion or competition than displacement assays. Probiotic L. rhamnosus and L. fermentum modulated the host epigenetic signatures via global histone acetylation individually or during E. coli challenge by exclusion, competition and displacement assays. Whilst on the other hand changes in global DNA methylation patterns were obtained significantly during probiotic treatment with E. coli in exclusion and competition protocols."
https://openalex.org/W2161319322,10.1111/evo.12121,FINE-SCALE GENETIC STRUCTURE IN A WILD BIRD POPULATION: THE ROLE OF LIMITED DISPERSAL AND ENVIRONMENTALLY BASED SELECTION AS CAUSAL FACTORS,2013,Evolution,Colin J. Garroway; Reinder Radersma; Irem Sepil; Anna W. Santure; Isabelle De Cauwer; Jon Slate; Ben C. Sheldon,"Individuals are typically not randomly distributed in space; consequently ecological and evolutionary theory depends heavily on understanding the spatial structure of populations.The central challenge of landscape genetics is therefore to link spatial heterogeneity of environments to population genetic structure.Here, we employ multivariate spatial analyses to identify environmentally induced genetic structures in a single breeding population of 1174 great tits Parus major genotyped at 4701 single-nucleotide polymorphism (SNP) loci.Despite the small spatial scale of the study relative to natal dispersal, we found multiple axes of genetic structure.We built distance-based Moran's eigenvector maps to identify axes of pure spatial variation, which we used for spatial correction of regressions between SNPs and various external traits known to be related to fitness components (avian malaria infection risk, local density of conspecifics, oak tree density, and altitude).We found clear evidence of fine-scale genetic structure, with 21, seven, and nine significant SNPs, respectively, associated with infection risk by two species of avian malaria (Plasmodium circumflexum and P. relictum) and local conspecific density.Such fine-scale genetic structure relative to dispersal capabilities suggests ecological and evolutionary mechanisms maintain within-population genetic diversity in this population with the potential to drive microevolutionary change.K E Y W O R D S : Genome-environment association study, landscape genetics, Moran's eigenvector maps, Parus major, plasmodium, SNPs.Individuals are typically not randomly distributed in space; rather, they aggregate in patches or groups, or are distributed along gradients in spatially variable physical and social environments.This spatial structure is key to much of ecological and evolutionary theory including social evolution, mate choice, epidemi- * These authors contributed equally to this work.ology, population ecology, the maintenance of genetic diversity, adaptation, and speciation (Gaston 2003;Coyne and Orr 2004;Fortin and Dale 2005;Bourke 2011;Nosil 2012).Individuals at different resource patches are less likely to meet and thus unlikely to be selected as mates or to transfer disease or parasites, whereas individuals within patches, or in closer spatial proximity, are more likely to interact with each other, and hence influence C 2013 The Author(s).Evolution"
https://openalex.org/W7160617215,10.1007/s00439-026-02838-1,Bringing environment back into human evolution: why human genetics needs genome-environment association studies,2026,Human Genetics,Pei‐Wei Sun,
https://openalex.org/W7152581846,10.70675/03f9e381z9ed1z4411z8daezb06d9d68b83a,Identification of the genetic basis of adaptive plant-microbiota interactions,2024,,Rémi Duflos,"Identification des bases génétiques adaptatives des interactions plante-microbiote Le microbiote peut largement contribuer à la performance des plantes en leur fournissant des nutriments, en limitant l'effet des stress abiotiques, et en leur conférant une protection contre les pathogènes. Cependant, au-delà des conditions climatiques, des propriétés physico-chimiques du sol, et des interactions microbe-microbe, l'efficacité du microbiote sur la performance des plantes peut fortement dépendre du génotype de la plante hôte et du génotype des principales espèces microbiennes commensales composant le microbiote. Il existe donc un intérêt croissant à explorer la variation génétique naturelle des interactions plante-microbes commensaux pour mieux comprendre leur dialogue moléculaire, et ainsi permettre de proposer des stratégies agro-écologiques innovantes. En étudiant des interactions plante-bactéries commensales écologiquement réalistes, l'objectif principal de mon projet de thèse était d'établir une carte génomique de l'adaptation des interactions entre Arabidopsis thaliana et les principales bactéries commensales de son microbiote foliaire, en particulier Pseudomonas siliginis. Pour répondre à cet objectif, j'ai adopté une approche interdisciplinaire combinant génétique quantitative, microbiologie, génomique comparative, génomique des populations, et bio-informatique, tout en mettant en place des expérimentations de phénotypage de grande ampleur à la fois en condition de champ et en condition in vitro. Côté plante, j'ai identifié de très fortes interactions GenotypeA.thaliana × Génotypebactérie commensale aussi bien pour des traits végétatifs que des traits reproducteurs. En accord, les analyses de GWA mapping ont révélé que l'architecture génétique polygénique de la réponse d'A. thaliana dépendait de l'identité de la souche bactérienne. Par ailleurs, comme pour la réponse à des bactéries pathogènes, les gènes candidats de réponse à des bactéries commensales présentaient un enrichissement en signatures d'adaptation locale et de sélection balancée. Côté bactérien, à partir d'un séquençage de novo long read de 74 souches de P. siliginis, j'ai pu établir une carte génomique de l'adaptation chez une bactérie commensale, en menant (i) une étude de GWA mapping basée sur le phénotypage de l'effet des souches de P. siliginis sur la croissance végétative de neuf accessions d'A. thaliana, et (ii) une étude de Genome-Environment Association qui m'a permis d'identifier des gènes d'adaptation, entre autres, au climat. L'ensemble de ces résultats ont permis d'identifier des gènes candidats clés qui mériteraient d'être approfondis au niveau fonctionnel pour une meilleure compréhension des mécanismes génétiques et moléculaires sous-jacents à des interactions écologiquement réalistes et adaptatives entre A. thaliana et son microbiote."
https://openalex.org/W4413141350,10.1038/s42003-025-08673-w,Genomic signatures of adaptation in seed traits in the wild plant Brassica incana,2025,Communications Biology,Lucrezia Laccetti; Angelino Carta; Maria Rosaria Barone Lumaga; Léa Frachon; Giovanni Scopece,"Seed traits underlying germination, by determining the environment experienced by plants throughout their lifetime, can play a key role in shaping plants’ adaptive strategies. However, the genomic bases of adaptation in seed traits and its link with local biotic and abiotic environments remain largely unexplored. Here, we used a pool-sequencing approach combining genome-wide association (GWA), genome-environment association (GEA) and a genome wide scan of a spatial genomic differentiation index (XTX) to identify putative signatures of adaptation in seed traits and to climate and pollinator community across 14 populations of the wild plant species Brassica incana. We observed a complex genetic architecture potentially involved in seed trait adaptation, which varied depending on the seed trait function. Also, we identified several candidate genes simultaneously linked to signals of adaptation in seed traits and local abiotic or biotic conditions. These results expand our understanding on the adaptive value of seed traits, on its interaction with environmental conditions and on its potential for shaping the evolutionary trajectory of wild plant populations. A study conducted on the wild plant Brassica incana identifies a complex genetic architecture underlying seed trait adaptation and shows how several candidate genes overlap with those involved in adaptation to biotic and abiotic conditions."
https://openalex.org/W2553759337,10.3732/ajb.1600340,Systems genetics of plant adaptation to environmental stresses,2016,American Journal of Botany,Simon Cornelis Groen; Michael D. Purugganan,"“But that by turning the fertile clods with the share, and subduing the soil of the earth we summon them to birth, of their own accord the crops could not spring up into the liquid air; and even now sometimes, when won by great toil things grow leafy throughout the land, and are all in flower, either the sun in heaven burns them with too much heat, or sudden rains destroy them and chill frosts, and the blasts of the winds harry them with headstrong hurricane.” —from Titus Lucretius Carus, On the Nature of Things, Book V (trans. C. Bailey, 1910) This excerpt from Lucretius’ On the Nature of Things beautifully illustrates how plants are confronted with abiotic stresses in natural and agricultural field environments. To add insult to injury, plants can also be attacked by pests and pathogens and have to compete with neighboring plants. Plants are thus faced with multiple, complex, and fluctuating environmental conditions with different levels of predictability. The frequency and severity of environmental stress occurrences are exacerbated in many areas through climate change, making it all the more important that we understand plant stress responses. Plant biologists have long tried to characterize the genetic architecture of plant adaptive responses to these complex stresses and have been hampered by the fact that these traits are quantitative and multigenic in nature. Especially after the establishment of Arabidopsis thaliana as the main model plant, a large proportion of these efforts have become more reductionist in scope. Many experiments are focused on the role of single genes in response to single stresses in carefully controlled environments. This reductionist approach has proved enormously fruitful, especially in characterizing gene function at the molecular and cellular levels. However, it has also contributed to a disconnect between research in field and laboratory environments (Plessis et al., 2015). This disconnect is illustrated by recent findings that the genetic architecture, gene expression profiles, and physiology of plant responses to combined stresses cannot be inferred from data on plant responses to single stresses alone (Suzuki et al., 2014; Davila Olivas et al., 2016; Gray et al., 2016). It is therefore difficult to place laboratory-obtained data in the context of organismal fitness in the field environment. Alongside the rise of reductionism, a countervailing approach has developed over the last two decades in the form of systems biology. Benefitting from ever-increasing computational power, high-throughput genetic technologies, and the growing wealth of genomic data, systems biology uses genome-scale measurements and mathematical modeling to gain novel insights into the mechanisms through which phenotypes are shaped by different genotypes and environmental factors (Loewe, 2016). Originally developed in single-celled organisms, systems biology is increasingly used to infer plant metabolic and gene regulatory interaction netw"
https://openalex.org/W7134047048,10.6084/m9.figshare.29222486.v2,Domestic dog introgression in Australian dingoes: environmental drivers and evolutionary consequences,2025,Figshare,"Carolina Osuna‐Mascaró; Kylie M. Cairns; Karolina, Doan,; Alejandro Flores-Manzanero; Bradley J., Nesbitt,; Thomas Newsome; Małgorzata Pilot","Hybridization between wild and domestic canids is a widespread phenomenon with important implications for genetic diversity, local adaptation, and conservation management. In Australia, hybridization between dingoes and domestic dogs presents a dual conservation challenge—threatening the genetic integrity of dingoes while allowing potential adaptive introgression. To investigate the genetic and environmental drivers of this process, we analyzed 170,465 SNPs genotyped with a high-density SNP array in 336 dingoes and 396 European and Australian domestic dogs. Principal component analysis and ADMIXTURE revealed clear genetic differentiation between dingoes and domestic dogs, as well as regional structuring among dingo populations. Using local ancestry inference and genome–environment association (GEA) analyses, we found that dingoes from remote areas such as the Big Desert and Western Australia exhibited low levels of dog introgression, while higher levels were observed in eastern and southern populations. These patterns correlated with proximity to human settlements and environmental modifications. Key variables—including maximum temperature of the warmest month, mean temperature of the driest quarter, and the Human Footprint Index—were significant predictors of introgression. We identified genomic regions with overrepresented dog ancestry, including a large introgressed haplotype block on chromosome 27, along with small blocks on chromosomes 13, 14, and 24. Several genes within these regions showed signatures of purifying or positive selection, suggesting adaptive introgression. Together, these results highlight the complex interplay between hybridization, human influence, and local adaptation in dingoes, offering valuable insights for conserving the evolutionary potential of this apex predator in increasingly modified landscapes."
https://openalex.org/W7141299579,10.1111/mec.70320,Domestic Dog Introgression in Australian Dingoes: Environmental Drivers and Evolutionary Consequences,2026,Molecular Ecology,Carolina Osuna‐Mascaró; Kylie M. Cairns; Karolina Doan; Alejandro Flores‐Manzanero; Bradley J. Nesbitt; Thomas M. Newsome; Małgorzata Pilot,"Introgressive hybridisation between wild and domestic animals is a widespread phenomenon with important implications for genetic diversity, local adaptation, and conservation management. The causes and consequences of this process are poorly understood. In Australia, hybridisation between dingoes and domestic dogs presents a dual conservation challenge, threatening the genetic integrity of dingoes while allowing potential adaptive introgression. To investigate the environmental drivers of this process, we analysed high-density SNP array data in 390 dingoes and 396 domestic dogs. Dingo populations showed regional genetic structure and were clearly differentiated from domestic dogs. Using local ancestry inference and genome-environment association analyses, we found low levels of dog introgression in dingoes from remote areas in Central and Western Australia, and moderate levels in Eastern and Southern populations. Climatic variables (maximum temperature of the warmest month, mean temperature of the driest quarter) and the Human Footprint Index (reflecting density of human populations and environmental modifications) were significant predictors of introgression. We identified four genomic regions with overrepresented dog ancestry, including a large introgressed block on chromosome 27, which contained an olfactory receptor gene showing signatures of positive selection, suggesting adaptive introgression. In addition, a chromosomal inversion previously described in dogs and absent in dingoes was initially identified as an introgressed block. We also detected eight genomic regions nearly free of dog ancestry, suggesting purifying selection against maladaptive variants. Together, these results highlight the complex interplay between introgression, human influence, and local adaptation in dingoes, offering valuable insights for conserving the evolutionary potential of this apex predator in increasingly modified landscapes."
https://openalex.org/W7140212484,10.64898/2026.03.22.713106,Domestic dog introgression in Australian dingoes: environmental drivers and evolutionary consequences,2026,bioRxiv (Cold Spring Harbor Laboratory),Carolina Osuna‐Mascaró; Kylie M. Cairns; Karolina Doan; Alejandro Flores‐Manzanero; Bradley J. Nesbitt; Thomas M. Newsome; Małgorzata Pilot,"Introgressive hybridization between wild and domestic animals is a widespread phenomenon with important implications for genetic diversity, local adaptation, and conservation management. The causes and consequences of this process are poorly understood. In Australia, hybridization between dingoes and domestic dogs presents a dual conservation challenge, threatening the genetic integrity of dingoes while allowing potential adaptive introgression. To investigate the environmental drivers of this process, we analyzed high-density SNP array data in 390 dingoes and 396 domestic dogs. Dingo populations showed regional genetic structure and were clearly differentiated from domestic dogs. Using local ancestry inference and genome-environment association analyses, we found low levels of dog introgression in dingoes from remote areas in Central and Western Australia, and moderate levels in Eastern and Southern populations. Climatic variables (maximum temperature of the warmest month, mean temperature of the driest quarter) and the Human Footprint Index (reflecting density of human populations and environmental modifications) were significant predictors of introgression. We identified four genomic regions with overrepresented dog ancestry, including a large introgressed block on chromosome 27, which contained an olfactory receptor gene showing signatures of positive selection, suggesting adaptive introgression. In addition, a chromosomal inversion previously described in dogs and absent in dingoes was initially identified as an introgressed block. We also detected eight genomic regions nearly free of dog ancestry, suggesting purifying selection against maladaptive variants. Together, these results highlight the complex interplay between introgression, human influence, and local adaptation in dingoes, offering valuable insights for conserving the evolutionary potential of this apex predator in increasingly modified landscapes."
https://openalex.org/W4410452604,10.1111/1462-2920.70108,Plant Genetic Bases Associated With Microbiota Descriptors Shed Light Into a Novel Holobiont Generalist Genes Theory,2025,Environmental Microbiology,Loeiz Maillet; Manon Norest; Adam Kautsky; Anna Geraci; Eĺisabetta Oddo; Angelo Troìa; Anne‐Yvonne Guillerm‐Erckelboudt; Cyril Falentin; Mathieu Rousseau‐Gueutin; Anne‐Marie Chèvre; Benjamin Istace; Corinne Cruaud,"Plants as animals are associated with a cortege of microbes influencing their health, fitness and evolution. Scientists refer to all living organisms as holobionts, complex genetic units that coevolve simultaneously. This is what has been recently proposed as the hologenome theory. This exciting theory has important implications on animal and plant health; however, it still needs consistent proof to be validated. Indeed, holobionts are still poorly studied in their natural habitats where coevolution processes occur. Compared to animals, wild plant populations are an excellent model to explore the hologenome theory. These sessile holobionts have coevolved with their microbiota for decades, and natural selection and adaptive processes acting on wild plants are likely to regulate the plant-microbe interactions. Here, we conducted a microbiota survey, plant genome sequencing and genome-environmental analysis (GEA) of 26 natural populations of the plant species Brassica rapa. We collected plants over two seasons in Italy and France and analysed the root and rhizosphere microbiota. When conducting GEA, we evidenced neat peaks of association correlating with both fungal and bacterial microbiota. Surprisingly, we found 13 common genes between fungal and bacterial diversity descriptors that we referred to under the name of holobiont generalist genes (HGGs)."
https://openalex.org/W4390144386,10.1101/2023.12.22.572874,Plant genetic bases explaining microbiota diversity shed light into a novel holobiont generalist gene theory,2023,bioRxiv (Cold Spring Harbor Laboratory),Loeiz Maillet; Manon Norest; Adam Kautsky; Anna Geraci; Eĺisabetta Oddo; Angelo Troìa; Anne‐Yvonne Guillerm‐Erckelboudt; Cyril Falentin; Mathieu Rousseau‐Gueutin; Anne‐Marie Chèvre; Benjamin Istace; Corinne Cruaud,"Abstract Plants as animals are strictly associated with a cortege of microbial communities influencing their health, fitness and evolution. Therefore, scientists refer to all living organisms as holobionts; complex genetic units that coevolve simultaneously. This is what has been recently proposed as the hologenome theory of evolution. This exciting and attractive theory has important implications on animal and plant health; however, it still needs consistent proof to be validated. Indeed, holobionts are still poorly studied in their natural habitats where coevolution and natural selective processes occur. Compared to animals and crops, wild plant populations are an excellent and unique model to explore the hologenome theory. These sessile holobionts have strictly coevolved with their microbiota for decades and natural selection and adaptive processes acting on wild plants are likely to regulate the plant-microbe interactions. Here we conducted for the first time a microbiota survey, plant genome sequencing and Genome-Environmental Analysis (GEA) of 26 natural populations of the non-model plant species Brassica rapa . We collected plants over two seasons in Italy and France, and analyzed the microbiota on two plant compartments (root and rhizosphere). We identified that plant compartment and season modulate B. rapa microbiota. More importantly, when conducting GEA we evidenced neat peaks of association correlating with both fungal and bacterial microbiota. Surprisingly, we found 13 common genes between fungal and bacterial diversity descriptors that we referred under the name of Holobiont Generalist Genes (HGG). These genes might strongly regulate the diversity and composition of plant microbiota at the inter-kingdom level. Significance Statement The novel hologenome concept claims that hosts and their associated microbes (considered as holobionts) are a unique evolutionary unit on which natural selection acts. Thus, the hologenome theory assumes that hosts and microbiomes simultaneously coevolve. This novel vision of universal evolutionary entities is promising for both animal and plant health purposes. However, it is still quietly controversial as it suffers from a lack of tangible evidence. How can we enrich the debate on holobionts? How can we translate this concept in discoveries that can change farming practices? Our study is filling the gaps of the hologenome theory by showing that certain genes under natural selection and regulating plant microbiota are generalist in response to fungal and bacterial communities."
https://openalex.org/W2096095753,10.1002/gepi.20492,"The gene, environment association studies consortium (GENEVA): maximizing the knowledge obtained from GWAS by collaboration across studies of multiple conditions",2010,Genetic Epidemiology,Marilyn C. Cornelis; Arpana Agrawal; John W. Cole; Nadia N. Hansel; Kathleen C. Barnes; Terri H. Beaty; Siiri Bennett; Laura Jean Bierut; Eric Boerwinkle; Kimberly Floy Doheny; Bjarke Feenstra; Eleanor Feingold,"Genome-wide association studies (GWAS) have emerged as powerful means for identifying genetic loci related to complex diseases. However, the role of environment and its potential to interact with key loci has not been adequately addressed in most GWAS. Networks of collaborative studies involving different study populations and multiple phenotypes provide a powerful approach for addressing the challenges in analysis and interpretation shared across studies. The Gene, Environment Association Studies (GENEVA) consortium was initiated to: identify genetic variants related to complex diseases; identify variations in gene-trait associations related to environmental exposures; and ensure rapid sharing of data through the database of Genotypes and Phenotypes. GENEVA consists of several academic institutions, including a coordinating center, two genotyping centers and 14 independently designed studies of various phenotypes, as well as several Institutes and Centers of the National Institutes of Health led by the National Human Genome Research Institute. Minimum detectable effect sizes include relative risks ranging from 1.24 to 1.57 and proportions of variance explained ranging from 0.0097 to 0.02. Given the large number of research participants (N>80,000), an important feature of GENEVA is harmonization of common variables, which allow analyses of additional traits. Environmental exposure information available from most studies also enables testing of gene-environment interactions. Facilitated by its sizeable infrastructure for promoting collaboration, GENEVA has established a unified framework for genotyping, data quality control, analysis and interpretation. By maximizing knowledge obtained through collaborative GWAS incorporating environmental exposure information, GENEVA aims to enhance our understanding of disease etiology, potentially identifying opportunities for intervention."
https://openalex.org/W2161071765,10.1093/biostatistics/kxm011,Retrospective analysis of haplotype-based case-control studies under a flexible model for gene-environment association,2007,Biostatistics,Yi‐Hau Chen; Nilanjan Chatterjee; Raymond James Carroll,"Genetic epidemiologic studies often involve investigation of the association of a disease with a genomic region in terms of the underlying haplotypes, that is the combination of alleles at multiple loci along homologous chromosomes. In this article, we consider the problem of estimating haplotype-environment interactions from case-control studies when some of the environmental exposures themselves may be influenced by genetic susceptibility. We specify the distribution of the diplotypes (haplotype pair) given environmental exposures for the underlying population based on a novel semiparametric model that allows haplotypes to be potentially related with environmental exposures, while allowing the marginal distribution of the diplotypes to maintain certain population genetics constraints such as Hardy-Weinberg equilibrium. The marginal distribution of the environmental exposures is allowed to remain completely nonparametric. We develop a semiparametric estimating equation methodology and related asymptotic theory for estimation of the disease odds ratios associated with the haplotypes, environmental exposures, and their interactions, parameters that characterize haplotype-environment associations and the marginal haplotype frequencies. The problem of phase ambiguity of genotype data is handled using a suitable expectation-maximization algorithm. We study the finite-sample performance of the proposed methodology using simulated data. An application of the methodology is illustrated using a case-control study of colorectal adenoma, designed to investigate how the smoking-related risk of colorectal adenoma can be modified by ""NAT2,"" a smoking-metabolism gene that may potentially influence susceptibility to smoking itself."
https://openalex.org/W2144504271,10.1093/bioinformatics/bts606,A high-performance computing toolset for relatedness and principal component analysis of SNP data,2012,Bioinformatics,Xiuwen Zheng; David Levine; Jess Shen; Stephanie M. Gogarten; Cathy C. Laurie; Bruce S. Weir,"Abstract Summary: Genome-wide association studies are widely used to investigate the genetic basis of diseases and traits, but they pose many computational challenges. We developed gdsfmt and SNPRelate (R packages for multi-core symmetric multiprocessing computer architectures) to accelerate two key computations on SNP data: principal component analysis (PCA) and relatedness analysis using identity-by-descent measures. The kernels of our algorithms are written in C/C++ and highly optimized. Benchmarks show the uniprocessor implementations of PCA and identity-by-descent are ∼8–50 times faster than the implementations provided in the popular EIGENSTRAT (v3.0) and PLINK (v1.07) programs, respectively, and can be sped up to 30–300-fold by using eight cores. SNPRelate can analyse tens of thousands of samples with millions of SNPs. For example, our package was used to perform PCA on 55 324 subjects from the ‘Gene-Environment Association Studies’ consortium studies. Availability and implementation: gdsfmt and SNPRelate are available from R CRAN (http://cran.r-project.org), including a vignette. A tutorial can be found at https://www.genevastudy.org/Accomplishments/software. Contact: zhengx@u.washington.edu"
https://openalex.org/W2159082702,10.3121/cmr.2010.894,A Pilot Study of Gene/Gene and Gene/Environment Interactions in Alzheimer Disease,2010,Clinical Medicine & Research,Nader Ghebranious; Bickol Nanjan Mukesh; Philip F. Giampietro; Ingrid Glurich; Susan F. Mickel; Stephen C. Waring; Catherine Anne McCarty,"Al zheimer Disease (AD [MIM 104300]) is a common, complex genetic disorder with a prevalence rate of 5% to 10% and an incidence that increases exponentially after the age of 65 years.A majority of AD cases manifest as sporadic late onset form (LOAD [MIM 606626]), typically with onset above the age of 65 years.Clinical manifestations of the disease are associated with alterations in some or all of the following neurotransmitter networks: the forebrain cholinergic system, noradrenergic system, and telencephalon somatostatinergic system. 1 In addition, the interaction of cholesterol metabolism, inflammatory processes, and APOE has been implicated in contributing to the pathogenesis and/or progression of the disease.Because evidence of genomic variation in association with LOAD is increasingly emerging in both mutational and Background: Although some genes associated with increased risk of Alzheimer Disease (AD) have been identified, few data exist related to gene/gene and gene/environment risk of AD.The purpose of this pilot study was to explore gene/gene and gene/environment associations in AD and to obtain data for sample size estimates for larger, more definitive studies of AD. Methods:The effect of gene/gene and gene/environment interaction related to late onset Alzheimer Disease (LOAD) was investigated in 153 subjects with LOAD and 302 gender matched controls enrolled in the Personalized Medicine Research Project, a population-based bio-repository.Genetic risk factors examined included APOE, ACE, OLR1, and CYP46 genes, and environmental factors included smoking, total cholesterol, LDL, HDL, triglycerides, C-reactive protein, blood pressure, statin use, and body mass index. Results:The mean age of the cases was 78.2 years and the mean age of the controls was 87.2 years.APOE4 was significantly associated with LOAD (OR=3.55,95%CL=1.70,7.45).Cases were significantly more likely to have ever smoked cigarettes during their life (49.3%versus 38.4%, p=0.03).The highest recorded blood pressure and pulse pressure measurements were significantly higher in the controls than the cases (all P<0.005).Although not statistically significant in this pilot study, the relationship of the following factors was associated in opposite directions with LOAD based on the presence of an APOE4 allele: obesity at the age of 50, ACE, OLR1, and CYP46.Conclusions: These pilot data suggest that gene/gene and gene/environment interactions may be important in LOAD, with APOE, a known risk factor for LOAD, affecting the relationship of ACE and OLR1 to LOAD.Replication with a larger sample size and in other racial/ethnic groups is warranted and the allele and risk factor frequencies will assist in choosing an appropriate sample size for a definitive study."
https://openalex.org/W2165431421,10.1111/j.0105-2896.2009.00850.x,Autoimmunity to specific citrullinated proteins gives the first clues to the etiology of rheumatoid arthritis,2009,Immunological Reviews,Natalia Wegner; Karin Lundberg; Andrew Kinloch; Benjamin A. Fisher; Vivianne Malmström; Marc Feldmann; Patrick J Venables,"Rheumatoid arthritis (RA) is now clearly a true autoimmune disease with accumulating evidence of pathogenic disease-specific autoimmunity to citrullinated proteins. Citrullination, also termed deimination, is a modification of arginine side chains catalyzed by peptidylarginine deiminase (PAD) enzymes. This post-translational modification has the potential to alter the structure, antigenicity, and function of proteins. In RA, antibodies to cyclic citrullinated peptides are now well established for clinical diagnosis, though we argue that the identification of specific citrullinated antigens, as whole proteins, is necessary for exploring pathogenic mechanisms. Four citrullinated antigens, fibrinogen, vimentin, collagen type II, and alpha-enolase, are now well established, with others awaiting further characterization. All four proteins are expressed in the joint, and there is evidence that antibodies to citrullinated fibrinogen and collagen type II mediate inflammation by the formation of immune complexes, both in humans and animal models. Antibodies to citrullinated proteins are associated with HLA 'shared epitope' alleles, and autoimmunity to at least one antigenic sequence, the CEP-1 peptide from citrullinated alpha-enolase (KIHAcitEIFDScitGNPTVE), shows a specific association with HLA-DRB1*0401, *0404, 620W PTPN22, and smoking. Periodontitis, in which Porphyromonas gingivalis is a major pathogenic bacterium, has been linked to RA in epidemiological studies and also shares similar gene/environment associations. This is also the only bacterium identified that expresses endogenous citrullinated proteins and its own bacterial PAD enzyme, though the precise molecular mechanisms of bacterial citrullination have yet to be explored. Thus, both smoking and Porphyromonas gingivalis are attractive etiological agents for further investigation into the gene/environment/autoimmunity triad of RA."
https://openalex.org/W2050886653,10.1002/gepi.20516,Quality control and quality assurance in genotypic data for genome‐wide association studies,2010,Genetic Epidemiology,Cathy C. Laurie; Kimberly Floy Doheny; Daniel B. Mirel; Elizabeth Wyn Pugh; Laura Jean Bierut; Tushar Bhangale; Frederick J. Boehm; Neil E. Caporaso; Marilyn C. Cornelis; Howard J. Edenberg; Stacy B. Gabriel; Emily Harris,"Genome-wide scans of nucleotide variation in human subjects are providing an increasing number of replicated associations with complex disease traits. Most of the variants detected have small effects and, collectively, they account for a small fraction of the total genetic variance. Very large sample sizes are required to identify and validate findings. In this situation, even small sources of systematic or random error can cause spurious results or obscure real effects. The need for careful attention to data quality has been appreciated for some time in this field, and a number of strategies for quality control and quality assurance (QC/QA) have been developed. Here we extend these methods and describe a system of QC/QA for genotypic data in genome-wide association studies (GWAS). This system includes some new approaches that (1) combine analysis of allelic probe intensities and called genotypes to distinguish gender misidentification from sex chromosome aberrations, (2) detect autosomal chromosome aberrations that may affect genotype calling accuracy, (3) infer DNA sample quality from relatedness and allelic intensities, (4) use duplicate concordance to infer SNP quality, (5) detect genotyping artifacts from dependence of Hardy-Weinberg equilibrium test P-values on allelic frequency, and (6) demonstrate sensitivity of principal components analysis to SNP selection. The methods are illustrated with examples from the ""Gene Environment Association Studies"" (GENEVA) program. The results suggest several recommendations for QC/QA in the design and execution of GWAS."
https://openalex.org/W2003699592,10.1007/s00125-012-2568-3,"Integration of disease-specific single nucleotide polymorphisms, expression quantitative trait loci and coexpression networks reveal novel candidate genes for type 2 diabetes",2012,Diabetologia,Han-Mei-Xuan Kang; Xia Yang; R. Chen; Bin Zhang; Erik Corona; Eric E. Schadt; Atul Janardhan Butte,"AIMS/HYPOTHESIS: While genome-wide association studies (GWASs) have been successful in identifying novel variants associated with various diseases, it has been much more difficult to determine the biological mechanisms underlying these associations. Expression quantitative trait loci (eQTL) provide another dimension to these data by associating single nucleotide polymorphisms (SNPs) with gene expression. We hypothesised that integrating SNPs known to be associated with type 2 diabetes with eQTLs and coexpression networks would enable the discovery of novel candidate genes for type 2 diabetes. METHODS: We selected 32 SNPs associated with type 2 diabetes in two or more independent GWASs. We used previously described eQTLs mapped from genotype and gene expression data collected from 1,008 morbidly obese patients to find genes with expression associated with these SNPs. We linked these genes to coexpression modules, and ranked the other genes in these modules using an inverse sum score. RESULTS: We found 62 genes with expression associated with type 2 diabetes SNPs. We validated our method by linking highly ranked genes in the coexpression modules back to SNPs through a combined eQTL dataset. We showed that the eQTLs highlighted by this method are significantly enriched for association with type 2 diabetes in data from the Wellcome Trust Case Control Consortium (WTCCC, p = 0.026) and the Gene Environment Association Studies (GENEVA, p = 0.042), validating our approach. Many of the highly ranked genes are also involved in the regulation or metabolism of insulin, glucose or lipids. CONCLUSIONS/INTERPRETATION: We have devised a novel method, involving the integration of datasets of different modalities, to discover novel candidate genes for type 2 diabetes."
https://openalex.org/W2104244059,,Statistical analysis of molecular epidemiology studies employing case-series.,1994,PubMed,Colin B. Begg; Zuo‐Feng Zhang,"The case-series design is being used increasingly to explore associations between environmental risk factors and genetic markers. It is demonstrated that the odds ratio derived from a case-series study is the ratio of the relative risk for developing marker-positive disease to the relative risk for developing marker-negative disease. This parameter is an empirical manifestation of etiological heterogeneity with respect to the risk factor under study, and it can be used to construct a statistical significance test. Presence of etiological heterogeneity, as reflected in departures of this parameter from unity, could be a result of either the presence of distinct causal mechanisms for the two categories of cases, or a different strength of effect via the same mechanism. The case-series approach represents an efficient and valid approach for evaluating gene-environment associations, especially in referral centers where it is difficult to identify a valid control group."
https://openalex.org/W2002817851,10.1093/biomet/92.2.399,Semiparametric maximum likelihood estimation exploiting gene-environment independence in case-control studies,2005,Biometrika,Nilanjan Chatterjee; Raymond James Carroll,We consider the problem of maximum-likelihood estimation in case-control studies of gene-environment associations with disease when genetic and environmental exposures can be assumed to be independent in the underlying population. Traditional logistic regression analysis may not be efficient in this setting. We study the semiparametric maximum likelihood estimates of logistic regression parameters that exploit the gene-environment independence assumption and leave the distribution of the environmental exposures to be nonparametric. We use a profile-likelihood technique to derive a simple algorithm for obtaining the estimator and we study the asymptotic theory. The results are extended to situations where genetic and environmental factors are independent conditional on some other factors. Simulation studies investigate small-sample properties. The method is illustrated using data from a case-control study designed to investigate the interplay of BRCA1/2 mutations and oral contraceptive use in the aetiology of ovarian cancer.
https://openalex.org/W2283341437,10.1016/j.jcma.2015.09.003,"Association of polymorphisms of adiponectin gene promoter-11377C/G, glutathione peroxidase-1 gene C594T, and cigarette smoking in nonalcoholic fatty liver disease",2016,Journal of the Chinese Medical Association,Chaoxian Zhang; Like Guo; Yongmei Amy Qin; Guangyan Li,"BACKGROUND: The number of studies on adiponectin, GPx-1 gene polymorphisms, and nonalcoholic fatty liver disease (NAFLD) susceptibility is increasing, but none have investigated the effect of cigarette smoking in combination with the gene polymorphisms on the susceptibility to NAFLD. In order to understand the distribution of adiponectin and GPx-1 in the local population, to explore the possible association of cigarette smoking with adiponectin and GPx-1 gene polymorphisms in the pathogenesis of NAFLD, we conducted this research, examining the distribution of polymorphisms of adiponectin and GPx-1 in NAFLD patients and healthy controls, analyzing the association between these polymorphisms and cigarette smoking. METHODS: Two hundred nonalcoholic simple fatty liver (NAFL), 200 nonalcoholic steatohepatitis (NASH), and 200 nonalcoholic fatty hepatic cirrhosis (NAFHC) cases from the First Affiliated Hospital of Xinxiang Medical College in China from February 2011 to November 2014 were selected for this study, and 200 healthy individuals as a control group. No significant difference among the four groups in age, sex, ethnicity, and birthplace was observed. The genetic polymorphisms of adiponectin gene promoter-11377C/G and GPx-1 gene C594T were analyzed using polymerase chain reaction-restriction fragment length polymorphisms in peripheral blood leukocytes of the above-mentioned cases. The interaction between the two mutants and the gene-environment association of the genotypes with cigarette smoking were analyzed. RESULTS: The frequencies of adiponectin gene promoter-11377C/G(CG), -11377C/G (GG), GPx-1 gene C594T (CT) and C594T (TT) were 24.50%, 26.00%, 24.00%, and 25.50% in the NAFL group, 34.50%, 37.00%, 35.00%, and 36.00% in the NASH group, 42.00%, 46.00%, 43.50%, and 45.50% in the NAFHC group, and 14.00%, 14.50%, 13.00%, and 14.00% in the control group, respectively. Statistical tests showed a significant difference in the frequencies among each group (p < 0.01). The risk of NAFLD significantly increased in patients with adiponectin gene promoter-11377C/G (CG) genotype [odds ratio (OR)NAFL = 2.5278; ORNASH = 6.1823; ORNAFHC = 17.8570), in those with -11377C/G (GG) genotype (ORNAFL = 2.5900; ORNASH = 6.4017; ORNAFHC = 18.9023), in those with GPx-1 gene C594T (CT) genotype (ORNAFL = 2.6687; ORNASH = 6.7772; ORNAFHC = 22.2063), and in those with C594T (TT) genotype (ORNAFL = 2.6330; ORNASH = 6.4729; ORNAFHC = 21.5682). Combined analysis of the polymorphisms showed that percentages of adiponectin gene promoter -11377C/G (GG)/GPx-1 gene C594T (TT) in the NAFL, the NASH, NAFHC, and control groups was 7.00%, 13.50%, 21.00%, and 2.00%, respectively (p < 0.01). The people who carried the adiponectin gene promoter -11377C/G (GG)/GPx-1 gene C594T (TT) had a high risk of NAFLD (ORNAFL = 7.2800; ORNASH = 41.2941; ORNAFHC = 363.9724), and statistical analysis suggested a positive association between -11377C/G (GG) and C594T (TT) in increasing the risk of NAFLD"
https://openalex.org/W2579513869,10.1097/mcp.0000000000000364,The role of gene–environment interplay in occupational and environmental diseases,2017,Current Opinion in Pulmonary Medicine,Elizabeth Kwo; David C. Christiani,"PURPOSE OF REVIEW: The interplay between genetic susceptibilities and environmental exposures in the pathogenesis of a variety of diseases is an area of increased scientific, epidemiologic, and social interest. Given the variation in methodologies used in the field, this review aims to create a framework to help understand occupational exposures as they currently exist and provide a foundation for future inquiries into the biological mechanisms of the gene-environment interactions. Understanding of this complex interplay will be important in the context of occupational health, given the public health concerns surrounding a variety of occupational exposures. RECENT FINDINGS: Studies found evidence that suggest genetics influence the progression of disease postberyllium exposure through genetically encoded major histocompatibility complex, class II, DP alpha 2 (HLA-DP2)-peptide complexes as it relates to T-helper cells. This was characterized at the molecular level by the accumulation of Be-responsive CD4 T cells in the lung, which resulted in posttranslational change in the HLA-DPB1 complex. SUMMARY: These studies provide important evidence of gene-environment association, and many provide insights into specific pathogenic mechanisms. The following includes a review of the literature regarding gene-environment associations with a focus on pulmonary diseases as they relate to the workplace."
https://openalex.org/W2123104342,10.1155/2015/736569,The Information Filtering of Gene Network for Chronic Diseases: Social Network Perspective,2015,International Journal of Distributed Sensor Networks,Jaewon Royce Choi; Hyuk-Jun Kwon,"Web and mobile platforms have provided an environment of technical cooperation through technical development and the diffusion of related devices. Large-scale data sets have been available to analyze web interaction and data analysis. Particularly, large-scale data make us learn new patterns and insight into several research fields. For healthcare field, most chronic diseases are caused by environmental and genetic factors (Van der Laan et al., 2003). The relationship between environmental exposure and gene factors is crucial regarding disease etiology (Swift et al., 2004). For example, Tobacco is considered one of the biggest environmental factors responsible for many diseases each year. Schwartz and Collins (2007) discussed the importance of gene and environment factor correlation in human diseases. Thomas (2010) published a review of different approaches on gene-environment association studies attempting to explain some of the most complex diseases. Although previous studies have studied chronicle diseases with their causes one by one, those studies do not show integrated relationships between various diseases and their related human genes. Therefore, this study investigates the gene-disease relationships which are affected by tobacco and is able to find new association links with social network analysis and other mining techniques."
https://openalex.org/W1574614202,10.1111/cge.12370,Biobanks and personalized medicine,2014,Clinical Genetics,Janet E. Olson; Suzette J. Bielinski; Euijung Ryu; Erin M. Winkler; Paul Y. Takahashi; Jyotishman Pathak; James R. Cerhan,"We provide a mini-review of how biobanks can support clinical genetics in the era of personalized medicine. We discuss types of biobanks, including disease specific and general biobanks not focused on one disease. We present considerations in setting up a biobank, including consenting and governance, biospecimens, risk factor and related data, informatics, and linkage to electronic health records for phenotyping. We also discuss the uses of biobanks and ongoing considerations, including genotype-driven recruitment, investigations of gene-environment associations, and the re-use of data generated from studies. Finally, we present a brief discussion of some of the unresolved issues, such as return of research results and sustaining biobanks over time. In summary, carefully designed biobanks can provide critical research and infrastructure support for clinical genetics in the era of personalized medicine."
https://openalex.org/W2166489792,10.1093/ije/dyh306,Further development of the case-only design for assessing gene-environment interaction: evaluation of and adjustment for bias,2004,International Journal of Epidemiology,Nicolle M. Gatto,"BACKGROUND: The case-only study for investigating gene-environment interactions provides increased statistical efficiency over case-control analyses. This design has been criticized for being susceptible to bias arising from non-independence between the genetic and environmental factors in the population. Given that independence is critical to the validity of case-only estimates of interaction, researchers frequently use controls to evaluate whether the independence assumption is tenable, as advised in the literature. Our work investigates to what extent this approach is appropriate and how non-independence can be accounted for in case-only analyses. METHODS: We provide a formula in epidemiological terms that illustrates the relationship between the gene-environment association measured among controls and the gene-environment association in the source population. Using this formula, we conducted sensitivity analyses to describe the circumstances in which controls can be used as proxy for the source population when evaluating gene-environment independence. Lastly, we generated hypothetical cohort data to examine whether multivariable modelling approaches can be used to control for non-independence. RESULTS: Our sensitivity analyses show that controls should not be used to evaluate gene-environment independence in the population, even when the baseline risk of disease is low (i.e. 1%), and the interaction and independent effects are moderate (i.e. risk ratio = 2). When the factors are associated, it is possible to remove bias arising from non-independence using standard statistical multivariable techniques in case-only analyses. CONCLUSIONS: Even when the disease risk is low, evaluation of gene-environment independence in controls does not provide a consistent test for bias in the case-only study. Given that control for non-independence is possible when the source of the non-independence can be conceptualized, the case-only design may still be a useful epidemiological tool for examining gene-environment interactions."
https://openalex.org/W2096558383,10.1002/gepi.20337,"Tests for gene‐environment interaction from case‐control data: a novel study of type I error, power and designs",2008,Genetic Epidemiology,Bhramar Mukherjee; Jaeil Ahn; Stephen B. Gruber; Gad Rennert; Vı́ctor Moreno; Nilanjan Chatterjee,"To evaluate the risk of a disease associated with the joint effects of genetic susceptibility and environmental exposures, epidemiologic researchers often test for non-multiplicative gene-environment effects from case-control studies. In this article, we present a comparative study of four alternative tests for interactions: (i) the standard case-control method; (ii) the case-only method, which requires an assumption of gene-environment independence for the underlying population; (iii) a two-step method that decides between the case-only and case-control estimators depending on a statistical test for the gene-environment independence assumption and (iv) a novel empirical-Bayes (EB) method that combines the case-control and case-only estimators depending on the sample size and strength of the gene-environment association in the data. We evaluate the methods in terms of integrated Type I error and power, averaged with respect to varying scenarios for gene-environment association that are likely to appear in practice. These unique studies suggest that the novel EB procedure overall is a promising approach for detection of gene-environment interactions from case-control studies. In particular, the EB procedure, unlike the case-only or two-step methods, can closely maintain a desired Type I error under realistic scenarios of gene-environment dependence and yet can be substantially more powerful than the traditional case-control analysis when the gene-environment independence assumption is satisfied, exactly or approximately. Our studies also reveal potential utility of some non-traditional case-control designs that samples controls at a smaller rate than the cases. Apart from the simulation studies, we also illustrate the different methods by analyzing interactions of two commonly studied genes, N-acetyl transferase type 2 and glutathione s-transferase M1, with smoking and dietary exposures, in a large case-control study of colorectal cancer."
https://openalex.org/W2120233948,10.1093/carcin/bgl159,Multi-factor dimensionality reduction applied to a large prospective investigation on gene-gene and gene-environment interactions,2006,Carcinogenesis,Maurizio Manuguerra; Giuseppe Matullo; Fabrizio Veglia; Herman Autrup; Alison M. Dunning; SEYMOUR J. GARTE; Emmanuelle Gormally; CHRISTIAN MALAVEILLE; Simonetta Guarrera; Silvia Polidoro; Federica Saletta; Marco E. M. Peluso,"It is becoming increasingly evident that single-locus effects cannot explain complex multifactorial human diseases like cancer. We applied the multi-factor dimensionality reduction (MDR) method to a large cohort study on gene-environment and gene-gene interactions. The study (case-control nested in the EPIC cohort) was established to investigate molecular changes and genetic susceptibility in relation to air pollution and environmental tobacco smoke (ETS) in non-smokers. We have analyzed 757 controls and 409 cases with bladder cancer (n=124), lung cancer (n=116) and myeloid leukemia (n=169). Thirty-six gene variants (DNA repair and metabolic genes) and three environmental exposure variables (measures of air pollution and ETS at home and at work) were analyzed. Interactions were assessed by prediction error percentage and cross-validation consistency (CVC) frequency. For lung cancer, the best model was given by a significant gene-environment association between the base excision repair (BER) XRCC1-Arg399Gln polymorphism, the double-strand break repair (DSBR) BRCA2-Asn372His polymorphism and the exposure variable 'distance from heavy traffic road', an indirect and robust indicator of air pollution (mean prediction error of 26%, P<0.001, mean CVC of 6.60, P=0.02). For bladder cancer, we found a significant 4-loci association between the BER APE1-Asp148Glu polymorphism, the DSBR RAD52-3'-untranslated region (3'-UTR) polymorphism and the metabolic gene polymorphisms COMT-Val158Met and MTHFR-677C>T (mean prediction error of 22%, P<0.001, mean CVC consistency of 7.40, P<0.037). For leukemia, a 3-loci model including RAD52-2259C>T, MnSOD-Ala9Val and CYP1A1-Ile462Val had a minimum prediction error of 31% (P<0.001) and a maximum CVC of 4.40 (P=0.086). The MDR method seems promising, because it provides a limited number of statistically stable interactions; however, the biological interpretation remains to be understood."
https://openalex.org/W2081315887,10.1002/gepi.20564,Phenotype harmonization and cross-study collaboration in GWAS consortia: the GENEVA experience,2011,Genetic Epidemiology,Siiri Bennett; Neil E. Caporaso; Annette L. Fitzpatrick; Arpana Agrawal; Kathleen C. Barnes; Heather Allison Boyd; Marilyn C. Cornelis; Nadia N. Hansel; Gerardo M HEISS; John A. Heit; Jae Hee Kang; Steven J. Kittner,"Genome-wide association study (GWAS) consortia and collaborations formed to detect genetic loci for common phenotypes or investigate gene-environment (G*E) interactions are increasingly common. While these consortia effectively increase sample size, phenotype heterogeneity across studies represents a major obstacle that limits successful identification of these associations. Investigators are faced with the challenge of how to harmonize previously collected phenotype data obtained using different data collection instruments which cover topics in varying degrees of detail and over diverse time frames. This process has not been described in detail. We describe here some of the strategies and pitfalls associated with combining phenotype data from varying studies. Using the Gene Environment Association Studies (GENEVA) multi-site GWAS consortium as an example, this paper provides an illustration to guide GWAS consortia through the process of phenotype harmonization and describes key issues that arise when sharing data across disparate studies. GENEVA is unusual in the diversity of disease endpoints and so the issues it faces as its participating studies share data will be informative for many collaborations. Phenotype harmonization requires identifying common phenotypes, determining the feasibility of cross-study analysis for each, preparing common definitions, and applying appropriate algorithms. Other issues to be considered include genotyping timeframes, coordination of parallel efforts by other collaborative groups, analytic approaches, and imputation of genotype data. GENEVA's harmonization efforts and policy of promoting data sharing and collaboration, not only within GENEVA but also with outside collaborations, can provide important guidance to ongoing and new consortia."
https://openalex.org/W2305277279,10.1111/hel.12308,"Xenobiotic Pathway Gene Polymorphisms Associated with Gastric Cancer in High Risk Mizo‐Mongoloid Population, Northeast India",2016,Helicobacter,Souvik Ghatak; Ravi Prakash Yadav; Freda Lalrohlui; Payel Chakraborty; Soumee Ghosh; Sudakshina Ghosh; Madhusudan Das; Jeremy Lalrinsanga Pautu; John Zohmingthanga; Nachimuthu Senthil Kumar,"BACKGROUND: The aim of this study was to evaluate the risk of gastric cancer associated with individual or combined glutathione S-transferases (GSTs) polymorphism and their interaction with environmental factors. MATERIALS AND METHODS: Genotyping by PCR was carried out for 80 cases and controls each for GSTM1, GSTT1, and GSTP1 polymorphism and mapped for gene-environment association studies. The samples were subjected to pathogen detection and GSTP1 expression for analyzing their association with different genotypes. Logistic regression analyses were conducted to compute the influence of both genetic and environmental factors for gastric cancer. MDR analysis was performed to assess the risk of gastric cancer by studying the gene-gene and gene-environment effect on the basis of GST genotyping and GSTP1 gene expression. RESULTS: Infection with Helicobacter pylori and CagA+ strains was more frequent in patients with GSTM1/T1 null genotype. Intake of high fermented fat and smoked meat was found to be significantly associated with gastric cancer. The G/G, A/G (rs1695), and T/T (rs1138272) were found to be significantly associated with low expression of GSTP1 gene in cancer tissue. CONCLUSION: Presence of H. pylori with CagA genotype showed significant individual effect with GSTT1 polymorphism as well as strong synergistic effect in gastric cancer risk. Majority of the gastric cancer samples showed significant negative expression in G/G, A/G (rs1695), and T/T (rs1138272) genotypes. This study shows that GST gene polymorphism was significantly relevant for determining the individual susceptibility to gastric cancer."
https://openalex.org/W3094254020,10.1038/s41598-020-74814-2,Reference transcriptomes and comparative analyses of six species in the threatened rosewood genus Dalbergia,2020,Scientific Reports,Tin Hang Hung; Thea So; Syneath Sreng; Bansa Thammavong; Chaloun Boounithiphonh; David Boshier; John J. MacKay,"Dalbergia is a pantropical genus with more than 250 species, many of which are highly threatened due to overexploitation for their rosewood timber, along with general deforestation. Many Dalbergia species have received international attention for conservation, but the lack of genomic resources for Dalbergia hinders evolutionary studies and conservation applications, which are important for adaptive management. This study produced the first reference transcriptomes for 6 Dalbergia species with different geographical origins and predicted ~ 32 to 49 K unique genes. We showed the utility of these transcriptomes by phylogenomic analyses with other Fabaceae species, estimating the divergence time of extant Dalbergia species to ~ 14.78 MYA. We detected over-representation in 13 Pfam terms including HSP, ALDH and ubiquitin families in Dalbergia. We also compared the gene families of geographically co-occurring D. cochinchinensis and D. oliveri and observed that more genes underwent positive selection and there were more diverged disease resistance proteins in the more widely distributed D. oliveri, consistent with reports that it occupies a wider ecological niche and has higher genetic diversity. We anticipate that the reference transcriptomes will facilitate future population genomics and gene-environment association studies on Dalbergia, as well as contributing to the genomic database where plants, particularly threatened ones, are currently underrepresented."
https://openalex.org/W4386617659,10.1016/j.mam.2023.101213,"WITHDRAWN: Gene-environment interactions that influence CVD, lipid traits, obesity, diabetes, and hypertension appear to be able to influence gene therapy",2023,Molecular Aspects of Medicine,Moataz Dowaidar,
https://openalex.org/W2036642873,10.1007/s10654-013-9837-4,Comparisons of power of statistical methods for gene–environment interaction analyses,2013,European Journal of Epidemiology,Markus Johannes Ege; David Peter Strachan,
https://openalex.org/W2156228706,10.1111/j.1541-0420.2007.00750.x,Semiparametric Bayesian Analysis of Case–Control Data under Conditional Gene‐Environment Independence,2007,Biometrics,Bhramar Mukherjee; Li Zhang; Malay Ghosh; Samiran Sinha,"In case-control studies of gene-environment association with disease, when genetic and environmental exposures can be assumed to be independent in the underlying population, one may exploit the independence in order to derive more efficient estimation techniques than the traditional logistic regression analysis (Chatterjee and Carroll, 2005, Biometrika92, 399-418). However, covariates that stratify the population, such as age, ethnicity and alike, could potentially lead to nonindependence. In this article, we provide a novel semiparametric Bayesian approach to model stratification effects under the assumption of gene-environment independence in the control population. We illustrate the methods by applying them to data from a population-based case-control study on ovarian cancer conducted in Israel. A simulation study is conducted to compare our method with other popular choices. The results reflect that the semiparametric Bayesian model allows incorporation of key scientific evidence in the form of a prior and offers a flexible, robust alternative when standard parametric model assumptions do not hold."
https://openalex.org/W2175812029,10.1093/aje/kwv198,Tests for Gene-Environment Interactions and Joint Effects With Exposure Misclassification,2016,American Journal of Epidemiology,Philip S. Boonstra; Bhramar Mukherjee; Stephen B. Gruber; Jaeil Ahn; Stephanie L. Schmit; Nilanjan Chatterjee,"The number of methods for genome-wide testing of gene-environment (G-E) interactions continues to increase, with the aim of discovering new genetic risk factors and obtaining insight into the disease-gene-environment relationship. The relative performance of these methods, assessed on the basis of family-wise type I error rate and power, depends on underlying disease-gene-environment associations, estimates of which may be biased in the presence of exposure misclassification. This simulation study expands on a previously published simulation study of methods for detecting G-E interactions by evaluating the impact of exposure misclassification. We consider 7 single-step and modular screening methods for identifying G-E interaction at a genome-wide level and 7 joint tests for genetic association and G-E interaction, for which the goal is to discover new genetic susceptibility loci by leveraging G-E interaction when present. In terms of statistical power, modular methods that screen on the basis of the marginal disease-gene relationship are more robust to exposure misclassification. Joint tests that include main/marginal effects of a gene display a similar robustness, which confirms results from earlier studies. Our results offer an increased understanding of the strengths and limitations of methods for genome-wide searches for G-E interaction and joint tests in the presence of exposure misclassification."
https://openalex.org/W1993490426,10.5114/aoms.2011.24123,"Frequencies of glutathione s-transferase (GSTM1, GSTM3 AND GSTT1) polymorphisms in a Malaysian population",2011,Archives of Medical Science,Mustafa Ahmed Alshagga; Norazlina Mohamed; Ahmad Nazrun Suhid; Ibrahim Abdel Aziz Ibrahim; Syed Zulkifli Syed Zakaria,"INTRODUCTION: Glutathione S-transferase (GST) is a xenobiotic metabolising enzyme (XME), which may modify susceptibility in certain ethnic groups, showing ethnic dependent polymorphism. The aim of this study was to determine GSTM1, GSTM3 and GSTT1 gene polymorphisms in a Malaysian population in Kuala Lumpur. MATERIAL AND METHODS: Blood or buccal swab samples were collected from 137 Form II students from three schools in Wilayah Persekutuan Kuala Lumpur. Genotyping was done by polymerase chain reaction-restriction fragment length polymorphism (PCR-RFLP). RESULTS: Glutathione-S-transferase GSTM3 gene frequencies were 89% for AA, 10% for AB and 1% for BB. The gene frequencies for deleted GSTM1 and GSTT1 were 66% and 18% respectively. CONCLUSIONS: This study suggested that the Malay population is at risk for environmental diseases and provides the basis for gene-environment association studies to be carried out."
https://openalex.org/W2520609455,10.1093/ndt/gfw317,An investigation of APOL1 risk genotypes and preterm birth in African American population cohorts,2016,Nephrology Dialysis Transplantation,Catherine C. Robertson; Christopher E. Gillies; Rosemary K.B. Putler; Derek K. Ng; Kimberly J. Reidy; Brendan D. Crawford; Matthew Gordon Sampson,"BACKGROUND: Two genetic variants in apolipoprotein L1 (APOL1) are associated with increased risk of focal segmental glomerulosclerosis as well as other glomerular phenotypes. These risk variants are common in individuals of African ancestry but absent in other racial groups. Yet, the majority of individuals with two APOL1 risk alleles [high-risk (HR) genotype] do not have renal disease. It is critical to identify environmental and secondary genetic influences that, when combined with these alleles, lead to kidney disease. In a recent study of black children with glomerular disease enrolled in the Nephrotic Syndrome Study Network (NEPTUNE) and Chronic Kidney Disease in Children Study (n = 104), we found that subjects with an HR genotype had a 4.6-fold increase in the odds of preterm birth as compared to those with a low risk (LR) genotype [odds ratio 4.6 (CI 1.4-15.5)]. There are known racial disparities in preterm birth, which itself is a known risk factor for chronic kidney disease and focal segmental glomerulosclerosis. Thus, we questioned whether an HR APOL1 genotype is associated with prematurity in the general African American population. METHODS: We analyzed two publically available genetic datasets of preterm birth in African Americans, including 867 infants and 519 mothers from the Gene Environment Association Studies (GENEVA) study of preterm delivery and 960 mothers from the Boston Medical Center genome-wide association study of preterm birth. We performed multivariable analyses testing for association between HR APOL1 and birth outcomes. RESULTS: In both studies, there was no association between HR APOL1 in mothers and prematurity, gestational age or birthweight. Additionally, in the GENEVA study, we saw no association between infant HR APOL1 and prematurity, gestational age or birthweight. CONCLUSION: From these data, we conclude that the previously observed association between HR APOL1 and prematurity is specific to those with glomerular disease, suggesting prematurity may act as an additional risk factor in APOL1-associated renal disease."
https://openalex.org/W1496313736,10.1111/ahg.12019,The Effect of Genetic Admixture in an Association Study: Genetic Polymorphisms and Chromosome Aberrations in a Colombian Population Exposed to Organic Solvents,2013,Annals of Human Genetics,Luz Stella Hoyos‐Giraldo; Luisa F. Escobar‐Hoyos; Ingrid Reyes‐Carvajal; Jharley Jair García; Liliana Córdoba; Adalberto Sánchez Gómez; Felipe García‐Vallejo; Nohelia Cajas‐Salazar; Silvio Carvajal; Gabriel Bedoya,"The human population is heterogeneous in genetic susceptibility, chromosomal instability and disease risk; all factors which depend on inherited genetic constitution and acquired nongenetic environmental and occupational factors. Recently, special attention has been directed to the identification of sources of potential bias in population studies of gene-environment interactions including genetic admixture. The aim of this study was to evaluate the effect of genetic admixture in the association of genetic polymorphisms and chromosome aberrations (CA) in a population exposed to organic solvents. We assessed genetic admixture via 34 genetic ancestry informative markers (AIMs) in 398 Colombian individuals. We report a statistically significant difference of higher CA frequency in individuals' below-average European component, and in individuals' above-average Native American component after adjusting for covariates. In addition, the confounding risk ratio values are ≥10% than the adjusted risk ratio, suggesting that population stratification is a confounding factor in this gene-environment association study. Furthermore, after adjusting for individual admixture proportions and covariates, the results demonstrate that glutathione-S-transferase M1 (GSTM1)-null is associated with CA frequency increase. These results suggest that gene-environment association studies that involve recently admixed populations should take into consideration population stratification as a confounding factor and suggest GSTM1-null as a genetic marker associated with CA frequency increase."
https://openalex.org/W2793703232,10.1101/255893,LFMM 2.0: Latent factor models for confounder adjustment in genome and epigenome-wide association studies,2018,bioRxiv (Cold Spring Harbor Laboratory),Kévin Caye; Basile Jumentier; Olivier François,"Abstract Motivation Genome-wide, epigenome-wide and gene-environment association studies are plagued with the problems of confounding and causality. Although those problems have received considerable attention in each application field, no consensus have emerged on which approaches are the most appropriate to solve this problem. Current methods use approximate heuristics for estimating confounders, and often ignore correlation between confounders and primary variables, resulting in suboptimal power and precision. Results In this study, we developed a least-squares estimation theory of confounder estimation using latent factor models, providing a unique framework for several categories of genomic data. Based on statistical learning methods, the proposed algorithms are fast and efficient, and can be proven to provide optimal solutions mathematically. In simulations, the algorithms outperformed commonly used methods based on principal components and surrogate variable analysis. In analysis of methylation profiles and genotypic data, they provided new insights on the molecular basis of diseases and adaptation of humans to their environment. Availability and implementation Software is available in the R package lfmm at https://bcm-uga.github.io/lfmm/ ."
https://openalex.org/W1969273279,10.1186/1471-2407-8-54,"A haplotype of polymorphisms in ASE-1, RAI and ERCC1and the effects of tobacco smoking and alcohol consumption on risk of colorectal cancer: a danish prospective case-cohort study",2008,BMC Cancer,Rikke Dalgaard Hansen; Mette Sørensen; Anne Marie Tjønneland; Kim Overvad; Håkan Wallin; Ole Raaschou‐Nielsen; Ulla Birgitte Vogel,"BACKGROUND: Single nucleotide polymorphisms (SNPs) are the most frequent type of genetic variation in the human genome, and are of interest for the study of susceptibility to and protection from diseases. The haplotype at chromosome 19q13.2-3 encompassing the three SNPs ASE-1 G-21A, RAI IVS1 A4364G and ERCC1 Asn118Asn have been associated with risk of breast cancer and lung cancer. Haplotype carriers are defined as the homozygous carriers of RAI IVS1 A4364GA, ERCC1 Asn118AsnT and ASE-1 G-21AG. We aimed to evaluate whether the three polymorphisms and the haplotype are associated to risk of colorectal cancer, and investigated gene-environment associations between the polymorphisms and the haplotype and smoking status at enrolment, smoking duration, average smoking intensity and alcohol consumption, respectively, in relation to risk of colorectal cancer. METHODS: Associations between the three individual polymorphisms, the haplotype and risk of colorectal cancer were examined, as well as gene-environment interaction, in a Danish case-cohort study including 405 cases and a comparison group of 810 persons. Incidence rate ratio (IRR) were estimated by the Cox proportional hazards model stratified according to gender, and two-sided 95% confidence intervals (CI) and p-values were calculated based on robust estimates of the variance-covariance matrix and Wald's test of the Cox regression parameter. RESULTS: No consistent associations between the three individual polymorphisms, the haplotype and risk of colorectal cancer were found. No statistically significant interactions between the genotypes and the lifestyle exposures smoking or alcohol consumption were observed. CONCLUSION: Our results suggest that the ASE-1 G-21A, RAI IVS1 A4364G and ERCC1 Asn118Asn polymorphisms and the previously identified haplotype are not associated with risk of colorectal cancer. We found no evidence of gene-environment interaction between the three polymorphisms and the haplotype and smoking intensity and alcohol consumption, respectively, in relation to the risk of colorectal cancer."
https://openalex.org/W2115956394,10.1016/j.metabol.2012.05.013,Genetic association between obstructive bronchitis and enzymes of oxidative stress,2012,Metabolism,Mario Bauer; Carolin Gräbsch; Uwe Schlink; Norman Klopp; Thomas Illig; Ursula Krämer; Andrea v. Berg; Beate Schaaf; Michael Borte; Joachim Heinrich; Olf Herbarth; Irina Lehmann,
https://openalex.org/W1992925234,10.4103/0971-6866.42321,Can novel Apo A-I polymorphisms be responsible for low HDL in South Asian immigrants?,2008,Indian journal of human genetics,Sunita Dodani; Yanbin Dong; Haidong Zhu; Varghese T. George,"Coronary artery disease (CAD) is the leading cause of death in the world. Even though its rates have decreased worldwide over the past 30 years, event rates are still high in South Asians. South Asians are known to have low high-density lipoprotein (HDL) levels. The objective of this study was to identify Apolipoprotein A-I (Apo A-I) polymorphisms, the main protein component of HDL and explore its association with low HDL levels in South Asians. A pilot study on 30 South Asians was conducted and 12-h fasting samples for C-reactive protein, total cholesterol, HDL, low-density lipoprotein (LDL), triglycerides, Lipoprotein (a), Insulin, glucose levels, DNA extraction, and sequencing of Apo A-I gene were done. DNA sequencing revealed six novel Apo A-I single nucleotide polymorphisms (SNPs) in South Asians, one of which (rs 35293760, C938T) was significantly associated with low (<40 mg/dl) HDL levels (P = 0.004). The association was also seen with total cholesterol (P = 0.026) and LDL levels (P = 0.032). This pilot work has highlighted some of the gene-environment associations that could be responsible for low HDL and may be excess CAD in South Asians. Further larger studies are required to explore and uncover these associations that could be responsible for excess CAD risk in South Asians."
https://openalex.org/W2796027469,10.1111/bjd.16720,Individuals with filaggrin-related eczema and asthma have increased long-term medication and hospital admission costs,2018,British Journal of Dermatology,Patricia Danielle Feitosa Lopes Soares; Katy Fidler; Jessie Felton; Roger Tavendale; Anke M. Hövels; Stephen A. Bremner; C.N.A. Palmer; Somnath Mukhopadhyay,"Eczema and asthma are chronic diseases with onset usually before the age of 5 years. More than 50% of individuals with eczema will develop asthma and/or other allergic diseases. Several loss‐of‐function mutations in filaggrin (FLG) have been identified in patients with eczema. However, the association of FLG with healthcare use is unknown. To determine whether FLG mutations are associated with increased prescribing for eczema and asthma and whether increased prescribing is associated with increased healthcare costs. A secondary analysis of BREATHE, a cross‐sectional study of gene–environment associations with asthma severity, was undertaken. BREATHE data was collected for 1100 participants with asthma, in Tayside and Fife, Scotland during the period 2003–2005. Through collaboration with the Health Informatics Centre in Dundee, BREATHE was linked to accident and emergency, community prescribing and Scottish morbidity records. The data linkage allowed longitudinal exploration of associations between genetic variation and prescribing. An association was found between FLG mutations and increased prescribing for mild and moderate eczema, asthma‐reliever medicine and asthma exacerbations. A strong association was found between FLG mutations and prescribing of emollients [incidence rate ratio (IRR) 2·19, 95% confidence interval (CI) 1·36–3·52], treatment for severe eczema (IRR 2·18, 95% CI 1·22–3·91) and a combination of a long‐acting β2‐agonist and corticosteroids (IRR 3·29, 95% CI 1·68–6·43). The presence of FLG mutations in this cohort is associated with increased prescribing for eczema and asthma. Randomized controlled trials are required to determine if these individuals could benefit from management strategies to reduce morbidity and treatment costs."
https://openalex.org/W3010591361,10.3390/ijms21051776,A Possible Link of Genetic Variations in ER/IGF1R Pathway and Risk of Melanoma,2020,International Journal of Molecular Sciences,Tze‐An Yuan; Vandy Yourk; Ali Abdul Karim Farhat; Katherine L. Guo; Angela Garcia; Frank Louis Meyskens; Feng Liu,"The mechanism of gender disparity in cutaneous melanoma incidence remains unclear. Steroid hormones including estrogens have long been implicated in the course of melanoma, but the conclusion is controversial. Estrogen receptors (ERs) and insulin-like growth factor 1 receptor (IGF1R) show extensive crosstalk in cancer development, but how the ER/IGF1R network impacts melanoma is currently unclear. Here we studied the melanoma associations of selected SNPs from the ER/IGF1R network. Part of the International Genes, Environment, and Melanoma (GEM) cohort was used as a discovery set, and the Gene Environment Association Studies Initiative (GENEVA) dataset served as a validation set. Based on the associations with other malignant disease conditions, thirteen single nucleotide polymorphism (SNP) variants in ESR1, ESR2, IGF1, and IGF1R were selected for candidate gene association analyses. The rs1520220 in IGF1 and rs2229765 in IGF1R variants were significantly associated with melanoma risk in the GEM dataset after Benjamini-Hochberg multiple comparison correction, although they were not validated in the GENEVA set. The discrepancy may be caused by the multiple melanoma characteristics in the GEM patients. Further analysis of gender disparity was carried out for IGF1 and IGF1R SNPs in the GEM dataset. The GG phenotype in IGF1 rs1520220 (recessive model) presented an increased risk of melanoma (OR = 8.11, 95% CI: 2.20, 52.5, p = 0.006) in men but a significant opposite effect in women (OR = 0.15, 95% CI: 0.018, 0.86, p = 0.045). The AA genotype in IGF1R rs2229765 (recessive model) showed a significant protective effect in men (OR = 0.24, 95% CI: 0.07, 0.64, p = 0.008) and no effect in women. Results from the current study are warranted for further validation."
https://openalex.org/W1564327189,10.2478/s13382-011-0006-2,Molecular surveillance of hepatitis and tuberculosis infections in a cohort exposed to methyl isocyanate,2011,International Journal of Occupational Medicine and Environmental Health,Pradyumna Kumar Mishra; Arpit Bhargava; Neelam Pathak; Prabha Desikan; Kewal Krishan MAUDAR; Subodh Varshney; Rahul Shrivastava; Aruna Jain,"OBJECTIVE: The potential toxic effects on the immune system exerted by occupational and accidental environmental exposures and underlying molecular regulatory mechanisms involved in the etiology and progression of infectious diseases are now being characterized. The Bhopal gas tragedy is undoubtedly one of the worst industrial disasters in the history of mankind. After 25 years of accidental exposure to methyl isocyanate (MIC), severe systemic ailments still continue to pre-occupy the lives of the affected population that survived this tragedy. We have performed a molecular surveillance study to characterize hepatitis and tuberculosis infections amongst the first and the second generation of survivors exposed to MIC. MATERIALS AND METHODS: Both outdoor and indoor patients referred for molecular diagnosis of hepatitis B virus (HBV), hepatitis C virus (HCV) and Mycobacterium tuberculosis (MTB) were examined. Qualitative analysis for HBsAg, anti-HBc, anti-HCV through ELISA was performed, while BacT/ALERT and Ziehl-Neelson technique were utilized for the assessment of tuberculosis. Detection and quantification of viral and bacterial nucleic acid and characterization of hepatitis genotypes were analyzed using real-time and end-point PCR techniques. RESULTS: The results suggest that HBV infections are most common among the MIC-exposed cohort, followed by extra-pulmonary and pulmonary MTB and HCV infections. Genotype 3 is the most prevalent HCV genotype among the survivors. Failure to detect HBsAg, anti-HBc and anti-HCV through ELISA, and tuberculosis by culture and Ziehl-Neelson stain, indicates higher prevalence of occult hepatitis and latent tuberculosis in the affected population. CONCLUSIONS: Our study underscores the importance of hospital-based records used as a data source for monitoring possible environmental health hazards. As the risk of progress of infection is often influenced by conditions and periods of environmental chemical exposure, therefore, insights of interconnected molecular pathways will further illuminate the gene-environment association and might offer valuable information for rational drug design."
https://openalex.org/W2135108082,10.1002/sim.5742,Semiparametric odds ratio model for case–control and matched case–control designs,2013,Statistics in Medicine,Hua Yun Chen; Muredach P. Reilly; Mingyao Li,"We propose a semiparametric odds ratio model that extends Umbach and Weinberg's approach to exploiting gene-environment association model for efficiency gains in case-control designs to both discrete and continuous data. We directly model the gene-environment association in the control population to avoid estimating the intercept in the disease risk model, which is inherently difficult because of the scarcity of information on the parameter with the sampling designs. We propose a novel permutation-based approach to eliminate the high-dimensional nuisance parameters in the matched case-control design. The proposed approach reduces to the conditional logistic regression when the model for the gene-environment association is unrestricted. Simulation studies demonstrate good performance of the proposed approach. We apply the proposed approach to a study of gene-environment interaction on coronary artery disease."
https://openalex.org/W2802238776,10.1038/s41366-018-0069-2,Detecting epistasis within chromatin regulatory circuitry reveals CAND2 as a novel susceptibility gene for obesity,2018,International Journal of Obesity,Shan‐Shan Dong; Shi Yao; Yixiao Chen; Yan Guo; Yujie Zhang; Huimin Niu; Ruo-Han Hao; Hui Shen; Qing Tian; Hong‐Wen Deng; Tie‐Lin Yang,
https://openalex.org/W4392558150,10.3389/fpsyt.2024.1297760,Methylome-wide and meQTL analysis helps to distinguish treatment response from non-response and pathogenesis markers in schizophrenia,2024,Frontiers in Psychiatry,Binithamol K. Polakkattil; Neetha Nanoth Vellichirammal; Indu V. Nair; Chandrasekharan M. Nair; Moinak Banerjee,"Schizophrenia is a complex condition with entwined genetic and epigenetic risk factors, posing a challenge to disentangle the intermixed pathological and therapeutic epigenetic signatures. To resolve this, we performed 850K methylome-wide and 700K genome-wide studies on the same set of schizophrenia patients by stratifying them into responders, non-responders, and drug-naïve patients. The key genes that signified the response were followed up using real-time gene expression studies to understand the effect of antipsychotics at the gene transcription level. The study primarily implicates hypermethylation in therapeutic response and hypomethylation in the drug-non-responsive state. Several differentially methylated sites and regions colocalized with the schizophrenia genome-wide association study (GWAS) risk genes and variants, supporting the convoluted gene-environment association. Gene ontology and protein-protein interaction (PPI) network analyses revealed distinct patterns that differentiated the treatment response from drug resistance. The study highlights the strong involvement of several processes related to nervous system development, cell adhesion, and signaling in the antipsychotic response. The ability of antipsychotic medications to alter the pathology by modulating gene expression or methylation patterns is evident from the general increase in the gene expression of response markers and histone modifiers and the decrease in class II human leukocyte antigen (HLA) genes following treatment with varying concentrations of medications like clozapine, olanzapine, risperidone, and haloperidol. The study indicates a directional overlap of methylation markers between pathogenesis and therapeutic response, thereby suggesting a careful distinction of methylation markers of pathogenesis from treatment response. In addition, there is a need to understand the trade-off between genetic and epigenetic observations. It is suggested that methylomic changes brought about by drugs need careful evaluation for their positive effects on pathogenesis, course of disease progression, symptom severity, side effects, and refractoriness."
https://openalex.org/W3203603517,,Gene-Based Association Mapping for Dental Caries in The GENEVA Consortium.,2020,PubMed,Yueyao Wang; Dipankar Bandyopadhyay; John R. Shaffer; Xiaowei Wu,"OBJECTIVE: Dental caries is a multifactorial disease with high prevalence in both children and adults. Recent genome-wide association studies (GWASs) have revealed that genetic factors play an important role in caries incidence. However, existing methods are not sufficient to identify caries-associated genes, due to the complex correlation structure of caries GWAS data, and lack of appropriate summarization at the gene level. This paper attempts to address that by analyzing data from the Gene, Environment Association Studies (GENEVA) consortium. METHODS: We investigated gene-based genetic associations for dental caries based on genome-wide data derived from the GENEVA database, with adjustment to covariates, linkage disequilibrium among single-nucleotide polymorphisms, and family relations, in sampled individuals. RESULTS: Several suggestive genes were identified, in which some of them have been previously found to have potential biological functions on cariogenesis. CONCLUSIONS: By comparing the gene sets identified from gene-based and SNP-based association testing methods, we found a non-negligible overlap, which indicates that our gene-based analysis can provide substantial supplement to the traditional GWAS analysis."
https://openalex.org/W2102333231,10.1158/1055-9965.epi-06-0146,Are We Ready for Genome-wide Association Studies?,2006,Cancer Epidemiology Biomarkers & Prevention,Duncan Campbell Thomas,"The tension between hypothesis-driven and exploratory research crosses scientific disciplines (1) but is particularly well illustrated in the current excitement about genome-wide association (GWA) studies. Standard linkage analysis has the potential to localize major susceptibility genes to within a few million base pairs using as few as 300 microsatellite markers for a genome-wide scan. However, it has increasingly been recognized that linkage analysis may not be powerful enough to detect genes involved in “complex diseases” like cancer, which are caused by multiple genes and multiple environmental factors, interacting in complicated ways. Thus, molecular epidemiologists are turning to candidate-gene association studies or studies of entire candidate pathways, driven by specific biological hypotheses, as an alternative approach. Now comes the prospect, first seriously proposed a decade ago by Risch and Merikangas (2), of testing virtually all ∼10 million common single nucleotide polymorphisms (SNP) in the human genome for associations with a given disease, either directly or by linkage disequilibrium with other SNPs. Recent developments in ultra-high-volume genotyping chip technology now make the study of as many as 500,000 SNPs commercially viable. Coupled with the extensive haplotype tagging SNP information being catalogued by the HapMap project (3), it now seems that that this density may be sufficient to permit indirect tests of association with the majority of all common SNPs (4), although this fundamental assumption has recently been questioned (5). Does this development mark the end of pathway-driven research? I suggest that it is possible to marry the hypothesis-driven and exploratory approaches in a way that will make better use of this novel but expensive technology.The first GWA study was published in 2002 (6), using an early 100 K version of the technology. Within the last year, several others have been published (7-10), and many other studies have been launched or proposed. Time will tell whether these early reports represent true positives, but the simultaneous publication in Science of two confirmatory studies (11, 12) for the Complement Factor H association with age-related macular degeneration along with the GWA scan has sparked great enthusiasm, and several reports have seemed subsequently confirming the association. However, this finding remains to be confirmed in population-based studies, which may be less vulnerable to selection bias and less weighed towards advanced cases.Is the time really ripe for wholesale adoption of the GWA approach? The cost of the genotyping technology is bound to keep falling over the next few years, and many study design and analysis issues remain to be resolved. Yet, investigators may feel that if they do not hop on this bandwagon before everyone else does, they will be left out. But there simply are not enough resources to fund all eager investigators, even all those with already established and "
https://openalex.org/W4239022722,10.1111/cea.13051,Presented at the 2017 Annual Meeting of the British Society for Allergy and Clinical Immunology,2017,Clinical & Experimental Allergy,"Soares, Patricia; Fidler, Katy; Tavendale, Roger; Turner, Steve; Lipworth, Brian; Bremner, Stephen; Palmer, Colin N. A.; id_orcid 0000-0002-6415-6560; Mukhopadhyay, Somnath","Objectives: Asthma is a chronic respiratory disease, characterised by relapse and remission of symptoms. The Arg16 variant of the ADRB2 gene has been associated with diminished clinical responsiveness to β2‐agonists, and increased risk of asthma exacerbations. The association between this variant and asthma‐related prescribing is unclear. Our hypothesis is that the Arg16 allele is associated with long‐term increased use of prescribed asthma medication. Method: A secondary analysis of BREATHE, a study of gene‐environment associations with asthma severity, was undertaken. BREATHE data were collected on participants with asthma, aged 3‐22 years, between 2003 and 2005, in Tayside and Fife, Scotland. Through collaboration with the Health Informatics Centre in Dundee, BREATHE was linked to several databases: Accident & Emergency, community prescribing and Scottish Morbidity Records (hospital admissions). This linkage allows exploration of associations between genetic variation and prescribing. Data between 2005 and 2013 were analysed using random effects generalised linear models. Results: The analysis was performed on 1009 individuals. Over the 9‐year period, a significant association was found between individuals homozygous for the Arg16 variant and the prescribing of prednisolone (Gly/Arg vs Arg/Arg—Incidence Rate Ratio (IRR): 1.54, 95% CI: 1.06‐2.25; Gly/Gly vs Arg/Arg—IRR: 1.64, 95% CI: 1.12‐2.42). A significant association was also found between the Arg16 variant and prescribing of anti‐leukotriene antagonists (Gly/Gly vs Arg/Arg—IRR: 2.33, 95% CI: 1.06‐5.13) and a combination of long‐acting β2‐agonist and corticosteroids (Gly/Arg vs Arg/Arg—IRR: 2.80, 95% CI: 1.35‐5.81; Gly/Gly vs Arg/Arg—IRR: 3.15, 95% CI: 1.50‐6.63). Over the 9‐year period, children and adults with the Arg/Arg genotype cost more £250 to the NHS than children and adults with the Gly/Gly or Gly/Arg genotype. Conclusions: Homozygous individuals with the Arg/Arg variant are associated with long‐term increased prescribing of asthma medication. Defining subgroups of individuals requiring more medication could help develop targeted management strategies."
https://openalex.org/W2176484374,10.1093/eurpub/ckt126.227,"Traffic-related air pollution as a risk factor for the development of childhood allergic diseases: the “Traffic, Asthma and Genetics” project",2013,European Journal of Public Health,"Elaine Fuertes; Elaina MacIntyre; Erik Melén; Joachim Heinrich; Marjan Kerkhof; Göran Pershagen; Ulrike Gehring; Anita Luba Kozyrskyj; Moira Chan‐Yeung; Michael D Brauer; Chris Carlsten; the ‘Traffic, Asthma and Genetics' Study Group","Background Inter-individual variability in associations between traffic-related air pollution and childhood allergic diseases may be explained by genetics and unexplored gene-environment interactions. We combined previously collected data from two Canadian (CAPPS, SAGE) and four European (BAMSE, PIAMA, GINI, LISA) birth cohorts to examine whether exposure to traffic-related air pollution interacts with a child’s genetic profile to impact the risk of developing childhood asthma, allergic rhinitis and sensitization. Methods Asthma and allergic rhinitis were defined using a parent report of doctor diagnosis or reported symptoms (allergic rhinitis only) at age seven or eight years. Associations between nitrogen dioxide (NO2), particulate matter 2.5 mass, particulate matter 2.5 absorbance and ozone, individually assigned to each child's address at birth, and single nucleotide polymorphisms within the GSTP1 and TNF genes with asthma and the GSTPI, TNF, TLR2 and TLR4 genes with allergic rhinitis and sensitization were examined using logistic regression (total children = 15,299). Interaction terms tested for gene-environment associations. Results Children with at least one rs1138272 or rs1695 minor allele (both in GSTPI; OR: 2.59 [95%CI:1.43-4.68] and OR:1.43 [95%CI: 1.03-1.98] per 10 mg/m3 NO2, respectively) were at increased risk of asthma when exposed to air pollution versus homozygous major allele carries (OR:0.95 [95%CI: 0.68-1.32] and OR:0.82 [95%CI:0.52-1.32] per 10 mg/m3 NO2, respectively). Children carrying at least one minor rs1800629 (TNF; OR:1.19 [95%CI:1.00-1.41]) or rs1927911 (TLR4; OR:1.24 [95%CI:1.01-1.53]) allele were at an increased risk of allergic rhinitis, regardless of TRAP exposure. Conclusions Children with GSTP1 minor alleles constitute a susceptible population at increased risk of asthma associated with air pollution. Children with at least one minor rs1800629 allele (TNF) or one minor rs1927911 allele (TLR4) may be at a higher risk of developing allergic rhinitis by school-age. Key messages Our findings confirm the hypothesis that genetically susceptible subgroups are particularly vulnerable to long-term air pollution exposure. These results have important public health relevance given the large proportion of the population carrying minor alleles associated with increased risk of allergic diseases."
https://openalex.org/W30415289,10.53846/goediss-2573,The Empirical Hierarchical Bayes Approach for Pathway Integration and Gene-Environment Interactions in Genome-Wide Association Studies,2012,,Melanie Sohns,"Complex diseases such as cancer result from a complicated interplay of multiple genetic and environmental factors. To unveil their genetic component, the simple analysis of single-nucleotide polymorphisms (SNP) as done in genome-wide association studies (GWAS) is not sufficient. Complementary approaches considering the complexity of diseases, such as the incorporation of biological pathway information or detection of gene-environment interaction, are necessary. In this thesis we focus on an empirical hierarchical Bayes model proposed for the integration of external information into genome-wide association studies. We use the approach to incorporate biological pathway information and provide a new test for gene environment interaction (GxE) by adapting the method for that purpose. In an application, we furthermore integrate pathway information with GxE interaction effects by two different strategies. The integration of pathway information by the empirical hierarchical Bayes approach in a GWAS for Rheumatoid Arthritis, characterized by an extremely high number of strong association signals, supports the simple single SNP results, while in an application to four lung cancer GWAS it leads to higher consistency of results between the different studies. In both cases, the strength of the pathway integration approach is supported by the biological plausibility of the results. In comprehensive simulation studies, our new empirical hierarchical Bayes approach for GxE interaction outperforms other GxE methods, having high power to identify GxE interactions in the presence of population-based gene-environment associations (G-E). In our real data application to the lung cancer GWAS with smoking as environmental factor, the method leads to similar results as the powerful case-only test, with the latter in general accompanied by false positive results given population-based G-E associations. However, in the particular data sets, no strong G-E association effects with smoking are observed. By additional integration of pathway information with GxE effects, the consistency of results between the studies increases. Due to the biological plausibility of the results, good candidates for further investigations are identified."
https://openalex.org/W4250624705,10.1002/ana.25727,Correction,2020,Annals of Neurology,,"Annals of Neurology reference number: ANA-18-1177. PMID: 30723964. Addition to the end of the Acknowledgements section of the paper. The dataset(s) used for the analyses described in this manuscript were obtained from the Age-Related Eye Disease Study (AREDS) Database found at https://www.nei.nih.gov/research/clinical-trials/age-related-eye-disease-study-areds through dbGaP accession number phs000001.v3.p1. Funding support for AREDS was provided by the National Eye Institute (N01-EY-0-2127). We would like to thank the AREDS participants and the AREDS Research Group for their valuable contribution to this research. The Framingham Heart Study is conducted and supported by the National Heart, Lung, and Blood Institute (NHLBI) in collaboration with Boston University (Contract No. N01-HC-25195 and HHSN268201500001I). This manuscript was not prepared in collaboration with investigators of the Framingham Heart Study and does not necessarily reflect the opinions or views of the Framingham Heart Study, Boston University, or NHLBI. Funding to support the Omni cohort recruitment, retention and examination was provided by NHLBI Contract N01-HC-25195 and HHSN268201500001I, as well as NHLBI grants R01-HL070100, R01-HL076784, R01-HL-49869, and U01-HL-053941.Research support to collect data and develop an application to support this project was provided by 3P50CA093459, 5P50CA097007, 5R01ES011740, and 5R01CA133996. The WHI program is funded by the National Heart, Lung, and Blood Institute, National Institutes of Health, U.S. Department of Health and Human Services through contracts HHSN268201600018C, HHSN268201600001C, HHSN268201600002C, HHSN268201600003C, and HHSN268201600004C. This manuscript was not prepared in collaboration with investigators of the WHI, has not been reviewed and/or approved by the Women's Health Initiative (WHI), and does not necessarily reflect the opinions of the WHI investigators or the NHLBI. Funding support for WHI GARNET was provided through the NHGRI Genomics and Randomized Trials Network (GARNET) (Grant Number U01 HG005152). Assistance with phenotype harmonization and genotype cleaning, as well as with general study coordination, was provided by the GARNET Coordinating Center (U01 HG005157). Assistance with data cleaning was provided by the National Center for Biotechnology Information. Funding support for genotyping, which was performed at the Broad Institute of MIT and Harvard, was provided by the NIH Genes, Environment and Health Initiative [GEI] (U01 HG004424). The datasets used for the analyses described in this manuscript were obtained from dbGaP at http://www.ncbi.nlm.nih.gov/sites/entrez?db=gap through dbGaP accession phs000196, phs000292 phs000372, phs000394, phs000397, phs000428, phs000615, phs000315 and phs000675. The authors acknowledge the contribution of data from Hepatitis C Pathogenesis and the Human Genome supported by 1X01HG005271–01 and R01DA013324 and accessed through dbGAP to the analysis presented in this publi"
https://openalex.org/W4377138784,10.1093/jhered/esad019,Conservation genomics: Current applications and future directions,2023,Journal of Heredity,Kelly Raquel Zamudio,"In October 2021, during a fortuitous lull in the number of covid cases, over 150 masked and vaccinated conservation genomicists met at Snowbird, Utah, for AGA’s 2021 President’s Symposium (https://www.theaga.org/agatwentytwentyone). For many of us, this was our first travel in close to 2 yr and certainly the first attendance of a meeting of this size since the onset of the pandemic. The audience was primed with excitement to survey advances in the field of conservation ­genomics. Throughout 2 d of excellent talks, we explored adaptation to climate change, genetic monitoring and genetic rescue, genomics of disease, and conservation genomics in action. In the last decades, the field of conservation genomics has vastly increased our ability to address pressing questions about threats to biodiversity and to predict the likely outcomes of organisms responding to a changing world (Stefanoudis et al. 2021; Chen et al. 2022; Theissinger et al. 2023). The causes for these rapid advances in our field are many, including the types and amount of data we can now collect from species in the wild, the analytical advances that allow us to query responses at the scale of entire genomes, and the integration of data from different sources (e.g. environmental, historical, demographic) with genomic datasets to better inform conservation. These themes repeatedly emerged throughout the symposium talks and contributed papers and highlight how the synergy between them has so quickly moved conservation genetics from an established discipline focused on genetic variation to a new field of conservation genomics—one that aims to predict organismal responses to global change and propose management responses in that framework (Hogg et al. 2022; Andrews et al. 2023; Meek et al. 2023). More data bring increased precision in our ability to characterize neutral and adaptive genetic variation, as well as fine-scale and often previously undetected population structure and isolation by distance (IBD), even in continuously distributed and highly mobile species. Turbek et al. (2023) examined how these fine-scale patterns influence the designation of conservation units in highly mobile taxa; they then proposed a workflow that accounts for this underlying variation while still harnessing the power of genomic scale data based on neutral and adaptive variation for defining management units. A second obvious change in our field is the data types we now use to predict how organisms respond to multiple stressors. Functional genomic studies, which examine responses through gene expression, are becoming more common as we identify particular stressors and their impact on organismal performance. We can now ask whether increases or decreases in the expression of genes might underlie specific responses to stressors, giving us entirely new mechanistic expectations when organisms are challenged. In an elegant experimental study, Rivera et al. (2023) use the heterotrophic coral Oculina arbuscula to de"
https://openalex.org/W2780602411,10.1183/1393003.congress-2017.pa4148,Homozygosity for the FCER2 gene is associated with an increased use of leukotriene receptor antagonists,2017,,Patricia Danielle Feitosa Lopes Soares; Katy Fidler; Roger Tavendale; Stephen A. Bremner; Colin N.A. Palmer; Somnath Mukhopadhyay,"Introduction: Asthma is a chronic respiratory disease characterised by hypersensitive airways. A polymorphism in the FCER2 gene has been shown to be associated with asthma-related hospitalisations and uncontrolled asthma in children treated with inhaled corticosteroids. However, the role of this variant on prescribing is unclear. Objectives: The aim of this study was to investigate the role of the FCER2 rs28364072 variant on healthcare utilisation. Methods: A secondary analysis of BREATHE, a cross-sectional study of gene-environment associations with asthma severity was undertaken. Data were collected on participants with asthma, aged 3-22 years, between 2003 and 2005, in Tayside and Fife, Scotland. Collaboration with the Health Informatics Centre, Dundee, enabled BREATHE to be linked to 9 years9 routine data: accident & emergency, community prescribing and hospital admissions. Associations between genetic variation and prescribing were explored. Data were analysed using generalised linear models with random effects for participants. Results: Data on 949 individuals was analysed. A significant association was found between the homozygous variant in the FCER2 gene and prescribing of leukotriene receptor antagonists (AA vs. aa - IRR: 3.85, 95% CI: 1.43-10.34; Aa vs. aa - IRR: 4.96, 95% CI: 1.77-13.86). No association was found with asthma exacerbations, inhaled corticosteroids or long-acting β2-agonists prescribing, separate or combined. Conclusion: Individuals homozygous for the rs28364072 variant have a greater risk of long-term prescribing of leukotriene receptor antagonists, which may result from poorer asthma control when these children are treated with inhaled corticosteroids."
https://openalex.org/W4301251506,10.17615/e70t-ax35,Phenotype harmonization and cross-study collaboration in GWAS consortia: the GENEVA experience,2020,Carolina Digital Repository (University of North Carolina at Chapel Hill),Arpana Agrawal; Gerardo M HEISS; Kristine R. Monroe; Neil E. Caporaso; John A. Heit; Steven J. Kittner; Nadia N. Hansel; Jenna I. Udren; Kathleen C. Barnes; Siiri Bennett; Jae Hee Kang; Mary L. Marazita,"Genome-wide association study (GWAS) consortia and collaborations formed to detect genetic loci for common phenotypes or investigate gene-environment (G*E) interactions are increasingly common. While these consortia effectively increase sample size, phenotype heterogeneity across studies represents a major obstacle that limits successful identification of these associations. Investigators are faced with the challenge of how to harmonize previously collected phenotype data obtained using different data collection instruments which cover topics in varying degrees of detail and over diverse time frames. This process has not been described in detail. We describe here some of the strategies and pitfalls associated with combining phenotype data from varying studies. Using the Gene Environment Association Studies (GENEVA) multi-site GWAS consortium as an example, this paper provides an illustration to guide GWAS consortia through the process of phenotype harmonization and describes key issues that arise when sharing data across disparate studies. GENEVA is unusual in the diversity of disease endpoints and so the issues it faces as its participating studies share data will be informative for many collaborations. Phenotype harmonization requires identifying common phenotypes, determining the feasibility of cross-study analysis for each, preparing common definitions, and applying appropriate algorithms. Other issues to be considered include genotyping timeframes, coordination of parallel efforts by other collaborative groups, analytic approaches, and imputation of genotype data. GENEVA's harmonization efforts and policy of promoting data sharing and collaboration, not only within GENEVA but also with outside collaborations, can provide important guidance to ongoing and new consortia."
https://openalex.org/W180551618,,Bayesian Modeling for Environmental Association and Gene-Environment Interaction Under Complex Epidemiologic Study Designs.,2013,Deep Blue (University of Michigan),Shi Li,"There has been substantial interest in characterizing the joint effects of genetic and environmental factors on disease risk. The first two projects in this dissertation focus on developing novel statistical methods for characterizing effects of environmental exposures on health outcomes under complex study designs. The other two projects evolve around the theme of meta-analysis of gene-environment interactions (GEI) and illustrate how environmental heterogeneity and varying degrees of gene-environment association across studies could influence the characteristics of several meta-analysis approaches. New data-adaptive shrinkage approaches for meta-analysis of interaction effects are proposed. In project 1, a point source distance-odds model for characterizing exposure effects on disease sub-types under a matched case-control design is considered, where Bayesian methods appear to have advantages in terms of estimation stability, precision and interpretation over frequentist alternatives. Bayesian analysis of data collected under case-crossover designs is considered in project 2. Bayesian equivalence between case-crossover and time-series analysis is first studied, and a full likelihood-based approach that makes less restrictive assumptions on the disease risk model is subsequently introduced. The proposed methods are applied to an asthma study, where risk of asthma events is found to be associated with distance to major roads (project 1) and ambient levels of fine particulate matters (project 2). In project 3, the problem of meta-analysis of GEI is considered. An adaptively-weighted-estimator that combines meta-analysis and meta-regression estimates of the interaction parameter is proposed. This approach has reduced mean squared error across a spectrum of scenarios. In project 4, the work of project 3 is extended to case-control studies. This project focuses on exploiting gene-environment independence assumption in a study-specific way while conducting meta-analysis of GEI. An empirical Bayes inferential framework that can incorporate uncertainty around the independence assumption by borrowing strength across studies is developed. The proposed class of shrinkage estimators outperforms simpler alternatives that do not incorporate study-specific heterogeneity around the independence assumption. The methods are illustrated by using data investigating type 2 diabetes. Meta-analysis of interactions between SNP on the FTO gene and body mass index reveal some suggestive evidence of interaction in this example."
https://openalex.org/W2520359018,10.25549/usctheses-m226,Genetic association studies of age-related macular degeneration from candidate gene to whole genome,2015,University of Southern California Digital Library,Nicole Tedeschi‐Blok,"Recent evidence, in Caucasian populations, implicates several complement genes and tightly linked genes at chromosomal region 10q26 as major genetic contributors of AMD. The complex nature of AMD etiology may likely explain inconsistencies in findings across studies. The Los Angeles Latino Eye Study (LALES), the largest population-based study of eye disease in any racial/ethnic group in the U.S., was used to study genetic factors with AMD in Latinos in the present association studies. Using a candidate gene association study, the Tyr402His polymorphism of complement factor H (CFH) was associated with bilateral, but not unilateral, early AMD phenotype. In a separate association study using the LALES case-control population, both CFH Tyr402His and manganese superoxide dismutase (MnSOD) Ala16Val polymorphisms were simultaneously considered with early AMD. Present results suggest that CFH and MnSOD may play dependent roles in early AMD, especially in susceptibility to AMD with pigmentary abnormalities. Using a whole genome association study with over 600,000 single nucleotide polymorphisms (SNPs), four tightly linked SNPs located in a previously implicated chromosomal region, 1q25, were significantly associated with bilateral early AMD (p [less than or equal to] 0.005, Bonferoni adjusted). These associated SNPs reside in the gene for Astrotactin (ASTN), which translates an important neuronal cell-adhesion molecule responsible for glial-guided migration of neurons. A biological role for ASTN in AMD is a novel hypothesis that warrants further study. In addition, association studies that account for interactions between genes and environment are ultimately important to fully understand the complex etiology of AMD. This dissertation also proposes a large whole genome gene-environment association study using high SNP-density and assessment of smoking, sunlight, and diet in two independent and ethnically distinct populations."
https://openalex.org/W7213576615,10.60645/bdc-r535-pb84,Genome-Wide associations of Lung Health Study (LHS),2026,NHLBI BioData Catalyst,Kathleen Barnes,"The 'Genome-Wide Associations Environmental Interactions in the Lung Health Study' at Johns Hopkins University aims to test for association between lung function decline as a primary outcome associated with chronic obstructive pulmonary disease (COPD) using banked DNA and phenotype data on 4,287 European Americans from the longitudinal, multicenter Lung Health Study (LHS). The broad goals of the LungGO/ESP-GO falls into two general categories: (i) discovery of all variants (i.e., common and rare) in all protein-coding regions of the human genome (i.e., the exome) conferring risk to complex pulmonary diseases including COPD, in a subset of the LHS cohort. The Johns Hopkins University LHS cohort offers a unique opportunity to elucidate genetic variants that cause COPD. The Lung Health Study I was a randomized multicenter clinical trial with 5887 participants carried out from October 1986 to April 1994, designed to test the effectiveness of smoking cessation and bronchodilator administration in smokers aged 35 to 60 with mild lung function impairment. Participants were randomly assigned to one of three groups: - usual care, who received no intervention - smoking intervention with the inhaled bronchodilator ipratroprium bromide - smoking intervention with an inhaled placebo. The effect of intervention was evaluated by the rate of decline of forced expiratory volume in one second (FEV1). For the GWAS, only the subset of European American LHS participants for whom lung function data from three time points or more are available. Thus, the GWAS represents 73% of the 5,887 volunteers who participated in the LHS study. Importantly, LHS subjects included had similar demographics (including age, gender and BMI) and rates of lung function decline (mean annual change in FEV1% predicted: -0.96 %/yr vs. -0.99 %/yr, p=0.57) compared with those not included in the GWAS, reflecting little selection bias for our primary outcome. They were, however, more likely to have quit smoking after 5 years. This study is part of the Gene Environment Association Studies initiative (GENEVA, [http://www.genevastudy.org](http://www.genevastudy.org)) funded by the trans-NIH Genes, Environment, and Health Initiative (GEI). The overarching goal is to identify novel genetic factors that contribute to lung function through large-scale genome-wide association studies of smokers enrolled in a multicenter clinical trial. Genotyping was performed at the Johns Hopkins University Center for Inherited Disease Research (CIDR). Data cleaning and harmonization were done at the GEI-funded GENEVA Coordinating Center at the University of Washington."
https://openalex.org/W2240074928,10.1161/str.43.suppl_1.a189,Abstract 189: Analysis of Hypertension Associated Genetic Variants in Stroke Cases and Controls,2012,Stroke,Bradford B. Worrall; Fang Chen; Wei‐Min Chen; Fang‐Chi Hsu; Andrew M. Southerland; James F. Meschia; Pankaj Sharma; Michael A. Nalls; Robert D. Brown; Thomas G. Brott; John Hardy; Andrew  B. Singleton,"BACKGROUND: Recent genome-wide association studies (GWAS) have identified a number of novel SNPs associated with blood pressure and hypertension-related traits although studies were very large (approaching 80K participants) and effect sizes were modest with per allele effect sizes as small variants as a single millimeter of mercury difference in blood pressure. However, because hypertension is the most potent modifiable risk factor for ischemic stroke, lowering blood pressure by a few mm Hg can translate into measurable decrease in stroke risk. METHODS: We investigated 22 hypertension (HTN) associated SNPs in a case-control analysis of ischemic stroke in multiple stroke studies including the Siblings With Ischemic Stroke Study (SWISS), the Ischemic Stroke Genetics Study (ISGS), the Bio-Repository of DNA in Stroke (BRAINS), the Vitamin Intervention for Stroke Prevention (VISP) trial, and the Women's Health Initiative (WHI). SWISS/ISGS/BRAINS were analyzed together and included subtype information. Genotyping was funded through the individual studies, the Genomics and Randomized Trials Network (GARNET) consortium, and the SHARe (SNP Health Association Resource). All studies had both raw and imputed GWAS data. Analyses included the following phenotypes: all ischemic stroke, stroke subtypes, and age-at-stroke-onset and were stratified by race. Analyses were minimally adjusted for age, sex and principal components 1 & 2. Alpha was set at 0.05. RESULTS: Eleven of the SNPs from the HTN GWAS were associated with ischemic stroke in European ancestry from one or more of the study populations. Two SNPs on chromosome 12 and one on chromosome 21 were associated in multiple European ancestry cohorts. No SNP was associated in all studies. A SNP previously associated with HTN in African ancestry populations was associated with stroke in African-Americans. Analysis of subtypes found associations with small vessel disease and cardioembolic stroke but not large artery disease. The case-only age-at-stroke-onset analysis also found associations for the two SNPs on chromosome 12. CONCLUSION: These data suggest that candidate SNPs from a HTN GWAS may be associated with ischemic stroke and warrant further investigation. Racial differences were observed. Replication in populations from the other SiGN (Stroke Genetics Network), GENEVA (Gene Environment Association Studies) consortium, and the ISGC (International Stroke Genetics Consortium) studies are underway."
https://openalex.org/W2273698409,10.17615/8z3p-d176,"The case-only method for gene-environment interaction studies: the independence assumption illustrated with empirical data from the published literature and two population-based control groups, the Carolina Breast Cancer Study and the North Carolina Colon Cancer Study",2019,Carolina Digital Repository (University of North Carolina at Chapel Hill),M. Elizabeth Hodgson,"Gene-environment interaction in the etiology of disease is a topic of on-going interest. While there has been increasing use of the case-only study design to investigate gene-environment interaction in cancer, as well as other disease areas, concerns about the underlying assumption that the genetic and environmental exposures are independent in the underlying population (the independence assumption) have not been adequately addressed. The case-only study design requires only cases, no population controls or cohort, to estimate statistical interaction. This design has obvious cost advantages, as well as some methodological and ethical advantages. However, for results to be valid the independence assumption must be met. There has been little investigation into the frequency and magnitude of independence assumption violation for DNA repair genes and smoking, an interaction of particular interest in cancer. Nor have optimal methods for validating the independence assumption received much attention. Empirical data of two types were used to evaluate the independence assumption for selected genetic variants and smoking behavior. A systematic review of the literature identified 55 studies that presented the joint distribution of smoking and SNPs in 3 DNA repair genes (XRCC1 Arg399Gln, Arg194Trp, or Arg280His, XPD Lys751Gln, and Asp312Asn, and XRCC3 Thr241Met). Measures of smoking were ever/never smoking, current/not current smoker, duration of smoking (20 years), intensity (1 pack/day), and pack-years (35 pack-years). The odds ratio for SNP-smoking association in controls (ORz) was used to estimate the gene-environment association in the underlying population. Results showed that ORz was not reliably null for any of the SNP-smoking combinations. Studies with XRCC1 399 / ever-never smoking and XPD 751 / pack-years were too heterogeneous for summary estimates [ranges, ORz (95% confidence interval (CI)): 0.7 (0.4, 1.2) - 1.9 (1.2, 2.8) and 0.8 (0.5, 1.3) - 2.3 (0.8, 6.1), respectively). In addition, estimates for studies considered homogeneous (Cochran's Q p-value <0.10) varied 2- to 5-fold within meta-analysis. No study characteristics were identified that could explain heterogeneity. Data from two population-based control groups, the Carolina Breast Cancer Study and the North Carolina Colon Cancer Study, were used to evaluate the independence assumption for smoking and a panel of eight metabolic and 26 DNA repair genes plausibly related to smoking behavior. ORz was not consistent across smoking measures precluding the use of one smoking measure (e.g. ever-never) as a substitute for evaluating other measures such as duration and dose. In particular, results for smoking status were most often near the null, while measures of smoking amount for the same SNPs were of sufficient magnitude to cause appreciable bias in the case-only estimates (ORz=1.4) approximately half of the time. There were no strong patterns of the magnitude or direction of ORz differing by"
https://openalex.org/W2586420102,10.1016/j.ajhg.2013.05.013,Rare Copy Number Variants Disrupt Genes Regulating Vascular Smooth Muscle Cell Adhesion and Contractility in Sporadic Thoracic Aortic Aneurysms and Dissections,2013,The American Journal of Human Genetics,Siddharth K. Prakash; Scott A. LeMaire; Dongchuan Guo; Ludivine Russell; Ellen S. Regalado; Hossein Golabbakhsh; Ralph Jay Johnson; Hazim J. Safi; Anthony L. Estrera; Joseph Stapleton Coselli; Molly S. Bray; Suzanne M. Leal,
https://openalex.org/W4321004472,10.1093/molbev/msad036,Putative Signals of Generalist Plant Species Adaptation to Local Pollinator Communities and Abiotic Factors,2023,Molecular Biology and Evolution,Léa Frachon; Luca Arrigo; Quint Rusman; Lucy Poveda; Weihong Qi; Giovanni Scopece; Florian P. Schiestl,"The reproductive success of flowering plants with generalized pollination systems is influenced by interactions with a diverse pollinator community and abiotic factors. However, knowledge about the adaptative potential of plants to complex ecological networks and the underlying genetic mechanisms is still limited. Based on a pool-sequencing approach of 21 natural populations of Brassica incana in Southern Italy, we combined a genome-environmental association analysis with a genome scan for signals of population genomic differentiation to discover genetic variants associated with the ecological variation. We identified genomic regions putatively involved in the adaptation of B. incana to the identity of local pollinator functional categories and pollinator community composition. Interestingly, we observed several shared candidate genes associated with long-tongue bees, soil texture, and temperature variation. We established a genomic map of potential generalist flowering plant local adaptation to complex biotic interactions, and the importance of considering multiple environmental factors to describe the adaptive landscape of plant populations."
https://openalex.org/W4386703791,10.1111/mec.17125,"Whole genome analyses reveal weak signatures of population structure and environmentally associated local adaptation in an important North American pollinator, the bumble bee Bombus vosnesenskii",2023,Molecular Ecology,Sam D. Heraghty; Jason M. Jackson; Jeffrey D. Lozier,"Studies of species that experience environmental heterogeneity across their distributions have become an important tool for understanding mechanisms of adaptation and predicting responses to climate change. We examine population structure, demographic history and environmentally associated genomic variation in Bombus vosnesenskii, a common bumble bee in the western USA, using whole genome resequencing of populations distributed across a broad range of latitudes and elevations. We find that B. vosnesenskii exhibits minimal population structure and weak isolation by distance, confirming results from previous studies using other molecular marker types. Similarly, demographic analyses with Sequentially Markovian Coalescent models suggest that minimal population structure may have persisted since the last interglacial period, with genomes from different parts of the species range showing similar historical effective population size trajectories and relatively small fluctuations through time. Redundancy analysis revealed a small amount of genomic variation explained by bioclimatic variables. Environmental association analysis with latent factor mixed modelling (LFMM2) identified few outlier loci that were sparsely distributed throughout the genome and although a few putative signatures of selective sweeps were identified, none encompassed particularly large numbers of loci. Some outlier loci were in genes with known regulatory relationships, suggesting the possibility of weak selection, although compared with other species examined with similar approaches, evidence for extensive local adaptation signatures in the genome was relatively weak. Overall, results indicate B. vosnesenskii is an example of a generalist with a high degree of flexibility in its environmental requirements that may ultimately benefit the species under periods of climate change."
https://openalex.org/W2769822856,10.1016/j.ijpara.2017.07.010,Evolutionary epidemiology of schistosomiasis: linking parasite genetics with disease phenotype in humans,2017,International Journal for Parasitology,Tine Huyse; NELE A. M. BOON; Frederik Van den Broeck; Moustapha Mbow; Anurag Chaturvedi; Lynn Meurs; FILIP A. M. VOLCKAERT; Katja Polman,
https://openalex.org/W4323568120,10.1101/2023.03.06.531366,"Whole genome analyses reveal weak signatures of population structure and environmentally associated local adaptation in an important North American pollinator, the bumble bee Bombus vosnesenskii",2023,bioRxiv (Cold Spring Harbor Laboratory),Sam D. Heraghty; Jason M. Jackson; Jeffrey D. Lozier,"Abstract Studies of species that experience environmental heterogeneity across their distributions have become an important tool for understanding mechanisms of adaptation and predicting responses to climate change. We examine population structure, demographic history, and environmentally associated genomic variation in Bombus vosnesenskii , a common bumble bee in the western U.S.A., using whole genome resequencing of populations distributed across a broad range of latitudes and elevations. We find that B. vosnesenskii exhibits minimal population structure and weak isolation by distance, confirming results from previous studies using other molecular marker types. Similarly, demographic analyses with Sequentially Markovian Coalescent (SMC) models suggest that minimal population structure may have persisted since the last interglacial period, with genomes from different parts of the species range showing similar historical effective population size ( N e ) trajectories and relatively small fluctuations through time. Redundancy analysis revealed a small amount of genomic variation explained by bioclimatic variables, and environmental association analysis with latent factor mixed modeling (LFMM2) identified few outlier loci that were sparsely distributed throughout the genome. Some outlier loci were in genes with known regulatory relationships, suggesting the possibility of weak selection, although compared to other species examined with similar approaches, evidence for extensive local adaptation signatures in the genome was relatively weak. Overall, results indicate Bombus vosnesenskii is an example of a generalist with a high degree of flexibility in its environmental requirements that may ultimately benefit the species under periods of climate change."
https://openalex.org/W1828054788,10.1111/j.1365-294x.2011.05225.x,Genome-wide association analysis of clinical vs. nonclinical origin provides insights into Saccharomyces cerevisiae pathogenesis,2011,Molecular Ecology,Ludo A. H. Muller; Joseph E. Lucas; D. Ryan Georgianna; John H. McCusker,"Because domesticated Saccharomyces cerevisiae strains have been used to produce fermented food and beverages for centuries without apparent health implications, S. cerevisiae has always been considered a Generally Recognized As Safe (GRAS) microorganism. However, the number of reported mucosal and systemic S. cerevisiae infections in the human population has increased and fatal infections have occurred even in relatively healthy individuals. In order to gain insight into the pathogenesis of S. cerevisiae and improve our understanding of the emergence of fungal pathogens, we performed a population-based genome-wide environmental association analysis of clinical vs. nonclinical origin in S. cerevisiae. Using tiling array-based, high-density genotypes of 44 clinical and 44 nonclinical S. cerevisiae strains from diverse geographical origins and source substrates, we identified several genetic loci associated with clinical background in S. cerevisiae. Associated polymorphisms within the coding sequences of VRP1, KIC1, SBE22 and PDR5, and the 5' upstream region of YGR146C indicate the importance of pseudohyphal formation, robust cell wall maintenance and cellular detoxification for S. cerevisiae pathogenesis, and constitute good candidates for follow-up verification of virulence and virulence-related factors underlying the pathogenicity of S. cerevisiae."
https://openalex.org/W4388982255,10.1111/1755-0998.13905,Pan‐genome analysis highlights the role of structural variation in the evolution and environmental adaptation of Asian honeybees,2023,Molecular Ecology Resources,Li Yancan; Jun Yao; Huiling Sang; Quangui Wang; Long Su; Xiaomeng Zhao; Zhenyu Xia; Feiran Wang; Kai Wang; Delong Lou; Guizhi Wang; Robert Michael Waterhouse,"The Asian honeybee, Apis cerana, is an ecologically and economically important pollinator. Mapping its genetic variation is key to understanding population-level health, histories and potential capacities to respond to environmental changes. However, most efforts to date were focused on single nucleotide polymorphisms (SNPs) based on a single reference genome, thereby ignoring larger scale genomic variation. We employed long-read sequencing technologies to generate a chromosome-scale reference genome for the ancestral group of A. cerana. Integrating this with 525 resequencing data sets, we constructed the first pan-genome of A. cerana, encompassing almost the entire gene content. We found that 31.32% of genes in the pan-genome were variably present across populations, providing a broad gene pool for environmental adaptation. We identified and characterized structural variations (SVs) and found that they were not closely linked with SNP distributions; however, the formation of SVs was closely associated with transposable elements. Furthermore, phylogenetic analysis using SVs revealed a novel A. cerana ecological group not recoverable from the SNP data. Performing environmental association analysis identified a total of 44 SVs likely to be associated with environmental adaptation. Verification and analysis of one of these, a 330 bp deletion in the Atpalpha gene, indicated that this SV may promote the cold adaptation of A. cerana by altering gene expression. Taken together, our study demonstrates the feasibility and utility of applying pan-genome approaches to map and explore genetic feature variations of honeybee populations, and in particular to examine the role of SVs in the evolution and environmental adaptation of A. cerana."
https://openalex.org/W4385326164,10.1371/journal.pntd.0011486,Genetic differentiation among Aedes aegypti populations from different eco-geographical zones of India,2023,PLoS neglected tropical diseases,Melveettil Kishor Sumitha; Mariapillai Kalimuthu; Mayandi Senthil Kumar; Rajaiah Paramasivan; Narendran Pradeep Kumar; Ittoop Pulikkottil Sunish; Thiruppathi Balaji; Devojit Kumar Sarma; Devendra Kumar; Devi Shankar Suman; Hemlata Srivastava; Ipsita Pal Bhowmick,"The present study explicitly evaluated the genetic structure of Aedes aegypti Linn, the vector of dengue, chikungunya, and Zika viruses, across different geo-climatic zones of India and also elucidated the impact of ecological and topographic factors. After data quality checks and removal of samples with excess null alleles, the final analysis was performed on 589 individual samples using 10 microsatellite markers. Overall findings of this study suggested that, Ae. aegypti populations are highly diverse with moderate genetic differentiation between them. Around half of the populations (13 out of 22) formed two genetic clusters roughly associated with geographical regions. The remaining nine populations shared genetic ancestries with either one or both of the clusters. A significant relationship between genetic and geographic distance was observed, indicating isolation by distance. However, spatial autocorrelation analysis predicted the signs of long-distance admixture. Post-hoc environmental association analysis showed that 52.7% of genetic variations were explained by a combination of climatic and topographic factors, with latitude and temperature being the best predictors. This study indicated that though overall genetic differentiation among Ae. aegypti populations across India is moderate (Fst = 0.099), the differences between the populations are developing due to the factors associated with geographic locations. This study improves the understanding of the Ae. aegypti population structure in India that may assist in predicting mosquito movements across the geo-climatic zones, enabling effective control strategies and assessing the risk of disease transmission."
https://openalex.org/W4407181033,10.3389/fmicb.2025.1502898,Dietary and environmental factors affecting the dynamics of the gut bacteria in Tibetan Awang sheep (Ovis aries) across divergent breeding models,2025,Frontiers in Microbiology,Yuhao Wang; Xin‐ping Wang; Yirong Wang; Songyu Liao; Zhaxi Pubu; Jiangcuo Silang; Lixu Chai; Siyue Zhao,"Introduction Tibetan Awang sheep ( Ovis aries ), indigenous to the Qinghai-Tibet Plateau, are highly adapted to high-altitude environment. However, knowledge regarding their gut bacterial composition remains limited. Methods A comprehensive 16S rRNA highthroughput sequencing was performed on fecal samples from 15 Awang sheep under pure grazing, semi-captivity, and full captivity breeding models. Results Our results revealed that Firmicutes and Bacteroidetes were the most abundant bacterial phyla, while Christensenellaceae_R-7_group , Romboutsia , Rikenellaceae_RC9_gut_group , Ruminococcus , and Bacteroides were prevalent genera in the gut microbiota of Awang sheep. Meanwhile, the predominant presence of Bacteroides with increasing altitude of breeding locations indirectly demonstrates its crucial role in mediating energy acquisition among Awang sheep at high altitudes. Furthermore, PCoA and ANOSIM analysis exhibited significant differences in bacterial composition across all breeding models ( r > 0.6, p < 0.001). Christensenellaceae_R-7_group , Romboutsia , and Ruminococcus were significantly abundant in the pure grazing breeding model, while Rikenellaceae_RC9_gut_group and Bacteroides were more abundant in the semi-captivity breeding model. An abnormally high abundance of Acinetobacter indicated a potential risk of Acinetobacter infection in the fully captive group. The environmental association analysis exhibited that meadows diet ( R 2 = 0.938, Pr[>r] = 0.001) and altitude ( R 2 = 0.892, Pr[>r] = 0.001) had significant effects on the dominant genera, explaining a substantial proportion of the total variation in community composition. Discussion Our study indicated that breeding conditions significantly impact the gut microbiota of Awang sheep. The environmental association analysis underscores the importance of diet and altitude in shaping the gut microbiota of Awang sheep. The present findings provide insights into the microbiota dynamics of Awang sheep and offer guidance for their scientific husbandry management."
https://openalex.org/W4290039665,10.1101/2022.08.05.502924,Genomic local adaptation of a generalist plant species to pollinator communities and abiotic factors,2022,bioRxiv (Cold Spring Harbor Laboratory),Léa Frachon; Luca Arrigo; Quint Rusman; L. Poveda; Weihong Qi; Giovanni Scopece; Florian P. Schiestl,"Abstract The reproductive success of generalist flowering plants is influenced by a complex ecological network that includes interactions with a diverse pollinator community and abiotic factors. However, knowledge about of the adaptative potential of plants to complex ecological networks and the underlying genetic mechanisms is still limited. Based on a pool-sequencing approach of 21 natural populations of Brassica incana in Southern Italy, we combined a genome-environmental association analysis with a genome scan for signature of selection to discover genetic variants associated with ecological variation. We demonstrated that B. incana is locally adapted both to the identity of functional categories and overall pollinator interactions. Interestingly, we observed only few shared candidate genes associated with long-tongue bees, soil texture, and temperature variation. Our results highlight the genomic architecture of generalist flowering plant adaptation to complex biotic interactions, and the importance of considering multiple environmental factors to describe the adaptive landscape of plant populations."
https://openalex.org/W4382050392,10.22541/au.168779937.78985316/v1,Pan-genome analysis highlights the role of structural variation in the evolution and environmental adaptation of Asian honeybees,2023,,Li Yancan; Jun Yao; Huiling Sang; Quangui Wang; Long Su; Xiaomeng Zhao; Zhenyu Xia; Feiran Wang; Kai Wang; Delong Lou; Guizhi Wang; Robert Michael Waterhouse,"The Asian honeybee, Apis cerana, is an ecologically and economically important pollinator. Mapping its genetic variation is key to understanding population-level health, histories, and potential capacities to respond to environmental changes. However, most efforts to date were focused on single nucleotide polymorphisms (SNPs) based on a single reference genome, thereby ignoring larger-scale genomic variation. We employed long-read sequencing technologies to generate a chromosome-scale reference genome for the ancestral group of A. cerana. Integrating this with 525 resequencing datasets, we constructed the first pan-genome of A. cerana, encompassing almost the entire gene content. We found that 31.32% of genes in the pan-genome were variably present across populations, providing a broad gene pool for environmental adaptation. We identified and characterized structural variations (SVs) and found that they were not closely linked with SNP distributions, however, the formation of SVs was closely associated with transposable elements. Furthermore, phylogenetic analysis using SVs revealed a novel A. cerana ecological group not recoverable from the SNP data. Performing environmental association analysis identified a total of 44 SVs likely to be associated with environmental adaptation. Verification and analysis of one of these, a 330 bp deletion in the Atpalpha gene, indicated that this SV may promote the cold adaptation of A. cerana by altering gene expression. Taken together, our study demonstrates the feasibility and utility of applying pan-genome approaches to map and explore genetic feature variations of honeybee populations, and in particular to examine the role of SVs in the evolution and environmental adaptation of A. cerana."
https://openalex.org/W4401321234,10.2139/ssrn.4916719,Dietary and Environmental Factors Affecting the Dynamics of the Gut Bacteria in Tibetan Awang Sheep (Ovis Aries) Across Divergent Breeding Models,2024,SSRN Electronic Journal,Siyue Zhao; Yuhao Wang; Xin‐ping Wang; Fanli Kong; Yirong Wang; Ghulam  Raza Mustafa; Zihan Zhao; Songyu Liao; Jiangcuo Silang; Zhaxi Pubu; Lixu Chai; Ying Cao,
https://openalex.org/W4380762632,10.1101/2023.06.15.545041,Pan-genome analysis highlights the role of structural variation in the evolution and environmental adaptation of Asian honeybees,2023,bioRxiv (Cold Spring Harbor Laboratory),Li Yancan; Jun Yao; Huiling Sang; Quangui Wang; Long Su; Xiaomeng Zhao; Zhenyu Xia; Feiran Wang; Kai Wang; Delong Lou; Guizhi Wang; Robert Michael Waterhouse,"Abstract The Asian honeybee, Apis cerana , is an ecologically and economically important pollinator. Mapping its genetic variation is key to understanding population-level health, histories, and potential capacities to respond to environmental changes. However, most efforts to date were focused on single nucleotide polymorphisms (SNPs) based on a single reference genome, thereby ignoring larger-scale genomic variation. We employed long-read sequencing technologies to generate a chromosome-scale reference genome for the ancestral group of A. cerana . Integrating this with 525 resequencing datasets, we constructed the first pan-genome of A. cerana , encompassing almost the entire gene content. We found that 31.32% of genes in the pan-genome were variably present across populations, providing a broad gene pool for environmental adaptation. We identified and characterized structural variations (SVs) and found that they were not closely linked with SNP distributions, however, the formation of SVs was closely associated with transposable elements. Furthermore, phylogenetic analysis using SVs revealed a novel A. cerana ecological group not recoverable from the SNP data. Performing environmental association analysis identified a total of 44 SVs likely to be associated with environmental adaptation. Verification and analysis of one of these, a 330 bp deletion in the Atpalpha gene, indicated that this SV may promote the cold adaptation of A. cerana by altering gene expression. Taken together, our study demonstrates the feasibility and utility of applying pan-genome approaches to map and explore genetic feature variations of honeybee populations, and in particular to examine the role of SVs in the evolution and environmental adaptation of A. cerana ."
