"Authors","Author full names","Author(s) ID","Title","Year","Source title","Volume","Issue","Art. No.","Page start","Page end","Cited by","DOI","Link","Document Type","Publication Stage","Open Access","Source","EID"
"González-Ramírez I.S.; Song M.J.; Mehlferber E.C.; Mishler B.D.","González-Ramírez, Ixchel S. (56901144100); Song, Michael J. (57190260580); Mehlferber, Elijah C. (56520224800); Mishler, Brent D. (6601958116)","56901144100; 57190260580; 56520224800; 6601958116","Off-target metagenomics: Leveraging whole genome sequencing to study the bacteriome of the liverwort Calasterella californica","2026","Applications in Plant Sciences","14","3","e70064","","","1","10.1002/aps3.70064","https://www.scopus.com/pages/publications/105041932744?origin=resultslist","Article","Final","All Open Access; Gold Open Access; Green Open Access","Scopus","2-s2.0-105041932744"
"Zohdy S.; Schwartz T.S.; Oaks J.R.","Zohdy, Sarah (36731932400); Schwartz, Tonia S. (7203078125); Oaks, Jamie R. (35995928600)","36731932400; 7203078125; 35995928600","The Coevolution Effect as a Driver of Spillover","2019","Trends in Parasitology","35","6","","399","408","53","10.1016/j.pt.2019.03.010","https://www.scopus.com/pages/publications/85064892176?origin=resultslist","Review","Final","All Open Access; Bronze Open Access","Scopus","2-s2.0-85064892176"
"Isabel N.; Holliday J.A.; Aitken S.N.","Isabel, Nathalie (56004660100); Holliday, Jason A. (23968732300); Aitken, Sally N. (7005587596)","56004660100; 23968732300; 7005587596","Forest genomics: Advancing climate adaptation, forest health, productivity, and conservation","2020","Evolutionary Applications","13","1","","3","10","122","10.1111/eva.12902","https://www.scopus.com/pages/publications/85077153797?origin=resultslist","Article","Final","All Open Access; Gold Open Access; Green Open Access","Scopus","2-s2.0-85077153797"
"Samake J.N.; Lavretsky P.; Gunarathna I.; Follis M.; Brown J.I.; Ali S.; Yared S.; Carter T.E.","Samake, Jeanne N. (57223892536); Lavretsky, Philip (55853861600); Gunarathna, Isuru (57219895399); Follis, Madison (58634974800); Brown, Joshua I. (57213605058); Ali, Said (57788575900); Yared, Solomon (56274728200); Carter, Tamar E. (35236046700)","57223892536; 55853861600; 57219895399; 58634974800; 57213605058; 57788575900; 56274728200; 35236046700","Population genomic analyses reveal population structure and major hubs of invasive Anopheles stephensi in the Horn of Africa","2023","Molecular Ecology","32","21","","5695","5708","14","10.1111/mec.17136","https://www.scopus.com/pages/publications/85173474928?origin=resultslist","Article","Final","All Open Access; Green Open Access; Hybrid Gold Open Access","Scopus","2-s2.0-85173474928"
"Garroway C.J.; Radersma R.; Sepil I.; Santure A.W.; De Cauwer I.; Slate J.; Sheldon B.C.","Garroway, Colin J. (9633502500); Radersma, Reinder (25823381200); Sepil, Irem (23096274600); Santure, Anna W. (14219508100); De Cauwer, Isabelle (23088161000); Slate, Jon (7005567334); Sheldon, Ben C. (35481336500)","9633502500; 25823381200; 23096274600; 14219508100; 23088161000; 7005567334; 35481336500","Fine-scale genetic structure in a wild bird population: The role of limited dispersal and environmentally based selection as causal factors","2013","Evolution","67","12","","3488","3500","48","10.1111/evo.12121","https://www.scopus.com/pages/publications/84888818844?origin=resultslist","Article","Final","","Scopus","2-s2.0-84888818844"
"Peng W.; Wang Y.; Zhang Y.; Gao L.; Wu L.; Wang S.; Gao Y.; Shi W.; Lu K.; Deng R.; Li J.; Han J.; Lu X.; Liu Y.; Tang X.; Zhang Y.; Li G.; Huang L.; Yang M.; Li X.","Peng, Weifeng (56417020400); Wang, Yihua (60382422000); Zhang, Yiyuan (57698255500); Gao, Lei (60382652100); Wu, Lili (57698255700); Wang, Shuping (57194624366); Gao, Yiyang (60383113700); Shi, Wanlu (59009573300); Lu, Kaixin (59456341400); Deng, Rong (60382307900); Li, Junting (60382878800); Han, Jing (60382991700); Lu, Xiaohui (60382308000); Liu, Yujie (60382422100); Tang, Xiaojiao (60382308100); Zhang, Yunxia (57201652813); Li, Guoyin (57194146631); Huang, Li (59963848400); Yang, Mingsheng (55508999200); Li, Xiaoyan (55871719600)","56417020400; 60382422000; 57698255500; 60382652100; 57698255700; 57194624366; 60383113700; 59009573300; 59456341400; 60382307900; 60382878800; 60382991700; 60382308000; 60382422100; 60382308100; 57201652813; 57194146631; 59963848400; 55508999200; 55871719600","Genomic Investigations Unveil the Genetic Underpinnings of Environmental Adaptation in African Goat Populations","2026","Integrative Zoology","","","","","","0","10.1111/1749-4877.70071","https://www.scopus.com/pages/publications/105029933208?origin=resultslist","Article","Article in press","All Open Access; Hybrid Gold Open Access","Scopus","2-s2.0-105029933208"
"Sheppard E.C.; Martin C.A.; Armstrong C.; González-Quevedo C.; Illera J.C.; Suh A.; Spurgin L.; Richardson D.S.","Sheppard, Eleanor C. (57577618200); Martin, Claudia A. (57222524125); Armstrong, Claire (57211445159); González-Quevedo, Catalina (15724811100); Illera, Juan Carlos (55816355800); Suh, Alexander (49862357500); Spurgin, Lewis G. (36151403000); Richardson, David S. (57207172556)","57577618200; 57222524125; 57211445159; 15724811100; 55816355800; 49862357500; 36151403000; 57207172556","Genomic associations with poxvirus across divergent island populations in Berthelot's pipit","2022","Molecular Ecology","31","11","","3154","3173","8","10.1111/mec.16461","https://www.scopus.com/pages/publications/85128260482?origin=resultslist","Article","Final","All Open Access; Green Open Access; Hybrid Gold Open Access","Scopus","2-s2.0-85128260482"
"Trumbo D.R.; Salerno P.E.; Logan K.A.; Alldredge M.W.; Gagne R.B.; Kozakiewicz C.P.; Kraberger S.; Fountain-Jones N.M.; Craft M.E.; Carver S.; Ernest H.B.; Crooks K.R.; VandeWoude S.; Funk W.C.","Trumbo, Daryl R. (54080480600); Salerno, Patricia E. (35176461600); Logan, Kenneth A. (35740968500); Alldredge, Mathew W. (13407954500); Gagne, Roderick B. (55256647900); Kozakiewicz, Christopher P. (57194188211); Kraberger, Simona (37057713200); Fountain-Jones, Nicholas M. (55359929500); Craft, Meggan E. (24461312300); Carver, Scott (7003773446); Ernest, Holly B. (6602409825); Crooks, Kevin R. (7004907145); VandeWoude, Sue (6603018116); Funk, W. Chris (58238137600)","54080480600; 35176461600; 35740968500; 13407954500; 55256647900; 57194188211; 37057713200; 55359929500; 24461312300; 7003773446; 6602409825; 7004907145; 6603018116; 58238137600","Urbanization impacts apex predator gene flow but not genetic diversity across an urban-rural divide","2019","Molecular Ecology","28","22","","4926","4940","26","10.1111/mec.15261","https://www.scopus.com/pages/publications/85074842235?origin=resultslist","Article","Final","","Scopus","2-s2.0-85074842235"
"Kramer I.M.; Pfenninger M.; Feldmeyer B.; Dhimal M.; Gautam I.; Shreshta P.; Baral S.; Phuyal P.; Hartke J.; Magdeburg A.; Groneberg D.A.; Ahrens B.; Müller R.; Waldvogel A.-M.","Kramer, Isabelle Marie (57216310480); Pfenninger, Markus (6603948584); Feldmeyer, Barbara (24080453500); Dhimal, Meghnath (54941157300); Gautam, Ishan (6504210295); Shreshta, Pramod (57722489100); Baral, Sunita (57221736685); Phuyal, Parbati (57216309623); Hartke, Juliane (57210570369); Magdeburg, Axel (35386593600); Groneberg, David A. (7004564948); Ahrens, Bodo (7006206130); Müller, Ruth (25653255200); Waldvogel, Ann-Marie (57201299410)","57216310480; 6603948584; 24080453500; 54941157300; 6504210295; 57722489100; 57221736685; 57216309623; 57210570369; 35386593600; 7004564948; 7006206130; 25653255200; 57201299410","Genomic profiling of climate adaptation in Aedes aegypti along an altitudinal gradient in Nepal indicates nongradual expansion of the disease vector","2023","Molecular Ecology","32","2","","350","368","16","10.1111/mec.16752","https://www.scopus.com/pages/publications/85142363410?origin=resultslist","Article","Final","All Open Access; Green Open Access; Hybrid Gold Open Access","Scopus","2-s2.0-85142363410"
"Goitom S.; Gicheha M.G.; Njonge F.K.; Kiplangat N.","Goitom, S. (57212081781); Gicheha, Mathew G. (8502062300); Njonge, Francis K. (6506297826); Kiplangat, Ngeno (57217980603)","57212081781; 8502062300; 6506297826; 57217980603","Landscape genomics and selection signatures of local adaptation of Eritrean indigenous cattle along environmental gradients","2021","Tropical Animal Health and Production","53","4","423","","","4","10.1007/s11250-021-02837-6","https://www.scopus.com/pages/publications/85111519454?origin=resultslist","Article","Final","","Scopus","2-s2.0-85111519454"
"Dahal R.P.; Ding C.; Sandeep K C; Din H.U.; DeWald L.E.; Thomas A.M.; Weng Y.; Nelson C.D.; Chen H.","Dahal, Rajesh P. (60758063900); Ding, Chen (55682366400); Sandeep K C (60804139200); Din, Hammad U. (57223307352); DeWald, Laura E. (6701577881); Thomas, Austin M. (57211130765); Weng, Yuhui (23010373700); Nelson, C. Dana (35450582200); Chen, Hao (57192534852)","60758063900; 55682366400; 60804139200; 57223307352; 6701577881; 57211130765; 23010373700; 35450582200; 57192534852","Genetic and genomic improvement of Quercusalba productivity and resilience: a synthesis of breeding systems in white oaks (Quercus sect. Quercus)","2026","Journal of Forestry Research","37","1","185","","","0","10.1007/s11676-026-02117-9","https://www.scopus.com/pages/publications/105048086589?origin=resultslist","Review","Final","All Open Access; Hybrid Gold Open Access","Scopus","2-s2.0-105048086589"
"Griffiths J.S.; Smith K.; Whitehead A.","Griffiths, Joanna S. (57209027067); Smith, Kendall (59517402700); Whitehead, Andrew (12800200000)","57209027067; 59517402700; 12800200000","Seascape Genomics of Red Abalone: Limited Range-Wide Population Structure and Evidence for Local Adaptation","2025","Molecular Ecology","34","4","e17650","","","6","10.1111/mec.17650","https://www.scopus.com/pages/publications/85215265046?origin=resultslist","Article","Final","","Scopus","2-s2.0-85215265046"
"Chen Y.; Chen H.; He Z.-Z.; Tian D.F.; Dong S.; Liu Y.; Wang Y.; Zhang W.; Li L.; Yang J.; Song Z.","Chen, Yuhong (58748731200); Chen, Hao (57192538002); He, Zhi-Zhou (57897029900); Tian, De Feng (57802849800); Dong, Shanshan (56797214900); Liu, Yan (57897269700); Wang, Yuguo (7601509227); Zhang, Wenju (57202466654); Li, Linfeng (55730942800); Yang, Ji (55922116600); Song, Zhiping (35084367200)","58748731200; 57192538002; 57897029900; 57802849800; 56797214900; 57897269700; 7601509227; 57202466654; 55730942800; 55922116600; 35084367200","Integrated environmental and genomic analysis reveals the drivers of fine-scale divergence and local adaptation in northern populations of two wild rice species in China","2024","Plants People Planet","6","4","","847","861","4","10.1002/ppp3.10496","https://www.scopus.com/pages/publications/85185506755?origin=resultslist","Article","Final","All Open Access; Gold Open Access; Green Open Access","Scopus","2-s2.0-85185506755"
"Anderson J.T.; Song B.-H.","Anderson, Jill T. (26537054800); Song, Bao-Hua (7402560430)","26537054800; 7402560430","Plant adaptation to climate change—Where are we?","2020","Journal of Systematics and Evolution","58","5","","533","545","165","10.1111/jse.12649","https://www.scopus.com/pages/publications/85089068151?origin=resultslist","Review","Final","All Open Access; Green Open Access","Scopus","2-s2.0-85089068151"
"Liu L.; Wang Z.; Su Y.; Wang T.","Liu, Li (56941110300); Wang, Zhen (57189000173); Su, Yingjuan (14042880700); Wang, Ting (55497837100)","56941110300; 57189000173; 14042880700; 55497837100","Population transcriptomic sequencing reveals allopatric divergence and local adaptation in Pseudotaxus chienii (Taxaceae)","2021","BMC Genomics","22","1","388","","","23","10.1186/s12864-021-07682-3","https://www.scopus.com/pages/publications/85106859941?origin=resultslist","Article","Final","All Open Access; Gold Open Access; Green Open Access","Scopus","2-s2.0-85106859941"
"Huyse T.; Boon N.A.M.; Van den Broeck F.; Mbow M.; Chaturvedi A.; Meurs L.; Volckaert F.A.M.; Polman K.","Huyse, Tine (6602607549); Boon, Nele A.M. (56010063800); Van den Broeck, Frederik (38663736300); Mbow, Moustapha (57027814700); Chaturvedi, Anurag (56030975600); Meurs, Lynn (49962135100); Volckaert, Filip A.M. (7004006972); Polman, Katja (6603960586)","6602607549; 56010063800; 38663736300; 57027814700; 56030975600; 49962135100; 7004006972; 6603960586","Evolutionary epidemiology of schistosomiasis: linking parasite genetics with disease phenotype in humans","2018","International Journal for Parasitology","48","2","","107","115","10","10.1016/j.ijpara.2017.07.010","https://www.scopus.com/pages/publications/85034785627?origin=resultslist","Article","Final","All Open Access; Green Open Access","Scopus","2-s2.0-85034785627"
"Hernández A.I.; Specht C.D.","Hernández, Adriana I. (57410883400); Specht, Chelsea D. (7006195900)","57410883400; 7006195900","Putative adaptive loci show parallel clinal variation in a California-endemic wildflower","2023","Molecular Ecology","32","15","","4298","4312","4","10.1111/mec.17029","https://www.scopus.com/pages/publications/85160911836?origin=resultslist","Article","Final","","Scopus","2-s2.0-85160911836"
"Nakanwagi M.J.; Wasswa P.; Musoli P.; Kiwuka C.; Bebeli P.J.; Kizito E.B.; Sseremba G.","Nakanwagi, Mildred Julian (57205188561); Wasswa, Peter (58476959800); Musoli, Pascal (23571024400); Kiwuka, Catherine (55090193600); Bebeli, Penelope J. (6603048776); Kizito, Elizabeth Balyejusa (9632505200); Sseremba, Godfrey (57199653272)","57205188561; 58476959800; 23571024400; 55090193600; 6603048776; 9632505200; 57199653272","Progress and Strategies for Conservation and Utilisation of Coffea canephora Genetic Diversity for Variety Development","2026","Coffee Science and Biotechnology: Genomic Biochemical and Nanotechnological Perspectives","","","","38","65","0","10.1201/9781003689393-2","https://www.scopus.com/pages/publications/105045027895?origin=resultslist","Book chapter","Final","","Scopus","2-s2.0-105045027895"
"Tarabichi M.; Demetter P.; Craciun L.; Maenhaut C.; Detours V.","Tarabichi, Maxime (37462110400); Demetter, Pieter (6603910055); Craciun, Ligia (57189374480); Maenhaut, Carine (26643253300); Detours, Vincent (6602341540)","37462110400; 6603910055; 57189374480; 26643253300; 6602341540","Thyroid cancer under the scope of emerging technologies","2022","Molecular and Cellular Endocrinology","541","","111491","","","15","10.1016/j.mce.2021.111491","https://www.scopus.com/pages/publications/85118659957?origin=resultslist","Review","Final","All Open Access; Green Open Access","Scopus","2-s2.0-85118659957"
"Schwabl P.; Llewellyn M.S.; Landguth E.L.; Andersson B.; Kitron U.; Costales J.A.; Ocaña S.; Grijalva M.J.","Schwabl, Philipp (57189062236); Llewellyn, Martin S. (7006823399); Landguth, Erin L. (35268710300); Andersson, Björn (7401941929); Kitron, Uriel (7003784237); Costales, Jaime A. (6701387234); Ocaña, Sofía (15846382600); Grijalva, Mario J. (6602824393)","57189062236; 7006823399; 35268710300; 7401941929; 7003784237; 6701387234; 15846382600; 6602824393","Prediction and Prevention of Parasitic Diseases Using a Landscape Genomics Framework","2017","Trends in Parasitology","33","4","","264","275","23","10.1016/j.pt.2016.10.008","https://www.scopus.com/pages/publications/85006821022?origin=resultslist","Review","Final","All Open Access; Green Open Access","Scopus","2-s2.0-85006821022"
"Tonteri A.; VasemÄgi A.; Lumme J.; Primmer C.R.","Tonteri, A. (8253961500); VasemÄgi, A. (8311961500); Lumme, J. (7003761518); Primmer, C.R. (7004067631)","8253961500; 8311961500; 7003761518; 7004067631","Beyond MHC: Signals of elevated selection pressure on Atlantic salmon (Salmo salar) immune-relevant loci","2010","Molecular Ecology","19","7","","1273","1282","44","10.1111/j.1365-294X.2010.04573.x","https://www.scopus.com/pages/publications/77949817884?origin=resultslist","Article","Final","","Scopus","2-s2.0-77949817884"
"Rogivue A.; Leempoel K.; Guillaume A.S.; Choudhury R.R.; Felber F.; Kasser M.; Joost S.; Parisod C.; Gugerli F.","Rogivue, Aude (56568272300); Leempoel, Kevin (55752332300); Guillaume, Annie S. (57211537913); Choudhury, Rimjhim Roy (57193924353); Felber, François (7003266775); Kasser, Michel (57217408937); Joost, Stéphane (12806792400); Parisod, Christian (16686791200); Gugerli, Felix (58125439000)","56568272300; 55752332300; 57211537913; 57193924353; 7003266775; 57217408937; 12806792400; 16686791200; 58125439000","Locally Specific Genome-Wide Signatures of Adaptation to Environmental Variation at High Resolution in an Alpine Plant","2025","Molecular Ecology","34","4","e17646","","","7","10.1111/mec.17646","https://www.scopus.com/pages/publications/85215310468?origin=resultslist","Article","Final","All Open Access; Green Open Access","Scopus","2-s2.0-85215310468"
"García-García I.; Méndez-Cea B.; González de Andrés E.; Gazol A.; Sánchez-Salguero R.; Manso-Martínez D.; Horreo J.L.; Camarero J.J.; Linares J.C.; Gallego F.J.","García-García, Isabel (56374580900); Méndez-Cea, Belén (57189575681); González de Andrés, Ester (56708953700); Gazol, Antonio (28567631200); Sánchez-Salguero, Raúl (37111410800); Manso-Martínez, David (58512090300); Horreo, Jose Luis (24376285300); Camarero, J. Julio (57189186147); Linares, Juan Carlos (25936488000); Gallego, Francisco Javier (35618194600)","56374580900; 57189575681; 56708953700; 28567631200; 37111410800; 58512090300; 24376285300; 57189186147; 25936488000; 35618194600","Climate and Soil Microsite Conditions Determine Local Adaptation in Declining Silver Fir Forests","2023","Plants","12","14","2607","","","11","10.3390/plants12142607","https://www.scopus.com/pages/publications/85166187828?origin=resultslist","Article","Final","All Open Access; Gold Open Access; Green Open Access","Scopus","2-s2.0-85166187828"
"Aguirre-Liguori J.A.; Morales-Cruz A.; Gaut B.S.","Aguirre-Liguori, Jonas A. (56117536300); Morales-Cruz, Abraham (56367071400); Gaut, Brandon S. (7005950294)","56117536300; 56367071400; 7005950294","Evaluating the persistence and utility of five wild Vitis species in the context of climate change","2022","Molecular Ecology","31","24","","6457","6472","17","10.1111/mec.16715","https://www.scopus.com/pages/publications/85140220587?origin=resultslist","Article","Final","All Open Access; Green Open Access; Hybrid Gold Open Access","Scopus","2-s2.0-85140220587"
"Wang R.; Yang S.; Zhao W.","Wang, Ran (59893973500); Yang, Shang (59893973400); Zhao, Wei (57198597144)","59893973500; 59893973400; 57198597144","Microbial dynamics and ecological risk assessment of water reservoirs in agricultural areas of Daqing, China","2025","Environmental Geochemistry and Health","47","8","337","","","2","10.1007/s10653-025-02641-3","https://www.scopus.com/pages/publications/105011768770?origin=resultslist","Article","Final","","Scopus","2-s2.0-105011768770"
"Laccetti L.; Frachon L.; Arrigo L.; Scopece G.","Laccetti, Lucrezia (57891311900); Frachon, Léa (56466056100); Arrigo, Luca (57950433900); Scopece, Giovanni (22954848800)","57891311900; 56466056100; 57950433900; 22954848800","Urbanization affects population connectivity, reproductive success and phenotypic traits in the Mediterranean cliff species Brassica incana (Brassicaceae)","2025","Urban Forestry and Urban Greening","104","","128627","","","8","10.1016/j.ufug.2024.128627","https://www.scopus.com/pages/publications/85210952564?origin=resultslist","Article","Final","All Open Access; Green Open Access; Hybrid Gold Open Access","Scopus","2-s2.0-85210952564"
"Heraghty S.D.; Jackson J.M.; Lozier J.D.","Heraghty, Sam D. (57213834476); Jackson, Jason M. (57131871900); Lozier, Jeffrey D. (9640061800)","57213834476; 57131871900; 9640061800","Whole genome analyses reveal weak signatures of population structure and environmentally associated local adaptation in an important North American pollinator, the bumble bee Bombus vosnesenskii","2023","Molecular Ecology","32","20","","5479","5497","14","10.1111/mec.17125","https://www.scopus.com/pages/publications/85170703529?origin=resultslist","Article","Final","","Scopus","2-s2.0-85170703529"
"Emel S.L.; Wang S.; Metz R.P.; Spigler R.B.","Emel, Sarah L. (51763546900); Wang, Shichen (44761596200); Metz, Richard P. (57193253385); Spigler, Rachel B. (23487180300)","51763546900; 44761596200; 57193253385; 23487180300","Type and intensity of surrounding human land use, not local environment, shape genetic structure of a native grassland plant","2021","Molecular Ecology","30","3","","639","655","24","10.1111/mec.15753","https://www.scopus.com/pages/publications/85099185044?origin=resultslist","Article","Final","","Scopus","2-s2.0-85099185044"
"Sun H.; Li J.Z.; Marshall J.M.","Sun, Haotian (60565760900); Li, Jessie Zixin (60565761000); Marshall, John M. (55471919700)","60565760900; 60565761000; 55471919700","BSAN: Behavioral State Attention Network for Modeling Mosquito Host-Seeking Behavior","2026","Proceedings of the AAAI Conference on Artificial Intelligence","40","46","","39314","39321","0","10.1609/aaai.v40i46.41280","https://www.scopus.com/pages/publications/105035079407?origin=resultslist","Conference paper","Final","All Open Access; Gold Open Access","Scopus","2-s2.0-105035079407"
"Coşgun S.; Gauthier J.; Beffa G.; Bonanomi G.; Carraro G.; Cherubini P.; Gobet E.; Leunda M.; Manetti M.-C.; Mazza G.; Pistone A.; Schwörer C.; Sperisen C.; van Vugt L.; Alvarez N.; Conedera M.; Gugerli F.; Tinner W.","Coşgun, Sevil (57205483119); Gauthier, Jérémy (36923334300); Beffa, Giorgia (56582082900); Bonanomi, Giuliano (9635236500); Carraro, Gabriele (18436270800); Cherubini, Paolo (57205863270); Gobet, Erika (6603490213); Leunda, Maria (56784114400); Manetti, Maria-Chiara (6701333860); Mazza, Gianluigi (54959083600); Pistone, Azzurra (59522339200); Schwörer, Christoph (54915156500); Sperisen, Christoph (6603030098); van Vugt, Lieveke (57923478600); Alvarez, Nadir (7005833520); Conedera, Marco (6603211787); Gugerli, Felix (58125439000); Tinner, Willy (6603343994)","57205483119; 36923334300; 56582082900; 9635236500; 18436270800; 57205863270; 6603490213; 56784114400; 6701333860; 54959083600; 59522339200; 54915156500; 6603030098; 57923478600; 7005833520; 6603211787; 58125439000; 6603343994","Exploring the connection between climatic conditions and genetic properties of Abies alba Mill., including warm and summer-dry Mediterranean environments","2025","Science of the Total Environment","964","","178559","","","8","10.1016/j.scitotenv.2025.178559","https://www.scopus.com/pages/publications/85215617020?origin=resultslist","Article","Final","All Open Access; Green Open Access; Hybrid Gold Open Access","Scopus","2-s2.0-85215617020"
"Maes T.; Verheyen J.; Senghor B.; Mudavanhu A.; Schols R.; Hellemans B.; Geslain E.; Volckaert F.A.M.; Gante H.F.; Huyse T.","Maes, Tim (57212060880); Verheyen, Julie (57192941491); Senghor, Bruno (55991920200); Mudavanhu, Aspire (57211630701); Schols, Ruben (57205324969); Hellemans, Bart (6603123429); Geslain, Enora (57215334788); Volckaert, Filip A. M. (7004006972); Gante, Hugo F. (16635830400); Huyse, Tine (6602607549)","57212060880; 57192941491; 55991920200; 57211630701; 57205324969; 6603123429; 57215334788; 7004006972; 16635830400; 6602607549","First evidence of a genetic basis for thermal adaptation in a schistosome host snail","2025","Ecological Monographs","95","1","e70006","","","1","10.1002/ecm.70006","https://www.scopus.com/pages/publications/85219076122?origin=resultslist","Article","Final","All Open Access; Green Open Access; Hybrid Gold Open Access","Scopus","2-s2.0-85219076122"
"Jaffé R.; Veiga J.C.; Pope N.S.; Lanes É.C.M.; Carvalho C.S.; Alves R.; Andrade S.C.S.; Arias M.C.; Bonatti V.; Carvalho A.T.; de Castro M.S.; Contrera F.A.L.; Francoy T.M.; Freitas B.M.; Giannini T.C.; Hrncir M.; Martins C.F.; Oliveira G.; Saraiva A.M.; Souza B.A.; Imperatriz-Fonseca V.L.","Jaffé, Rodolfo (25029813800); Veiga, Jamille C. (55702223200); Pope, Nathaniel S. (35933432700); Lanes, Éder C. M. (57208118612); Carvalho, Carolina S. (55452117700); Alves, Ronnie (7102691284); Andrade, Sónia C. S. (59934464900); Arias, Maria C. (7202940673); Bonatti, Vanessa (55754251600); Carvalho, Airton T. (24821662900); de Castro, Marina S. (53982629400); Contrera, Felipe A. L. (6506436539); Francoy, Tiago M. (8420554000); Freitas, Breno M. (6603836704); Giannini, Tereza C. (7003671809); Hrncir, Michael (6602704439); Martins, Celso F. (15063190900); Oliveira, Guilherme (56267565400); Saraiva, Antonio M. (7004341743); Souza, Bruno A. (22958937600); Imperatriz-Fonseca, Vera L. (6701690587)","25029813800; 55702223200; 35933432700; 57208118612; 55452117700; 7102691284; 59934464900; 7202940673; 55754251600; 24821662900; 53982629400; 6506436539; 8420554000; 6603836704; 7003671809; 6602704439; 15063190900; 56267565400; 7004341743; 22958937600; 6701690587","Landscape genomics to the rescue of a tropical bee threatened by habitat loss and climate change","2019","Evolutionary Applications","12","6","","1164","1177","57","10.1111/eva.12794","https://www.scopus.com/pages/publications/85068089027?origin=resultslist","Article","Final","All Open Access; Gold Open Access; Green Open Access","Scopus","2-s2.0-85068089027"
"Arista-Fernández H.S.; Hernández-Amasifuen A.D.; Pineda-Lázaro A.J.; Guerrero-Abad J.C.","Arista-Fernández, Héctor Stalin (60116115000); Hernández-Amasifuen, Angel David (57240325300); Pineda-Lázaro, Alexandra Jherina (57240167000); Guerrero-Abad, Juan Carlos (56122724900)","60116115000; 57240325300; 57240167000; 56122724900","Biotechnological and Genomic Applications in the Conservation of Native Blueberries in Natural Habitats","2025","International Journal of Plant Biology","16","3","109","","","0","10.3390/ijpb16030109","https://www.scopus.com/pages/publications/105017151281?origin=resultslist","Review","Final","All Open Access; Gold Open Access; Green Open Access","Scopus","2-s2.0-105017151281"
"Frachon L.; Mayjonade B.; Bartoli C.; Hautekèete N.-C.; Roux F.","Frachon, Lea (56466056100); Mayjonade, Baptiste (55902147900); Bartoli, Claudia (56076689500); Hautekèete, Nina-Coralie (6507855284); Roux, Fabrice (8955038300)","56466056100; 55902147900; 56076689500; 6507855284; 8955038300","Adaptation to plant communities across the genome of arabidopsis thaliana","2019","Molecular Biology and Evolution","36","7","","1442","1456","34","10.1093/molbev/msz078","https://www.scopus.com/pages/publications/85068242762?origin=resultslist","Article","Final","All Open Access; Bronze Open Access; Green Open Access","Scopus","2-s2.0-85068242762"
"de Greef E.; Müller C.; Snead A.A.; Rivkin L.R.; Ferguson S.H.; Watt C.A.; Marcoux M.; Petersen S.D.; Garroway C.J.","de Greef, Evelien (57209595622); Müller, Claudio (58908432400); Snead, Anthony A. (57220601186); Rivkin, L. Ruth (57197865204); Ferguson, Steven H. (7402673203); Watt, Cortney A. (26029574400); Marcoux, Marianne (14037586800); Petersen, Stephen D. (8327549900); Garroway, Colin J. (9633502500)","57209595622; 58908432400; 57220601186; 57197865204; 7402673203; 26029574400; 14037586800; 8327549900; 9633502500","Identifying Areas of Potential Risk Based on Future Genetic Adaptability in Three Arctic Whale Species","2026","American Naturalist","207","3","","433","447","2","10.1086/738889","https://www.scopus.com/pages/publications/105028100181?origin=resultslist","Article","Final","","Scopus","2-s2.0-105028100181"
"Sherpa S.; Rioux D.; Goindin D.; Fouque F.; François O.; Després L.","Sherpa, Stéphanie (57200030536); Rioux, Delphine (23005903400); Goindin, Daniella (56873001200); Fouque, Florence (7003430937); François, Olivier (7004552804); Després, Laurence (7003816715)","57200030536; 23005903400; 56873001200; 7003430937; 7004552804; 7003816715","At the origin of a worldwide invasion: Unraveling the genetic makeup of the caribbean bridgehead populations of the dengue vector aedes Aegypti","2018","Genome Biology and Evolution","10","1","","56","71","24","10.1093/gbe/evx267","https://www.scopus.com/pages/publications/85045926628?origin=resultslist","Article","Final","All Open Access; Gold Open Access; Green Open Access","Scopus","2-s2.0-85045926628"
"Vidal-Villarejo M.; Hammerschmidt M.; Oppliger B.; Oppliger H.; Schmid K.","Vidal-Villarejo, Mireia (57216625486); Hammerschmidt, Michael (59161806100); Oppliger, Barbara (57193973359); Oppliger, Hans (59161829300); Schmid, Karl (55217129300)","57216625486; 59161806100; 57193973359; 59161829300; 55217129300","Exotic Genetic Lineages Rapidly Replace Established Exserohilum turcicum Populations in the Swiss Rhine Valley","2026","Plant Pathology","75","2","e70144","","","0","10.1111/ppa.70144","https://www.scopus.com/pages/publications/105031966229?origin=resultslist","Article","Final","All Open Access; Hybrid Gold Open Access","Scopus","2-s2.0-105031966229"
"Müller M.; Nelson C.D.; Gailing O.","Müller, Markus (56525746800); Nelson, C. Dana (35450582200); Gailing, Oliver (57204261691)","56525746800; 35450582200; 57204261691","Analysis of environment-marker associations in American Chestnut","2018","Forests","9","11","695","","","13","10.3390/f9110695","https://www.scopus.com/pages/publications/85056414550?origin=resultslist","Article","Final","All Open Access; Gold Open Access; Green Open Access","Scopus","2-s2.0-85056414550"
"Pais A.L.; Whetten R.W.; Xiang Q.-Y.","Pais, Andrew L. (55856020900); Whetten, Ross W. (7005005151); Xiang, Qiu-Yun (7103142358)","55856020900; 7005005151; 7103142358","Population structure, landscape genomics, and genetic signatures of adaptation to exotic disease pressure in Cornus florida L.—Insights from GWAS and GBS data","2020","Journal of Systematics and Evolution","58","5","","546","570","18","10.1111/jse.12592","https://www.scopus.com/pages/publications/85085679673?origin=resultslist","Article","Final","","Scopus","2-s2.0-85085679673"
"Vajana E.; Barbato M.; Colli L.; Milanesi M.; Rochat E.; Fabrizi E.; Mukasa C.; Del Corvo M.; Masembe C.; Muwanika V.B.; Kabi F.; Sonstegard T.S.; Huson H.J.; Negrini R.; Joost S.; Ajmone-Marsan P.","Vajana, Elia (56845595600); Barbato, Mario (56396343800); Colli, Licia (24757901400); Milanesi, Marco (56492690800); Rochat, Estelle (56769560800); Fabrizi, Enrico (6603485523); Mukasa, Christopher (57194608589); Del Corvo, Marcello (32067578300); Masembe, Charles (8327720900); Muwanika, Vincent B. (6507978466); Kabi, Fredrick (58075988900); Sonstegard, Tad Stewart (7003447943); Huson, Heather Jay (12779766600); Negrini, Riccardo (16943248500); Joost, Stéphane (12806792400); Ajmone-Marsan, Paolo (6701754363)","56845595600; 56396343800; 24757901400; 56492690800; 56769560800; 6603485523; 57194608589; 32067578300; 8327720900; 6507978466; 58075988900; 7003447943; 12779766600; 16943248500; 12806792400; 6701754363","Combining landscape genomics and ecological modelling to investigate local adaptation of indigenous ugandan cattle to East Coast fever","2018","Frontiers in Genetics","9","OCT","385","","","27","10.3389/fgene.2018.00385","https://www.scopus.com/pages/publications/85055353762?origin=resultslist","Article","Final","All Open Access; Gold Open Access; Green Open Access","Scopus","2-s2.0-85055353762"
"Zhou X.; Xia J.; Chen W.; Zou J.; Chen J.; Zhang X.","Zhou, Xiaoli (59875314300); Xia, Junliang (59196204400); Chen, Weiding (59552050800); Zou, Jiajia (60685424000); Chen, Jiahui (57202121392); Zhang, Xiquan (56081946700)","59875314300; 59196204400; 59552050800; 60685424000; 57202121392; 56081946700","Integrated environmental and genomic analysis reveals the drivers and genetic mechanisms of agro-climatic adaptation in geese","2026","BMC Genomics","27","1","650","","","0","10.1186/s12864-026-12991-6","https://www.scopus.com/pages/publications/105046493542?origin=resultslist","Article","Final","All Open Access; Gold Open Access; Green Open Access","Scopus","2-s2.0-105046493542"
"Wuyuntana; Fong Q.; Ke C.-Y.; Gao D.-M.; Luo M.-X.; Yang Y.-Z.; Gao R.-H.; Liao P.-C.","Wuyuntana (16317826800); Fong, Qihui (60121956600); Ke, Chong-Yi (59281394600); Gao, De-Ming (60122530500); Luo, Min-Xin (57203924769); Yang, Yong-Zhi (57326567700); Gao, Run-Hong (57210474934); Liao, Pei-Chun (56213968800)","16317826800; 60121956600; 59281394600; 60122530500; 57203924769; 57326567700; 57210474934; 56213968800","Ecotypic divergence in Mongolian Scots pine persists via large-effect genetic adaptation and phenotypic plasticity","2025","BMC Plant Biology","25","1","1642","","","0","10.1186/s12870-025-07695-0","https://www.scopus.com/pages/publications/105023054435?origin=resultslist","Article","Final","All Open Access; Gold Open Access; Green Open Access","Scopus","2-s2.0-105023054435"
"Minias P.","Minias, Piotr (22958468800)","22958468800","The effects of urban life on animal immunity: Adaptations and constraints","2023","Science of the Total Environment","895","","165085","","","23","10.1016/j.scitotenv.2023.165085","https://www.scopus.com/pages/publications/85163787366?origin=resultslist","Review","Final","All Open Access; Hybrid Gold Open Access","Scopus","2-s2.0-85163787366"
"Mogano R.R.; Mpofu T.J.; Mtileni B.; Hadebe K.","Mogano, Reneilwe Rose (59461002400); Mpofu, Takalani Judas (57191854238); Mtileni, Bohani (21734620600); Hadebe, Khanyisile (57212558292)","59461002400; 57191854238; 21734620600; 57212558292","South African indigenous chickens' genetic diversity, and the adoption of ecological niche modelling and landscape genomics as strategic conservation techniques","2025","Poultry Science","104","1","104508","","","8","10.1016/j.psj.2024.104508","https://www.scopus.com/pages/publications/85211214266?origin=resultslist","Review","Final","All Open Access; Gold Open Access; Green Open Access","Scopus","2-s2.0-85211214266"
"Wijfjes R.Y.; Boesten R.; Becker F.F.M.; Theeuwen T.P.J.M.; Snoek B.L.; Mastoraki M.; Verheijen J.J.; Güvencli N.; Denkers L.-A.M.; Koornneef M.; van Eeuwijk F.A.; Smit S.; de Ridder D.; Aarts M.G.M.","Wijfjes, Raúl Y. (57211644859); Boesten, René (54891576500); Becker, Frank F. M. (55967926600); Theeuwen, Tom P. J. M. (57202008323); Snoek, Basten L. (6603131234); Mastoraki, Maria (60235876900); Verheijen, Jelle J. (58680345700); Güvencli, Nuri (58680345800); Denkers, Lissy-Anne M. (58680434100); Koornneef, Maarten (7006042260); van Eeuwijk, Fred A. (6603575873); Smit, Sandra (8984399400); de Ridder, Dick (7006928685); Aarts, Mark G. M. (6701498434)","57211644859; 54891576500; 55967926600; 57202008323; 6603131234; 60235876900; 58680345700; 58680345800; 58680434100; 7006042260; 6603575873; 8984399400; 7006928685; 6701498434","Allelic variants confer Arabidopsis adaptation to small regional environmental differences","2024","Plant Journal","120","4","","1662","1681","1","10.1111/tpj.17067","https://www.scopus.com/pages/publications/85206271317?origin=resultslist","Article","Final","All Open Access; Green Open Access; Hybrid Gold Open Access","Scopus","2-s2.0-85206271317"
"Bongaerts P.; Dubé C.E.; Prata K.E.; Gijsbers J.C.; Achlatis M.; Hernandez-Agreda A.","Bongaerts, Pim (24491439600); Dubé, Caroline E. (57213967158); Prata, Katharine E. (57226434590); Gijsbers, Johanna C. (57226446768); Achlatis, Michelle (56584627400); Hernandez-Agreda, Alejandra (57191095823)","24491439600; 57213967158; 57226434590; 57226446768; 56584627400; 57191095823","Reefscape Genomics: Leveraging Advances in 3D Imaging to Assess Fine-Scale Patterns of Genomic Variation on Coral Reefs","2021","Frontiers in Marine Science","8","","638979","","","23","10.3389/fmars.2021.638979","https://www.scopus.com/pages/publications/85111605718?origin=resultslist","Article","Final","All Open Access; Gold Open Access; Green Open Access","Scopus","2-s2.0-85111605718"
"Cortés A.J.; Garzón L.N.; Valencia J.B.; Madriñán S.","Cortés, Andrés J. (54383063400); Garzón, Luz N. (24075729300); Valencia, Jhon B. (57205145155); Madriñán, Santiago (23985665400)","54383063400; 24075729300; 57205145155; 23985665400","On the causes of rapid diversification in the páramos: Isolation by ecology and genomic divergence in espeletia","2018","Frontiers in Plant Science","871","","1700","","","43","10.3389/fpls.2018.01700","https://www.scopus.com/pages/publications/85058777598?origin=resultslist","Article","Final","All Open Access; Gold Open Access; Green Open Access","Scopus","2-s2.0-85058777598"
"De Marco C.M.; Caputo B.; Pichler V.; Hamid-Adiamoh M.; Gibba B.; Clarkson C.; Assogba B.S.; D'Alessandro U.; Amambua-Ngwa A.; della Torre A.","De Marco, Carlo Maria (57219611002); Caputo, Beniamino (23090267900); Pichler, Verena (57191963663); Hamid-Adiamoh, Majidah (41361224500); Gibba, Balla (60032880300); Clarkson, Chris (56230266100); Assogba, Benoit Sessinou (55269982400); D'Alessandro, Umberto (7005042050); Amambua-Ngwa, Alfred (26632949600); della Torre, Alessandra (57226212382)","57219611002; 23090267900; 57191963663; 41361224500; 60032880300; 56230266100; 55269982400; 7005042050; 26632949600; 57226212382","Genomic insights into the population structure of malaria vectors of the Anopheles gambiae complex in The Gambia reveals distinctiveness and spatio-temporal stability of BISSAU molecular form","2026","Acta Tropica","278","","108104","","","0","10.1016/j.actatropica.2026.108104","https://www.scopus.com/pages/publications/105037490006?origin=resultslist","Article","Final","All Open Access; Green Open Access; Hybrid Gold Open Access","Scopus","2-s2.0-105037490006"
"Osuna-Mascaró C.; Cairns K.M.; Doan K.; Flores-Manzanero A.; Nesbitt B.J.; Newsome T.M.; Pilot M.","Osuna-Mascaró, Carolina (57201210277); Cairns, Kylie M. (36136578000); Doan, Karolina (54789615800); Flores-Manzanero, Alejandro (57204976633); Nesbitt, Bradley J. (34768709600); Newsome, Thomas M. (55608447100); Pilot, Małgorzata (55879656600)","57201210277; 36136578000; 54789615800; 57204976633; 34768709600; 55608447100; 55879656600","Domestic Dog Introgression in Australian Dingoes: Environmental Drivers and Evolutionary Consequences","2026","Molecular Ecology","35","7","e70320","","","0","10.1111/mec.70320","https://www.scopus.com/pages/publications/105034160533?origin=resultslist","Article","Final","All Open Access; Hybrid Gold Open Access","Scopus","2-s2.0-105034160533"
"Roux F.; Frachon L.; Bartoli C.","Roux, Fabrice (8955038300); Frachon, Léa (56466056100); Bartoli, Claudia (56076689500)","8955038300; 56466056100; 56076689500","The Genetic Architecture of Adaptation to Leaf and Root Bacterial Microbiota in Arabidopsis thaliana","2023","Molecular Biology and Evolution","40","5","msad093","","","23","10.1093/molbev/msad093","https://www.scopus.com/pages/publications/85159543714?origin=resultslist","Article","Final","All Open Access; Gold Open Access; Green Open Access","Scopus","2-s2.0-85159543714"
"Hessenauer P.; Feau N.; Heinzelmann R.; Hamelin R.C.","Hessenauer, Pauline (57215657005); Feau, Nicolas (8859031000); Heinzelmann, Renate (47461073600); Hamelin, Richard C. (57197862473)","57215657005; 8859031000; 47461073600; 57197862473","Genomic Exploration of Climate-driven Evolution and Evolutionary Convergence in Forest Pathogens","2025","Genome Biology and Evolution","17","5","evaf069","","","5","10.1093/gbe/evaf069","https://www.scopus.com/pages/publications/105004940988?origin=resultslist","Article","Final","All Open Access; Gold Open Access; Green Open Access","Scopus","2-s2.0-105004940988"
"McManus C.M.; Rezende Paiva S.; Faria D.","McManus, C.M. (59785986000); Rezende Paiva, S. (57216286145); Faria, D. (59817273000)","59785986000; 57216286145; 59817273000","Genomics and climate change","2020","Revue scientifique et technique (International Office of Epizootics)","39","2","","481","490","13","10.20506/rst.39.2.3099","https://www.scopus.com/pages/publications/85092943892?origin=resultslist","Review","Final","All Open Access; Bronze Open Access","Scopus","2-s2.0-85092943892"
"Liao Y.; Islam T.; Noorai R.; Streich J.; Saski C.; Cohnstaedt L.W.; Cooper E.A.","Liao, Yunfei (59401527300); Islam, Touhid (59401527400); Noorai, Rooksana (47061817400); Streich, Jared (57204116291); Saski, Christopher (8906288400); Cohnstaedt, Lee W. (8334725200); Cooper, Elizabeth A. (57190168880)","59401527300; 59401527400; 47061817400; 57204116291; 8906288400; 8334725200; 57190168880","Climate Adaptation and Genetic Differentiation in the Mosquito Species Culex tarsalis","2025","Genome Biology and Evolution","17","8","evaf143","","","3","10.1093/gbe/evaf143","https://www.scopus.com/pages/publications/105012534680?origin=resultslist","Article","Final","All Open Access; Gold Open Access; Green Open Access","Scopus","2-s2.0-105012534680"
"Wang Y.; Wang X.; Wang Y.; Liao S.; Pubu Z.; Silang J.; Chai L.; Zhao S.","Wang, Yuhao (59655118100); Wang, Xinping (59263469000); Wang, Yirong (59262855400); Liao, Songyu (59262545600); Pubu, Zhaxi (56491161700); Silang, Jiangcuo (59262855500); Chai, Lixu (59263469100); Zhao, Siyue (57200411099)","59655118100; 59263469000; 59262855400; 59262545600; 56491161700; 59262855500; 59263469100; 57200411099","Dietary and environmental factors affecting the dynamics of the gut bacteria in Tibetan Awang sheep (Ovis aries) across divergent breeding models","2025","Frontiers in Microbiology","16","","1502898","","","3","10.3389/fmicb.2025.1502898","https://www.scopus.com/pages/publications/85218872225?origin=resultslist","Article","Final","All Open Access; Gold Open Access; Green Open Access","Scopus","2-s2.0-85218872225"
"Wenzel M.A.; Piertney S.B.","Wenzel, M.A. (55189414300); Piertney, S.B. (7004189994)","55189414300; 7004189994","Digging for gold nuggets: Uncovering novel candidate genes for variation in gastrointestinal nematode burden in a wild bird species","2015","Journal of Evolutionary Biology","28","4","","807","825","5","10.1111/jeb.12614","https://www.scopus.com/pages/publications/84928048687?origin=resultslist","Article","Final","","Scopus","2-s2.0-84928048687"
"Orsini L.; Mergeay J.; Vanoverbeke J.; De Meester L.","Orsini, Luisa (16176273200); Mergeay, Joachim (6507852399); Vanoverbeke, Joost (8846085300); De Meester, Luc (7004998563)","16176273200; 6507852399; 8846085300; 7004998563","The role of selection in driving landscape genomic structure of the waterflea Daphnia magna","2013","Molecular Ecology","22","3","","583","601","73","10.1111/mec.12117","https://www.scopus.com/pages/publications/84872441265?origin=resultslist","Conference paper","Final","All Open Access; Green Open Access","Scopus","2-s2.0-84872441265"
"Trumbo D.R.; Hardy B.M.; Crockett H.J.; Muths E.; Forester B.R.; Cheek R.G.; Zimmerman S.J.; Corey-Rivas S.; Bailey L.L.; Funk W.C.","Trumbo, D.R. (54080480600); Hardy, B.M. (56487199800); Crockett, H.J. (6701823043); Muths, E. (6602557318); Forester, B.R. (55766514000); Cheek, R.G. (57192204443); Zimmerman, S.J. (56513316100); Corey-Rivas, S. (57219889530); Bailey, L.L. (7202649465); Funk, W.C. (58238137600)","54080480600; 56487199800; 6701823043; 6602557318; 55766514000; 57192204443; 56513316100; 57219889530; 7202649465; 58238137600","Conservation genomics of an endangered montane amphibian reveals low population structure, low genomic diversity and selection pressure from disease","2023","Molecular Ecology","32","24","","6777","6795","12","10.1111/mec.17175","https://www.scopus.com/pages/publications/85174495257?origin=resultslist","Article","Final","All Open Access; Hybrid Gold Open Access","Scopus","2-s2.0-85174495257"
"Strickland K.; Räsänen K.; Kristjánsson B.K.; Phillips J.S.; Einarsson A.; Snorradóttir R.G.; Bartrons M.; Jónsson Z.O.","Strickland, Kasha (56178608000); Räsänen, Katja (7003936648); Kristjánsson, Bjarni Kristofer (9732699300); Phillips, Joseph S. (57195562360); Einarsson, Arni (6701764612); Snorradóttir, Ragna G. (58086228900); Bartrons, Mireia (6505683670); Jónsson, Zophonías Oddur (6701429166)","56178608000; 7003936648; 9732699300; 57195562360; 6701764612; 58086228900; 6505683670; 6701429166","Genome-phenotype-environment associations identify signatures of selection in a panmictic population of threespine stickleback","2023","Molecular Ecology","32","7","","1708","1725","10","10.1111/mec.16845","https://www.scopus.com/pages/publications/85147215493?origin=resultslist","Article","Final","All Open Access; Green Open Access; Hybrid Gold Open Access","Scopus","2-s2.0-85147215493"
"Sertse D.; You F.M.; Cloutier S.","Sertse, Demissew (36553225200); You, Frank M. (7004416159); Cloutier, Sylvie (57326904100)","36553225200; 7004416159; 57326904100","Genome-wide signatures in flax pinpoint to adaptive evolution along its ecological gradient","2021","Frontiers in Bioscience - Landmark","26","12","","1559","1571","4","10.52586/5049","https://www.scopus.com/pages/publications/85123118698?origin=resultslist","Article","Final","All Open Access; Gold Open Access; Green Open Access","Scopus","2-s2.0-85123118698"
"Aavik T.; Träger S.; Zobel M.; Honnay O.; Van Geel M.; Bueno C.G.; Koorem K.","Aavik, Tsipe (23987557500); Träger, Sabrina (57190752759); Zobel, Martin (24785660000); Honnay, Olivier (6701860991); Van Geel, Maarten (56400638000); Bueno, C. Guillermo (34879367800); Koorem, Kadri (36337585600)","23987557500; 57190752759; 24785660000; 6701860991; 56400638000; 34879367800; 36337585600","The joint effect of host plant genetic diversity and arbuscular mycorrhizal fungal communities on restoration success","2021","Functional Ecology","35","12","","2621","2634","23","10.1111/1365-2435.13914","https://www.scopus.com/pages/publications/85115802271?origin=resultslist","Review","Final","All Open Access; Green Open Access; Hybrid Gold Open Access","Scopus","2-s2.0-85115802271"
"De Fraga R.; Lima A.P.; Magnusson W.E.; Ferrão M.; Stow A.J.","De Fraga, Rafael (37048571800); Lima, Albertina P. (7202634665); Magnusson, William E. (7003951105); Ferrão, Miquéias (55941605900); Stow, Adam J. (6602499651)","37048571800; 7202634665; 7003951105; 55941605900; 6602499651","Contrasting Patterns of Gene Flow for Amazonian Snakes That Actively Forage and Those That Wait in Ambush","2017","Journal of Heredity","108","5","","524","534","19","10.1093/jhered/esx051","https://www.scopus.com/pages/publications/85023165540?origin=resultslist","Article","Final","All Open Access; Bronze Open Access; Green Open Access","Scopus","2-s2.0-85023165540"
"Landguth E.L.; Holden Z.A.; Mahalovich M.F.; Cushman S.A.","Landguth, Erin L. (35268710300); Holden, Zachary A. (10642124200); Mahalovich, Mary F. (7801547352); Cushman, Samuel A. (7006293279)","35268710300; 10642124200; 7801547352; 7006293279","Using landscape genetics simulations for planting blister rust resistant whitebark pine in the US Northern Rocky Mountains","2017","Frontiers in Genetics","8","FEB","9","","","30","10.3389/fgene.2017.00009","https://www.scopus.com/pages/publications/85014684143?origin=resultslist","Article","Final","All Open Access; Gold Open Access; Green Open Access","Scopus","2-s2.0-85014684143"
"Li Y.; Yao J.; Sang H.; Wang Q.; Su L.; Zhao X.; Xia Z.; Wang F.; Wang K.; Lou D.; Wang G.; Waterhouse R.M.; Wang H.; Luo S.; Sun C.","Li, Yancan (57944927200); Yao, Jun (58396238900); Sang, Huiling (57314761100); Wang, Quangui (57221838526); Su, Long (57205113301); Zhao, Xiaomeng (57194591467); Xia, Zhenyu (58522966800); Wang, Feiran (57216134434); Wang, Kai (57203735794); Lou, Delong (58523550800); Wang, Guizhi (55682590500); Waterhouse, Robert M. (23480627000); Wang, Huihua (56438154300); Luo, Shudong (57193499996); Sun, Cheng (55352310500)","57944927200; 58396238900; 57314761100; 57221838526; 57205113301; 57194591467; 58522966800; 57216134434; 57203735794; 58523550800; 55682590500; 23480627000; 56438154300; 57193499996; 55352310500","Pan-genome analysis highlights the role of structural variation in the evolution and environmental adaptation of Asian honeybees","2024","Molecular Ecology Resources","24","2","e13905","","","18","10.1111/1755-0998.13905","https://www.scopus.com/pages/publications/85177598163?origin=resultslist","Article","Final","All Open Access; Bronze Open Access","Scopus","2-s2.0-85177598163"
"Castano-Duque L.; Gilbert M.K.; Mack B.M.; Lebar M.D.; Carter-Wientjes C.H.; Sickler C.M.; Cary J.W.; Rajasekaran K.","Castano-Duque, Lina (55919211100); Gilbert, Matthew K. (14050375500); Mack, Brian M. (38663155300); Lebar, Matthew D. (57188946585); Carter-Wientjes, Carol H. (6506944606); Sickler, Christine M. (55837366700); Cary, Jeffrey W. (56906007900); Rajasekaran, Kanniah (7004205459)","55919211100; 14050375500; 38663155300; 57188946585; 6506944606; 55837366700; 56906007900; 7004205459","Flavonoids Modulate the Accumulation of Toxins From Aspergillus flavus in Maize Kernels","2021","Frontiers in Plant Science","12","","761446","","","17","10.3389/fpls.2021.761446","https://www.scopus.com/pages/publications/85121124593?origin=resultslist","Article","Final","All Open Access; Gold Open Access; Green Open Access","Scopus","2-s2.0-85121124593"
"Richmond J.Q.; McGuire J.A.; Escalona M.; Marimuthu M.P.A.; Nguyen O.; Sacco S.; Beraut E.; Toffelmier E.; Fisher R.N.; Wang I.J.; Shaffer H.B.","Richmond, Jonathan Q (7202816849); McGuire, Jimmy A (56859774400); Escalona, Merly (57221276219); Marimuthu, Mohan P. A (57686285400); Nguyen, Oanh (57205593409); Sacco, Samuel (57866925300); Beraut, Eric (57215793112); Toffelmier, Erin (36132436900); Fisher, Robert N (7403556431); Wang, Ian J (8510992800); Shaffer, H. Bradley (7007036193)","7202816849; 56859774400; 57221276219; 57686285400; 57205593409; 57866925300; 57215793112; 36132436900; 7403556431; 8510992800; 7007036193","Reference genome of an iconic lizard in western North America, Blainville's horned lizard Phrynosoma blainvillii","2023","Journal of Heredity","114","4","","410","417","5","10.1093/jhered/esad032","https://www.scopus.com/pages/publications/85163831457?origin=resultslist","Article","Final","All Open Access; Hybrid Gold Open Access","Scopus","2-s2.0-85163831457"
"Irshad S.S.; Panwar N.; Bansal L.; Thirumurugan S.; Kumar S.","Irshad, Sheikh Salma (57733611600); Panwar, Neha (58287827600); Bansal, Lukesh (59367363400); Thirumurugan, Sathya (59367383800); Kumar, Sarwan (55500501300)","57733611600; 58287827600; 59367363400; 59367383800; 55500501300","Plant Resistance to Insects in Oilseed Crops","2024","Plant Resistance to Insects in Major Field Crops","","","","183","214","2","10.1007/978-981-99-7520-4_8","https://www.scopus.com/pages/publications/85206419238?origin=resultslist","Book chapter","Final","","Scopus","2-s2.0-85206419238"
"Rönkä K.; Eroukhmanoff F.; Kulmuni J.; Nouhaud P.; Thorogood R.","Rönkä, Katja (57190066348); Eroukhmanoff, Fabrice (14522121100); Kulmuni, Jonna (35603494500); Nouhaud, Pierre (55366638200); Thorogood, Rose (12143680000)","57190066348; 14522121100; 35603494500; 55366638200; 12143680000","Beyond genes-for-behaviour: The potential for genomics to resolve long-standing questions in avian brood parasitism","2024","Ecology and Evolution","14","11","e70335","","","3","10.1002/ece3.70335","https://www.scopus.com/pages/publications/85210092043?origin=resultslist","Review","Final","All Open Access; Gold Open Access; Green Open Access","Scopus","2-s2.0-85210092043"
"Massatti R.; Faske T.M.; Barnes I.M.; Leger E.A.; Parchman T.L.; Richardson B.A.; Knowles L.L.","Massatti, Rob (35797407600); Faske, Trevor M. (56720364600); Barnes, Ivana M. (60027474000); Leger, Elizabeth A. (6603742789); Parchman, Thomas L. (8052851300); Richardson, Bryce A. (55499710100); Knowles, L. Lacey (57525277600)","35797407600; 56720364600; 60027474000; 6603742789; 8052851300; 55499710100; 57525277600","Suturing fragmented landscapes: Mosaic hybrid zones in plants may facilitate ecosystem resiliency","2025","Proceedings of the National Academy of Sciences of the United States of America","122","31","e2410941122","","","8","10.1073/pnas.2410941122","https://www.scopus.com/pages/publications/105012436139?origin=resultslist","Article","Final","All Open Access; Green Open Access; Hybrid Gold Open Access","Scopus","2-s2.0-105012436139"
"Bhat M.I.; Kumari A.; Kapila S.; Kapila R.","Bhat, Mohd Iqbal (57192385240); Kumari, Ankita (57550836100); Kapila, Suman (14522552200); Kapila, Rajeev (7003788183)","57192385240; 57550836100; 14522552200; 7003788183","Probiotic lactobacilli mediated changes in global epigenetic signatures of human intestinal epithelial cells during Escherichia coli challenge","2019","Annals of Microbiology","69","6","","603","612","34","10.1007/s13213-019-01451-0","https://www.scopus.com/pages/publications/85062601200?origin=resultslist","Article","Final","All Open Access; Gold Open Access","Scopus","2-s2.0-85062601200"
"Sheppard E.C.; Martin C.A.; Armstrong C.; González-Quevedo C.; Illera J.C.; Suh A.; Spurgin L.G.; Richardson D.S.","Sheppard, Eleanor C. (57577618200); Martin, Claudia A. (57222524125); Armstrong, Claire (57211445159); González-Quevedo, Catalina (15724811100); Illera, Juan Carlos (55816355800); Suh, Alexander (49862357500); Spurgin, Lewis G. (36151403000); Richardson, David S. (57207172556)","57577618200; 57222524125; 57211445159; 15724811100; 55816355800; 49862357500; 36151403000; 57207172556","Genotype–environment associations reveal genes potentially linked to avian malaria infection in populations of an endemic island bird","2024","Molecular Ecology","33","8","e17329","","","4","10.1111/mec.17329","https://www.scopus.com/pages/publications/85189547160?origin=resultslist","Article","Final","All Open Access; Green Open Access; Hybrid Gold Open Access","Scopus","2-s2.0-85189547160"
"Albero L.; Martínez-Solano Í.; Hermida M.; Vera M.; Tarroso P.; Bécares E.","Albero, Luis (57366793400); Martínez-Solano, Íñigo (6603181630); Hermida, Miguel (15053336600); Vera, Manuel (25931874800); Tarroso, Pedro (22235638300); Bécares, Eloy (6603662881)","57366793400; 6603181630; 15053336600; 25931874800; 22235638300; 6603662881","Open areas associated with traditional agriculture promote functional connectivity among amphibian demes in Mediterranean agrosystems","2023","Landscape Ecology","38","12","","3045","3059","9","10.1007/s10980-023-01725-8","https://www.scopus.com/pages/publications/85168361758?origin=resultslist","Article","Final","All Open Access; Green Open Access; Hybrid Gold Open Access","Scopus","2-s2.0-85168361758"
"Kapoor B.; Jenkins J.; Schmutz J.; Zhebentyayeva T.; Kuelheim C.; Coggeshall M.; Heim C.; Lasky J.R.; Leites L.; Islam-Faridi N.; Romero-Severson J.; DeLeo V.L.; Lucas S.M.; Lazic D.; Gailing O.; Carlson J.; Staton M.","Kapoor, Beant (58639248800); Jenkins, Jerry (55544191100); Schmutz, Jeremy (56549573500); Zhebentyayeva, Tatyana (6506047663); Kuelheim, Carsten (58705057100); Coggeshall, Mark (14014330900); Heim, Chris (57223111087); Lasky, Jesse R. (14014091900); Leites, Laura (7004187160); Islam-Faridi, Nurul (6603334606); Romero-Severson, Jeanne (6701439185); DeLeo, Victoria L. (57211938039); Lucas, Sarah M. (58704736100); Lazic, Desanka (57209830871); Gailing, Oliver (57204261691); Carlson, John (7402114949); Staton, Margaret (8677563700)","58639248800; 55544191100; 56549573500; 6506047663; 58705057100; 14014330900; 57223111087; 14014091900; 7004187160; 6603334606; 6701439185; 57211938039; 58704736100; 57209830871; 57204261691; 7402114949; 8677563700","A haplotype-resolved chromosome-scale genome for Quercus rubra L. provides insights into the genetics of adaptive traits for red oak species","2023","G3: Genes, Genomes, Genetics","13","11","jkad209","","","23","10.1093/g3journal/jkad209","https://www.scopus.com/pages/publications/85177489355?origin=resultslist","Article","Final","All Open Access; Gold Open Access; Green Open Access","Scopus","2-s2.0-85177489355"
"Quintero-Galvis J.F.; Saenz-Agudelo P.; D'Elía G.; Nespolo R.F.","Quintero-Galvis, Julian F. (55804000900); Saenz-Agudelo, Pablo (26429945900); D'Elía, Guillermo (57211811070); Nespolo, Roberto F. (6603712020)","55804000900; 26429945900; 57211811070; 6603712020","Local adaptation of Dromiciops marsupials (Microbiotheriidae) from southern South America: Implications for species management facing climate change","2024","Ecology and Evolution","14","10","e70355","","","5","10.1002/ece3.70355","https://www.scopus.com/pages/publications/85205998039?origin=resultslist","Article","Final","All Open Access; Gold Open Access; Green Open Access","Scopus","2-s2.0-85205998039"
"Kebede F.G.; Derks M.F.L.; Dessie T.; Hanotte O.; Barros C.P.; Crooijmans R.P.M.A.; Komen H.; Bastiaansen J.W.M.","Kebede, Fasil Getachew (57222136551); Derks, Martijn F.L. (57057458200); Dessie, Tadelle (24536715700); Hanotte, Olivier (7003784875); Barros, Carolina Pita (57950221600); Crooijmans, Richard P.M.A. (7003744396); Komen, Hans (6603229150); Bastiaansen, John W.M. (57214108597)","57222136551; 57057458200; 24536715700; 7003784875; 57950221600; 7003744396; 6603229150; 57214108597","Landscape genomics reveals regions associated with adaptive phenotypic and genetic variation in Ethiopian indigenous chickens","2024","BMC Genomics","25","1","284","","","10","10.1186/s12864-024-10193-6","https://www.scopus.com/pages/publications/85188087995?origin=resultslist","Article","Final","All Open Access; Gold Open Access; Green Open Access","Scopus","2-s2.0-85188087995"
"Ray D.; Berlin M.; Alia R.; Sanchez L.; Hynynen J.; González-Martinez S.; Bastien C.","Ray, Duncan (7202181435); Berlin, Mats (25654588600); Alia, Ricardo (55899093000); Sanchez, Leopoldo (7202051405); Hynynen, Jari (56150484000); González-Martinez, Santiago (7003848867); Bastien, Catherine (7003660824)","7202181435; 25654588600; 55899093000; 7202051405; 56150484000; 7003848867; 7003660824","Transformative changes in tree breeding for resilient forest restoration","2022","Frontiers in Forests and Global Change","5","","1005761","","","25","10.3389/ffgc.2022.1005761","https://www.scopus.com/pages/publications/85140327332?origin=resultslist","Review","Final","All Open Access; Gold Open Access; Green Open Access","Scopus","2-s2.0-85140327332"
"Jaffee S.R.; Price T.S.","Jaffee, S.R. (7003919744); Price, T.S. (7202062065)","7003919744; 7202062065","Gene-environment correlations: A review of the evidence and implications for prevention of mental illness","2007","Molecular Psychiatry","12","5","","432","442","486","10.1038/sj.mp.4001950","https://www.scopus.com/pages/publications/34247531449?origin=resultslist","Review","Final","All Open Access; Green Open Access","Scopus","2-s2.0-34247531449"
"Prussing C.; Emerson K.J.; Bickersmith S.A.; Sallum M.A.M.; Conn J.E.","Prussing, Catharine (55037537500); Emerson, Kevin J. (15072561600); Bickersmith, Sara A. (36622666700); Sallum, Maria Anice Mureb (7004350987); Conn, Jan E. (7101673297)","55037537500; 15072561600; 36622666700; 7004350987; 7101673297","Minimal genetic differentiation of the malaria vector Nyssorhynchus darlingi associated with forest cover level in Amazonian Brazil","2019","PLoS ONE","14","11","e0225005","","","5","10.1371/journal.pone.0225005","https://www.scopus.com/pages/publications/85075077812?origin=resultslist","Article","Final","All Open Access; Gold Open Access; Green Open Access","Scopus","2-s2.0-85075077812"
"Ojeda Alayon D.I.; Tsui C.K.M.; Feau N.; Capron A.; Dhillon B.; Zhang Y.; Massoumi Alamouti S.; Boone C.K.; Carroll A.L.; Cooke J.E.K.; Roe A.D.; Sperling F.A.H.; Hamelin R.C.","Ojeda Alayon, Dario I. (55758895700); Tsui, Clement K. M. (7103323582); Feau, Nicolas (8859031000); Capron, Arnaud (7202272911); Dhillon, Braham (25921726900); Zhang, Yiyuan (57193870502); Massoumi Alamouti, Sepideh (6602796545); Boone, Celia K. (23666651500); Carroll, Allan L. (7202435541); Cooke, Janice E. K. (56266134800); Roe, Amanda D. (15060827500); Sperling, Felix A. H. (7006178239); Hamelin, Richard C. (57197862473)","55758895700; 7103323582; 8859031000; 7202272911; 25921726900; 57193870502; 6602796545; 23666651500; 7202435541; 56266134800; 15060827500; 7006178239; 57197862473","Genetic and genomic evidence of niche partitioning and adaptive radiation in mountain pine beetle fungal symbionts","2017","Molecular Ecology","26","7","","2077","2091","36","10.1111/mec.14074","https://www.scopus.com/pages/publications/85017208792?origin=resultslist","Article","Final","","Scopus","2-s2.0-85017208792"
"Mendes C.B.; Cortez T.; Santos C.S.G.; Sobral-Souza T.; Santos A.D.; Sasaki D.K.; Silva D.A.; Dottori M.; Andrade S.C.S.","Mendes, Cecili B. (57146952900); Cortez, Thainá (57223380110); Santos, Cinthya S. G. (11540728100); Sobral-Souza, Thadeu (56658769300); Santos, Arian Dielactaquiz (57923801900); Sasaki, Dalton Kei (54394184300); Silva, Danilo Augusto (57223374167); Dottori, Marcelo (26666632600); Andrade, Sónia C. S. (59934464900)","57146952900; 57223380110; 11540728100; 56658769300; 57923801900; 54394184300; 57223374167; 26666632600; 59934464900","Seascape genetics in a polychaete worm: Disentangling the roles of a biogeographic barrier and environmental factors","2022","Journal of Biogeography","49","12","","2296","2308","6","10.1111/jbi.14504","https://www.scopus.com/pages/publications/85139686395?origin=resultslist","Article","Final","All Open Access; Green Open Access","Scopus","2-s2.0-85139686395"
"Sork V.L.","Sork, Victoria L. (6701587785)","6701587785","Gene flow and natural selection shape spatial patterns of genes in tree populations: Implications for evolutionary processes and applications","2016","Evolutionary Applications","9","1","","291","310","89","10.1111/eva.12316","https://www.scopus.com/pages/publications/84954440760?origin=resultslist","Article","Final","All Open Access; Gold Open Access; Green Open Access","Scopus","2-s2.0-84954440760"
"Rathi P.; Sukhija N.; Ganguly I.; Dixit S.P.; Singh S.; Chinnareddyvari C.S.; Dharaamshaw C.A.","Rathi, Pallavi (58809858100); Sukhija, Nidhi (57224118969); Ganguly, Indrajit (23034155600); Dixit, S.P. (7201965872); Singh, Sanjeev (60278394700); Chinnareddyvari, Chandana Sree (59299984700); Dharaamshaw, C.A. (60565369800)","58809858100; 57224118969; 23034155600; 7201965872; 60278394700; 59299984700; 60565369800","Mapping genomic adaptation to environmental heterogeneity in Indian native goat populations through landscape genomics","2026","Mammalian Genome","37","1","54","","","0","10.1007/s00335-026-10214-7","https://www.scopus.com/pages/publications/105035036331?origin=resultslist","Article","Final","All Open Access; Green Open Access","Scopus","2-s2.0-105035036331"
"Massa A.N.; Sobolev V.S.; Faustinelli P.C.; Tallury S.P.; Thomas Stalker H.; Lamb M.C.; Arias R.S.","Massa, Alicia N. (7005085848); Sobolev, Victor S. (7202818107); Faustinelli, Paola C. (23050147700); Tallury, Shyamalrau P. (8885118500); Thomas Stalker, H. (35562362500); Lamb, Marshall C. (7102285143); Arias, Renee S. (7006356224)","7005085848; 7202818107; 23050147700; 8885118500; 35562362500; 7102285143; 7006356224","Genetic diversity, disease resistance, and environmental adaptation of Arachis duranensis L.: New insights from landscape genomics","2024","PLoS ONE","19","4 April","e0299992","","","5","10.1371/journal.pone.0299992","https://www.scopus.com/pages/publications/85190904140?origin=resultslist","Article","Final","All Open Access; Gold Open Access; Green Open Access","Scopus","2-s2.0-85190904140"
"Alam Z.; Roncal J.; Peña-Castillo L.","Alam, Zobayer (57190294104); Roncal, Julissa (8618867000); Peña-Castillo, Lourdes (15127791100)","57190294104; 8618867000; 15127791100","Genetic variation associated with healthy traits and environmental conditions in Vaccinium vitis-idaea","2018","BMC Genomics","19","1","4","","","17","10.1186/s12864-017-4396-9","https://www.scopus.com/pages/publications/85039866892?origin=resultslist","Article","Final","All Open Access; Gold Open Access; Green Open Access","Scopus","2-s2.0-85039866892"
"Wang Z.; Pierce N.E.","Wang, Zhengyang (57204041589); Pierce, Naomi E. (7005923272)","57204041589; 7005923272","Fine-scale genome-wide signature of Pleistocene glaciation in Thitarodes moths (Lepidoptera: Hepialidae), host of Ophiocordyceps fungus in the Hengduan Mountains","2023","Molecular Ecology","32","11","","2695","2714","9","10.1111/mec.16457","https://www.scopus.com/pages/publications/85128161882?origin=resultslist","Article","Final","All Open Access; Hybrid Gold Open Access","Scopus","2-s2.0-85128161882"
"Xu Q.; Jin M.; Xiao H.; Peng Y.; Zhang F.; Li H.; Wu K.; Xiao Y.","Xu, Qi (58360860900); Jin, Minghui (57200856581); Xiao, Hua (57353546000); Peng, Yan (57215033974); Zhang, Fan (59908632100); Li, Hongran (57194326653); Wu, Kongming (7404512397); Xiao, Yutao (55903406200)","58360860900; 57200856581; 57353546000; 57215033974; 59908632100; 57194326653; 7404512397; 55903406200","Genomic predictions of invasiveness and adaptability of the cotton bollworm in response to climate change","2025","Journal of Genetics and Genomics","52","9","","1109","1120","6","10.1016/j.jgg.2025.01.016","https://www.scopus.com/pages/publications/105009418292?origin=resultslist","Article","Final","","Scopus","2-s2.0-105009418292"
"Theodorou P.; Radzevičiūtė R.; Kahnt B.; Soro A.; Grosse I.; Paxton R.J.","Theodorou, Panagiotis (57189846549); Radzevičiūtė, Rita (56094733500); Kahnt, Belinda (56586067100); Soro, Antonella (7007038904); Grosse, Ivo (55148735800); Paxton, Robert J. (7102371376)","57189846549; 56094733500; 56586067100; 7007038904; 55148735800; 7102371376","Genome-wide single nucleotide polymorphism scan suggests adaptation to urbanization in an important pollinator, the red-tailed bumblebee (Bombus lapidarius L.)","2018","Proceedings of the Royal Society B: Biological Sciences","285","1877","20172806","","","79","10.1098/rspb.2017.2806","https://www.scopus.com/pages/publications/85045753761?origin=resultslist","Article","Final","All Open Access; Bronze Open Access; Green Open Access","Scopus","2-s2.0-85045753761"
"Westengen O.T.; Berg P.R.; Kent M.P.; Brysting A.K.","Westengen, Ola T. (7004657134); Berg, Paul R. (7201505387); Kent, Matthew P. (7102780223); Brysting, Anne K. (6603406515)","7004657134; 7201505387; 7102780223; 6603406515","Spatial Structure and Climatic Adaptation in African Maize Revealed by Surveying SNP Diversity in Relation to Global Breeding and Landrace Panels","2012","PLoS ONE","7","10","e47832","","","20","10.1371/journal.pone.0047832","https://www.scopus.com/pages/publications/84867598682?origin=resultslist","Article","Final","All Open Access; Gold Open Access; Green Open Access","Scopus","2-s2.0-84867598682"
"Dauphin B.; Peter M.","Dauphin, Benjamin (57159806500); Peter, Martina (7202101845)","57159806500; 7202101845","Advancing research on ectomycorrhizal fungal adaptation with landscape genomics","2023","Trends in Microbiology","31","5","","439","443","6","10.1016/j.tim.2023.02.002","https://www.scopus.com/pages/publications/85149731969?origin=resultslist","Short survey","Final","All Open Access; Green Open Access; Hybrid Gold Open Access","Scopus","2-s2.0-85149731969"
"Bennett K.L.; McMillan W.O.; Loaiza J.R.","Bennett, Kelly L. (57037963100); McMillan, W. Owen (7004840804); Loaiza, Jose R. (27267808800)","57037963100; 7004840804; 27267808800","The genomic signal of local environmental adaptation in Aedes aegypti mosquitoes","2021","Evolutionary Applications","14","5","","1301","1313","34","10.1111/eva.13199","https://www.scopus.com/pages/publications/85101782590?origin=resultslist","Article","Final","All Open Access; Gold Open Access; Green Open Access","Scopus","2-s2.0-85101782590"
"Ortiz V.; Chang H.-X.; Sang H.; Jacobs J.; Malvick D.K.; Baird R.; Mathew F.M.; Estévez de Jensen C.; Wise K.A.; Mosquera G.M.; Chilvers M.I.","Ortiz, Viviana (59857139900); Chang, Hao-Xun (56363249300); Sang, Hyunkyu (55249630200); Jacobs, Janette (7403557828); Malvick, Dean K. (6602713775); Baird, Richard (7201566581); Mathew, Febina M. (36444073500); Estévez de Jensen, Consuelo (8771205500); Wise, Kiersten A. (23471134700); Mosquera, Gloria M. (6602255186); Chilvers, Martin I. (57203074497)","59857139900; 56363249300; 55249630200; 7403557828; 6602713775; 7201566581; 36444073500; 8771205500; 23471134700; 6602255186; 57203074497","Population genomic analysis reveals geographic structure and climatic diversification for Macrophomina phaseolina isolated from soybean and dry bean across the United States, Puerto Rico, and Colombia","2023","Frontiers in Genetics","14","","1103969","","","19","10.3389/fgene.2023.1103969","https://www.scopus.com/pages/publications/85162941995?origin=resultslist","Article","Final","All Open Access; Gold Open Access; Green Open Access","Scopus","2-s2.0-85162941995"
"Li H.; Hong J.; Tian J.; Zhang D.; Yang R.; Xia G.; Huang Y.","Li, Huanhuan (59710676600); Hong, Jiahong (59710119500); Tian, Jiaoyang (59710676700); Zhang, Da (57711033600); Yang, Ruifeng (58645208700); Xia, Guohua (57205886194); Huang, Youjun (24597205000)","59710676600; 59710119500; 59710676700; 57711033600; 58645208700; 57205886194; 24597205000","Genetic Diversity and Landscape Genomics of Carya dabieshanensis (M.C. Liu and Z.J. Li) in a Heterogenous Habitat","2025","Forests","16","3","455","","","0","10.3390/f16030455","https://www.scopus.com/pages/publications/105001120102?origin=resultslist","Article","Final","All Open Access; Gold Open Access","Scopus","2-s2.0-105001120102"
"Omondi E.O.; Lin C.-Y.; Huang S.-M.; Liao C.-A.; Lin Y.-P.; Oliva R.; van Zonneveld M.","Omondi, Emmanuel O. (57196006419); Lin, Chen-Yu (55584790400); Huang, Shu-Mei (55508273300); Liao, Cheng-An (59208558600); Lin, Ya-Ping (57217331221); Oliva, Ricardo (35185552300); van Zonneveld, Maarten (26024021000)","57196006419; 55584790400; 55508273300; 59208558600; 57217331221; 35185552300; 26024021000","Landscape genomics reveals genetic signals of environmental adaptation of African wild eggplants","2024","Ecology and Evolution","14","7","e11662","","","9","10.1002/ece3.11662","https://www.scopus.com/pages/publications/85197813450?origin=resultslist","Article","Final","All Open Access; Gold Open Access; Green Open Access","Scopus","2-s2.0-85197813450"
"Gómez Quijano M.J.; Gross B.L.; Etterson J.R.","Gómez Quijano, María José (59237043600); Gross, Briana L. (7202434654); Etterson, Julie R. (6602948474)","59237043600; 7202434654; 6602948474","Genetic differentiation across a steep and narrow environmental gradient: Quantitative genetic and genomic insights into Lake Superior populations of Quercus rubra","2024","Molecular Ecology","33","17","e17483","","","2","10.1111/mec.17483","https://www.scopus.com/pages/publications/85199783043?origin=resultslist","Article","Final","All Open Access; Hybrid Gold Open Access","Scopus","2-s2.0-85199783043"
"Liu S.; Li Y.; Du C.; Zhu X.; Wang S.; Zeng X.; Jia Y.","Liu, Shichao (59282717300); Li, Yongbin (60130204100); Du, Chenghang (59803491000); Zhu, Xiayu (57896916500); Wang, Shaofeng (35238986100); Zeng, Xiangfeng (55932756400); Jia, Yongfeng (57004134300)","59282717300; 60130204100; 59803491000; 57896916500; 35238986100; 55932756400; 57004134300","Metal(loid) contamination shifts microbial carbon and nitrogen cycling potential in paddy soils","2026","Journal of Hazardous Materials","515","","143137","","","0","10.1016/j.jhazmat.2026.143137","https://www.scopus.com/pages/publications/105046307970?origin=resultslist","Article","Final","","Scopus","2-s2.0-105046307970"
"Li Y.; Wang S.-C.; Li Q.; Li M.-W.; Mao R.-L.; Zhang H.-C.; Yuan W.-J.; Quan J.","Li, Yong (56179438800); Wang, Shu-Chen (57983857000); Li, Qian (57230797300); Li, Ming-Wan (56071341900); Mao, Run-Li (57190948488); Zhang, He-Chen (16644100900); Yuan, Wang-Jun (35387221700); Quan, Jine (56379737500)","56179438800; 57983857000; 57230797300; 56071341900; 57190948488; 16644100900; 35387221700; 56379737500","Comparative analysis of cold-responsive genes under short-term cold stimulation and cold-adaptive genes under long-term heterogeneous environments reveals a cold adaptation mechanism in weeping forsythia","2023","Genetica","151","1","","47","59","2","10.1007/s10709-022-00176-4","https://www.scopus.com/pages/publications/85142741560?origin=resultslist","Article","Final","","Scopus","2-s2.0-85142741560"
"Walters S.J.; Robinson T.P.; Byrne M.; Wardell-Johnson G.W.; Nevill P.","Walters, Sheree J. (57218222766); Robinson, Todd P. (8610563900); Byrne, Margaret (7202358626); Wardell-Johnson, Grant W. (6603805322); Nevill, Paul (25630973000)","57218222766; 8610563900; 7202358626; 6603805322; 25630973000","Association of putatively adaptive genetic variation with climatic variables differs between a parasite and its host","2021","Evolutionary Applications","14","7","","1732","1746","5","10.1111/eva.13234","https://www.scopus.com/pages/publications/85104052609?origin=resultslist","Article","Final","All Open Access; Gold Open Access; Green Open Access","Scopus","2-s2.0-85104052609"
"Vasquez-Gross H.A.; Yu J.J.; Figueroa B.; Gessler D.D.G.; Neale D.B.; Wegrzyn J.L.","Vasquez-Gross, Hans A. (55882051000); Yu, John J. (55119224700); Figueroa, Ben (55121893300); Gessler, Damian D.G. (6701508330); Neale, David B. (7004452224); Wegrzyn, Jill L. (16320128900)","55882051000; 55119224700; 55121893300; 6701508330; 7004452224; 16320128900","CartograTree: Connecting tree genomes, phenotypes and environment","2013","Molecular Ecology Resources","13","3","","528","537","6","10.1111/1755-0998.12067","https://www.scopus.com/pages/publications/84876339634?origin=resultslist","Article","Final","","Scopus","2-s2.0-84876339634"
"Zhang X.; Sun Y.; Landis J.B.; Zhang J.; Yang L.; Lin N.; Zhang H.; Guo R.; Li L.; Zhang Y.; Deng T.; Sun H.; Wang H.","Zhang, Xu (57192510100); Sun, Yanxia (55931702200); Landis, Jacob B. (24511878000); Zhang, Jianwen (56151335700); Yang, Linsen (57195328440); Lin, Nan (57195323368); Zhang, Huajie (57193873281); Guo, Rui (57660325300); Li, Lijuan (57213145230); Zhang, Yonghong (56662280000); Deng, Tao (56404082000); Sun, Hang (8703053500); Wang, Hengchang (8608923400)","57192510100; 55931702200; 24511878000; 56151335700; 57195328440; 57195323368; 57193873281; 57660325300; 57213145230; 56662280000; 56404082000; 8703053500; 8608923400","Genomic insights into adaptation to heterogeneous environments for the ancient relictual Circaeaster agrestis (Circaeasteraceae, Ranunculales)","2020","New Phytologist","228","1","","285","301","54","10.1111/nph.16669","https://www.scopus.com/pages/publications/85087297052?origin=resultslist","Article","Final","","Scopus","2-s2.0-85087297052"
"Schmidt T.L.; Filipović I.; Hoffmann A.A.; Rašić G.","Schmidt, Thomas L. (57194449122); Filipović, Igor (56134096400); Hoffmann, Ary A. (7401903027); Rašić, Gordana (56252756500)","57194449122; 56134096400; 7401903027; 56252756500","Fine-scale landscape genomics helps explain the slow spatial spread of Wolbachia through the Aedes aegypti population in Cairns, Australia","2018","Heredity","120","5","","386","395","76","10.1038/s41437-017-0039-9","https://www.scopus.com/pages/publications/85040791219?origin=resultslist","Article","Final","All Open Access; Bronze Open Access; Green Open Access","Scopus","2-s2.0-85040791219"
"Hartke J.; Waldvogel A.-M.; Sprenger P.P.; Schmitt T.; Menzel F.; Pfenninger M.; Feldmeyer B.","Hartke, Juliane (57210570369); Waldvogel, Ann-Marie (57201299410); Sprenger, Philipp P. (57202252264); Schmitt, Thomas (57213438413); Menzel, Florian (14626682300); Pfenninger, Markus (6603948584); Feldmeyer, Barbara (24080453500)","57210570369; 57201299410; 57202252264; 57213438413; 14626682300; 6603948584; 24080453500","Little parallelism in genomic signatures of local adaptation in two sympatric, cryptic sister species","2021","Journal of Evolutionary Biology","34","6","","937","952","12","10.1111/jeb.13742","https://www.scopus.com/pages/publications/85099854788?origin=resultslist","Conference paper","Final","All Open Access; Green Open Access; Hybrid Gold Open Access","Scopus","2-s2.0-85099854788"
"Soudi S.; Crepeau M.; Collier T.C.; Lee Y.; Cornel A.J.; Lanzaro G.C.","Soudi, Shaghayegh (59866841600); Crepeau, Marc (24079982600); Collier, Travis C. (7102205527); Lee, Yoosook (13006883200); Cornel, Anthony J. (35582237800); Lanzaro, Gregory C. (7004655302)","59866841600; 24079982600; 7102205527; 13006883200; 35582237800; 7004655302","Genomic signatures of local adaptation in recent invasive Aedes aegypti populations in California","2023","BMC Genomics","24","1","311","","","9","10.1186/s12864-023-09402-5","https://www.scopus.com/pages/publications/85161639967?origin=resultslist","Article","Final","All Open Access; Gold Open Access; Green Open Access","Scopus","2-s2.0-85161639967"
"Huang C.-G.; Tseng Y.-C.; Yu T.-H.; Cheng H.-C.; Tsai T.-J.; Ting J.-H.; Ho H.-Y.; Lee Y.-Z.; Chiu Y.-C.; Huang Y.-T.; Shih T.-C.; Hsiao H.-Y.; Wu Y.-J.; Li S.-Y.; Huang Y.-C.; Yang Y.-C.; Chen P.-Q.; Hsiao C.-Y.; Wang H.-Y.","Huang, Chin-Gi (8319222800); Tseng, Yi-Cheng (57191277798); Yu, Tsung-Han (59504995100); Cheng, Hui-Ching (58496365900); Tsai, Tsung-Ju (59504355900); Ting, Jou-Hsin (59504995200); Ho, Hsin-Yi (59504356000); Lee, Ya-Zhe (59504356100); Chiu, Yen-Chieh (59504783100); Huang, Yu-Ting (59505641200); Shih, Ting-Chun (59504995300); Hsiao, Hsiang-Yu (59504783200); Wu, Yi-Jun (59504568800); Li, Shi-Ya (59504356200); Huang, Yu-Chi (59504783300); Yang, Yung-Cheng (59504149600); Chen, Pei-Qi (59504149700); Hsiao, Chun-Yi (59505420500); Wang, Hurng-Yi (15847421600)","8319222800; 57191277798; 59504995100; 58496365900; 59504355900; 59504995200; 59504356000; 59504356100; 59504783100; 59505641200; 59504995300; 59504783200; 59504568800; 59504356200; 59504783300; 59504149600; 59504149700; 59505420500; 15847421600","The Impact of Administrative Districts and Urban Landscape on the Dispersal of Aedes aegypti via Genetic Differentiation","2025","Molecular Ecology","34","3","e17644","","","1","10.1111/mec.17644","https://www.scopus.com/pages/publications/85214428369?origin=resultslist","Article","Final","","Scopus","2-s2.0-85214428369"
"Guerrero J.; Andrello M.; Burgarella C.; Manel S.","Guerrero, Jimena (57004338200); Andrello, Marco (39161023800); Burgarella, Concetta (23003416400); Manel, Stephanie (6602603534)","57004338200; 39161023800; 23003416400; 6602603534","Soil environment is a key driver of adaptation in Medicago truncatula: new insights from landscape genomics","2018","New Phytologist","219","1","","378","390","35","10.1111/nph.15171","https://www.scopus.com/pages/publications/85047787279?origin=resultslist","Article","Final","","Scopus","2-s2.0-85047787279"
"Hand B.K.; Lowe W.H.; Kovach R.P.; Muhlfeld C.C.; Luikart G.","Hand, Brian K. (54399946400); Lowe, Winsor H. (7102817264); Kovach, Ryan P. (36135550900); Muhlfeld, Clint C. (6602958349); Luikart, Gordon (7004104406)","54399946400; 7102817264; 36135550900; 6602958349; 7004104406","Landscape community genomics: Understanding eco-evolutionary processes in complex environments","2015","Trends in Ecology and Evolution","30","3","","161","168","66","10.1016/j.tree.2015.01.005","https://www.scopus.com/pages/publications/84923605961?origin=resultslist","Review","Final","","Scopus","2-s2.0-84923605961"
"Kardum Hjort C.; Paris J.R.; Smith H.G.; Dudaniec R.Y.","Kardum Hjort, Cecilia (57203890707); Paris, Josephine R. (56666770200); Smith, Henrik G. (56517354500); Dudaniec, Rachael Y. (12770992000)","57203890707; 56666770200; 56517354500; 12770992000","Selection despite low genetic diversity and high gene flow in a rapid island invasion of the bumblebee, Bombus terrestris","2024","Molecular Ecology","33","2","e17212","","","16","10.1111/mec.17212","https://www.scopus.com/pages/publications/85177564067?origin=resultslist","Article","Final","All Open Access; Hybrid Gold Open Access","Scopus","2-s2.0-85177564067"
"Frachon L.; Arrigo L.; Rusman Q.; Poveda L.; Qi W.; Scopece G.; Schiestl F.P.","Frachon, Léa (56466056100); Arrigo, Luca (57950433900); Rusman, Quint (57200275723); Poveda, Lucy (55362980200); Qi, Weihong (8269893200); Scopece, Giovanni (22954848800); Schiestl, Florian P (6603811931)","56466056100; 57950433900; 57200275723; 55362980200; 8269893200; 22954848800; 6603811931","Putative Signals of Generalist Plant Species Adaptation to Local Pollinator Communities and Abiotic Factors","2023","Molecular Biology and Evolution","40","3","msad036","","","16","10.1093/molbev/msad036","https://www.scopus.com/pages/publications/85150311830?origin=resultslist","Article","Final","All Open Access; Gold Open Access; Green Open Access","Scopus","2-s2.0-85150311830"
"Miranda R.B.; Brandão R.A.; O’Connell K.; Colli G.R.; Tonini J.F.R.; Pyron R.A.","Miranda, Rogério Benevides (57188630890); Brandão, Reuber Albuquerque (7004843773); O’Connell, Kyle (56870903500); Colli, Guarino Rinaldi (55663851000); Tonini, João F. R. (26032438500); Pyron, R. Alexander (18837505100)","57188630890; 7004843773; 56870903500; 55663851000; 26032438500; 18837505100","Multilocus environmental adaptation and population structure in the Cerrado gecko Gymnodactylus amarali (Sauria, Phyllodactylidae) from Serra da Mesa Hydroelectric Plant, Central Brazil","2023","Frontiers in Ecology and Evolution","11","","980777","","","2","10.3389/fevo.2023.980777","https://www.scopus.com/pages/publications/85169579110?origin=resultslist","Article","Final","All Open Access; Gold Open Access; Green Open Access","Scopus","2-s2.0-85169579110"
"Zhang J.; Zhang S.; Zheng Z.; Lu Z.; Yang Y.","Zhang, Jin (59648866100); Zhang, Shangzhe (57221106151); Zheng, Zeyu (57214890896); Lu, Zhiqiang (55872125800); Yang, Yongzhi (55938681700)","59648866100; 57221106151; 57214890896; 55872125800; 55938681700","Genomic divergence between two sister Ostrya species through linked selection and recombination","2022","Ecology and Evolution","12","12","e9611","","","3","10.1002/ece3.9611","https://www.scopus.com/pages/publications/85145300833?origin=resultslist","Article","Final","All Open Access; Gold Open Access; Green Open Access","Scopus","2-s2.0-85145300833"
"Chano V.; Krutovsky K.V.; Cao H.; Müller M.; Tost M.; Vu G.; Wilhelmi S.; Gailing O.","Chano, Victor (56560075700); Krutovsky, Konstantin V. (7801502121); Cao, Hieu (55880389400); Müller, Markus (56525746800); Tost, Mila (57640235000); Vu, Giang (25653385500); Wilhelmi, Selina (58514586200); Gailing, Oliver (57204261691)","56560075700; 7801502121; 55880389400; 56525746800; 57640235000; 25653385500; 58514586200; 57204261691","Tree population genomics","2025","Biotechnology Applications in Forestry: Forest Microbiology: Volume 4","","","","325","356","1","10.1016/B978-0-443-21903-0.00020-5","https://www.scopus.com/pages/publications/85218371650?origin=resultslist","Book chapter","Final","All Open Access; Green Open Access","Scopus","2-s2.0-85218371650"
"Porth I.; Klápště J.; McKown A.D.; La Mantia J.; Guy R.D.; Ingvarsson P.K.; Hamelin R.; Mansfield S.D.; Ehlting J.; Douglas C.J.; El-Kassaby Y.A.","Porth, Ilga (6507668982); Klápště, Jaroslav (57203881366); McKown, Athena D. (8858406300); La Mantia, Jonathan (41661710400); Guy, Robert D. (35279800200); Ingvarsson, Pär K. (7003949499); Hamelin, Richard (57197862473); Mansfield, Shawn D. (7006421766); Ehlting, Jürgen (6508049188); Douglas, Carl J. (35943724100); El-Kassaby, Yousry A. (7005932114)","6507668982; 57203881366; 8858406300; 41661710400; 35279800200; 7003949499; 57197862473; 7006421766; 6508049188; 35943724100; 7005932114","Evolutionary quantitative genomics of Populus trichocarpa","2015","PLoS ONE","10","11","e0142864","","","24","10.1371/journal.pone.0142864","https://www.scopus.com/pages/publications/84958025676?origin=resultslist","Article","Final","All Open Access; Gold Open Access; Green Open Access","Scopus","2-s2.0-84958025676"
"Nazareno A.G.; Dick C.W.; Lohmann L.G.","Nazareno, Alison G. (23568604600); Dick, Christopher W. (35513100200); Lohmann, Lúcia G. (12242989100)","23568604600; 35513100200; 12242989100","Tangled banks: A landscape genomic evaluation of Wallace's Riverine barrier hypothesis for three Amazon plant species","2019","Molecular Ecology","28","5","","980","997","27","10.1111/mec.14948","https://www.scopus.com/pages/publications/85061306687?origin=resultslist","Article","Final","All Open Access; Bronze Open Access; Green Open Access","Scopus","2-s2.0-85061306687"
"Finger N.; Farleigh K.; Bracken J.T.; LeachCrossed D sign© A.D.; François O.; Yang Z.; Flouri T.; Charran T.; Jezkova T.; Williams D.A.; Blair C.","Finger, Nicholas (57226242612); Farleigh, Keaka (57222080789); Bracken, Jason T (57195494038); LeachCrossed D sign©, Adam D (57950670900); François, Olivier (7004552804); Yang, Ziheng (8148132700); Flouri, Tomas (35203239100); Charran, Tristan (57424954100); Jezkova, Tereza (19639694200); Williams, Dean A (7407413045); Blair, Christopher (26433100400)","57226242612; 57222080789; 57195494038; 57950670900; 7004552804; 8148132700; 35203239100; 57424954100; 19639694200; 7407413045; 26433100400","Genome-Scale Data Reveal Deep Lineage Divergence and a Complex Demographic History in the Texas Horned Lizard (Phrynosoma cornutum) throughout the Southwestern and Central United States","2022","Genome Biology and Evolution","14","1","evab260","","","22","10.1093/gbe/evab260","https://www.scopus.com/pages/publications/85123392557?origin=resultslist","Article","Final","All Open Access; Gold Open Access; Green Open Access","Scopus","2-s2.0-85123392557"
"Bellis E.S.; Kelly E.A.; Lorts C.M.; Gao H.; DeLeo V.L.; Rouhan G.; Budden A.; Bhaskara G.B.; Hu Z.; Muscarella R.; Timko M.P.; Nebie B.; Runo S.M.; Chilcoat N.D.; Juenger T.E.; Morris G.P.; dePamphilis C.W.; Lasky J.R.","Bellis, Emily S. (57188843719); Kelly, Elizabeth A. (57210317889); Lorts, Claire M. (57211779960); Gao, Huirong (12800176400); DeLeo, Victoria L. (57211938039); Rouhan, Germinal (6508281741); Budden, Andrew (57204686502); Bhaskara, Govinal B. (55353246400); Hu, Zhenbin (55500453100); Muscarella, Robert (22935566500); Timko, Michael P. (7004920958); Nebie, Baloua (57193532744); Runo, Steven M. (36909262500); Chilcoat, N. Doane (57216896487); Juenger, Thomas E. (8763161000); Morris, Geoffrey P. (13611918900); dePamphilis, Claude W. (55664042900); Lasky, Jesse R. (14014091900)","57188843719; 57210317889; 57211779960; 12800176400; 57211938039; 6508281741; 57204686502; 55353246400; 55500453100; 22935566500; 7004920958; 57193532744; 36909262500; 57216896487; 8763161000; 13611918900; 55664042900; 14014091900","Genomics of sorghum local adaptation to a parasitic plant","2020","Proceedings of the National Academy of Sciences of the United States of America","117","8","","4243","4251","81","10.1073/pnas.1908707117","https://www.scopus.com/pages/publications/85080047446?origin=resultslist","Article","Final","All Open Access; Green Open Access","Scopus","2-s2.0-85080047446"
"Laccetti L.; Carta A.; Barone Lumaga M.R.; Frachon L.; Scopece G.","Laccetti, Lucrezia (57891311900); Carta, Angelino (36833535400); Barone Lumaga, Maria Rosaria (57200858872); Frachon, Léa (56466056100); Scopece, Giovanni (22954848800)","57891311900; 36833535400; 57200858872; 56466056100; 22954848800","Genomic signatures of adaptation in seed traits in the wild plant Brassica incana","2025","Communications Biology","8","1","1225","","","0","10.1038/s42003-025-08673-w","https://www.scopus.com/pages/publications/105013398074?origin=resultslist","Article","Final","All Open Access; Gold Open Access; Green Open Access","Scopus","2-s2.0-105013398074"
"Hernandez-Castro L.E.; Villacís A.G.; Jacobs A.; Cheaib B.; Day C.C.; Ocaña-Mayorga S.; Yumiseva C.A.; Bacigalupo A.; Andersson B.; Matthews L.; Landguth E.L.; Costales J.A.; Llewellyn M.S.; Grijalva M.J.","Hernandez-Castro, Luis E. (57195285625); Villacís, Anita G. (25655616400); Jacobs, Arne (56583412200); Cheaib, Bachar (35408614500); Day, Casey C. (55549339500); Ocaña-Mayorga, Sofía (15846382600); Yumiseva, Cesar A. (36970389400); Bacigalupo, Antonella (36514203600); Andersson, Björn (7401941929); Matthews, Louise (7202488795); Landguth, Erin L. (35268710300); Costales, Jaime A. (6701387234); Llewellyn, Martin S. (7006823399); Grijalva, Mario J. (6602824393)","57195285625; 25655616400; 56583412200; 35408614500; 55549339500; 15846382600; 36970389400; 36514203600; 7401941929; 7202488795; 35268710300; 6701387234; 7006823399; 6602824393","Population genomics and geographic dispersal in Chagas disease vectors: Landscape drivers and evidence of possible adaptation to the domestic setting","2022","PLoS Genetics","18","2","e1010019","","","10","10.1371/journal.pgen.1010019","https://www.scopus.com/pages/publications/85124616406?origin=resultslist","Article","Final","All Open Access; Gold Open Access; Green Open Access","Scopus","2-s2.0-85124616406"
"Oyler-McCance S.J.; Oh K.P.; Langin K.M.; Aldridge C.L.","Oyler-McCance, Sara J. (6603116295); Oh, Kevin P. (14822518400); Langin, Kathryn M. (14834168900); Aldridge, Cameron L. (7003467457)","6603116295; 14822518400; 14834168900; 7003467457","A field ornithologist's guide to genomics: Practical considerations for ecology and conservation","2016","Auk","133","4","","626","648","20","10.1642/AUK-16-49.1","https://www.scopus.com/pages/publications/84979899266?origin=resultslist","Review","Final","All Open Access; Bronze Open Access","Scopus","2-s2.0-84979899266"
"Sun P.-W.","Sun, Pei-Wei (58983319200)","58983319200","Bringing environment back into human evolution: why human genetics needs genome-environment association studies","2026","Human Genetics","145","1","42","","","0","10.1007/s00439-026-02838-1","https://www.scopus.com/pages/publications/105038325036?origin=resultslist","Article","Final","","Scopus","2-s2.0-105038325036"
"Van Deurs S.; Reutimann O.; Luqman H.; Lifshitz D.; Mayzlish-Gati E.; Alexander J.; Fior S.","Van Deurs, Samantha (59661081000); Reutimann, Oliver (57204183639); Luqman, Hirzi (57201487810); Lifshitz, Dikla (57191990016); Mayzlish-Gati, Einav (24376521400); Alexander, Jake (7404460133); Fior, Simone (12767743200)","59661081000; 57204183639; 57201487810; 57191990016; 24376521400; 7404460133; 12767743200","Genomic Signatures of Adaptation Across a Precipitation Gradient From Niche Centre to Niche Edge","2025","Molecular Ecology","34","6","e17696","","","4","10.1111/mec.17696","https://www.scopus.com/pages/publications/85219200994?origin=resultslist","Article","Final","All Open Access; Green Open Access; Hybrid Gold Open Access","Scopus","2-s2.0-85219200994"
"Egan L.M.; Stiller W.N.","Egan, Lucy M. (57211296145); Stiller, Warwick N. (6602129244)","57211296145; 6602129244","The Past, Present, and Future of Host Plant Resistance in Cotton: An Australian Perspective","2022","Frontiers in Plant Science","13","","895877","","","19","10.3389/fpls.2022.895877","https://www.scopus.com/pages/publications/85131323649?origin=resultslist","Review","Final","All Open Access; Gold Open Access; Green Open Access","Scopus","2-s2.0-85131323649"
"Wenzel M.A.; Douglas A.; James M.C.; Redpath S.M.; Piertney S.B.","Wenzel, Marius A. (55189414300); Douglas, Alex (7202732709); James, Marianne C (36815865700); Redpath, Steve M (55401884400); Piertney, Stuart B (7004189994)","55189414300; 7202732709; 36815865700; 55401884400; 7004189994","The role of parasite-driven selection in shaping landscape genomic structure in red grouse (Lagopus lagopus scotica)","2016","Molecular Ecology","25","1","","324","341","11","10.1111/mec.13473","https://www.scopus.com/pages/publications/84954076984?origin=resultslist","Article","Final","All Open Access; Bronze Open Access","Scopus","2-s2.0-84954076984"
"Bentley B.P.; Cheng B.S.; Brennan R.S.; Swenson J.D.; Adkins J.L.; Villeneuve A.R.; Komoroske L.M.","Bentley, Blair P. (55810111000); Cheng, Brian S. (36143694300); Brennan, Reid S. (55886615200); Swenson, John D. (57203925943); Adkins, Jamie L. (57200419046); Villeneuve, Andrew R. (57193684790); Komoroske, Lisa M. (37110856900)","55810111000; 36143694300; 55886615200; 57203925943; 57200419046; 57193684790; 37110856900","Successful Invasion Into New Environments Without Evidence of Rapid Adaptation by a Predatory Marine Gastropod","2024","Molecular Ecology","33","23","e17575","","","2","10.1111/mec.17575","https://www.scopus.com/pages/publications/85208814985?origin=resultslist","Article","Final","","Scopus","2-s2.0-85208814985"
"Lu M.; Loopstra C.A.; Krutovsky K.V.","Lu, Mengmeng (57191618582); Loopstra, Carol A. (6602691232); Krutovsky, Konstantin V. (7801502121)","57191618582; 6602691232; 7801502121","Detecting the genetic basis of local adaptation in loblolly pine (Pinus taeda L.) using whole exome-wide genotyping and an integrative landscape genomics analysis approach","2019","Ecology and Evolution","9","12","","6798","6809","19","10.1002/ece3.5225","https://www.scopus.com/pages/publications/85069965085?origin=resultslist","Article","Final","All Open Access; Gold Open Access; Green Open Access","Scopus","2-s2.0-85069965085"
"Zou Y.; Yang W.; Zhang R.; Xu X.","Zou, Yang (58243889100); Yang, Weidong (57666424400); Zhang, Ruxue (59363764300); Xu, Xinwei (56168074000)","58243889100; 57666424400; 59363764300; 56168074000","Signatures of local adaptation and maladaptation to future climate in wild Zizania latifolia","2024","Communications Biology","7","1","1313","","","9","10.1038/s42003-024-07036-1","https://www.scopus.com/pages/publications/85206123542?origin=resultslist","Article","Final","All Open Access; Gold Open Access; Green Open Access","Scopus","2-s2.0-85206123542"
"Shu M.; Moran E.V.","Shu, Mengjun (57196439695); Moran, Emily V. (14629212700)","57196439695; 14629212700","Identifying genetic variation associated with environmental gradients and drought-tolerance phenotypes in ponderosa pine","2023","Ecology and Evolution","13","10","e10620","","","6","10.1002/ece3.10620","https://www.scopus.com/pages/publications/85174452806?origin=resultslist","Article","Final","All Open Access; Gold Open Access; Green Open Access","Scopus","2-s2.0-85174452806"
"Walters S.J.; Robinson T.P.; Byrne M.; Wardell-Johnson G.W.; Nevill P.","Walters, Sheree J. (57218222766); Robinson, Todd P. (8610563900); Byrne, Margaret (7202358626); Wardell-Johnson, Grant W. (6603805322); Nevill, Paul (25630973000)","57218222766; 8610563900; 7202358626; 6603805322; 25630973000","Contrasting patterns of local adaptation along climatic gradients between a sympatric parasitic and autotrophic tree species","2020","Molecular Ecology","29","16","","3022","3037","11","10.1111/mec.15537","https://www.scopus.com/pages/publications/85088374055?origin=resultslist","Article","Final","","Scopus","2-s2.0-85088374055"
"Boyle J.H.; Martins D.; Musili P.M.; Pierce N.E.","Boyle, John H. (56471254400); Martins, Dino (16643511500); Musili, Paul M. (57192666537); Pierce, Naomi E. (7005923272)","56471254400; 16643511500; 57192666537; 7005923272","Population genomics and demographic sampling of the ant-plant Vachellia drepanolobium and its symbiotic ants from sites across its range in East Africa","2019","Frontiers in Ecology and Evolution","7","JUN","206","","","7","10.3389/fevo.2019.00206","https://www.scopus.com/pages/publications/85068597827?origin=resultslist","Article","Final","All Open Access; Gold Open Access; Green Open Access","Scopus","2-s2.0-85068597827"
"Reinar W.B.; Greulich A.; Stø I.M.; Knutsen J.B.; Reitan T.; Tørresen O.K.; Jentoft S.; Butenko M.A.; Jakobsen K.S.","Reinar, William B. (57192959157); Greulich, Anne (57868766800); Stø, Ida M. (55907871800); Knutsen, Jonfinn B. (57868227400); Reitan, Trond (8720605200); Tørresen, Ole K. (36129758300); Jentoft, Sissel (8543887400); Butenko, Melinka A. (14024159400); Jakobsen, Kjetill S. (7005413513)","57192959157; 57868766800; 55907871800; 57868227400; 8720605200; 36129758300; 8543887400; 14024159400; 7005413513","Adaptive protein evolution through length variation of short tandem repeats in Arabidopsis","2023","Science Advances","9","12","eadd6960","","","19","10.1126/sciadv.add6960","https://www.scopus.com/pages/publications/85150856829?origin=resultslist","Article","Final","All Open Access; Gold Open Access; Green Open Access","Scopus","2-s2.0-85150856829"
"Pozzi C.M.; Gaiti A.; Spada A.","Pozzi, Carlo M. (7005768265); Gaiti, Angelo (58441234100); Spada, Alberto (7102287337)","7005768265; 58441234100; 7102287337","Climate change and plant genomic plasticity","2025","Theoretical and Applied Genetics","138","9","231","","","9","10.1007/s00122-025-05010-x","https://www.scopus.com/pages/publications/105014190950?origin=resultslist","Review","Final","All Open Access; Green Open Access; Hybrid Gold Open Access","Scopus","2-s2.0-105014190950"
"Neyhart J.L.; Kantar M.B.; Zalapa J.; Vorsa N.","Neyhart, Jeffrey L. (57194216583); Kantar, Michael B. (57204663175); Zalapa, Juan (14619931500); Vorsa, Nicholi (6604007402)","57194216583; 57204663175; 14619931500; 6604007402","Genomic-environmental associations in wild cranberry (Vaccinium macrocarpon Ait.)","2022","G3: Genes, Genomes, Genetics","12","10","jkac203","","","18","10.1093/g3journal/jkac203","https://www.scopus.com/pages/publications/85139418820?origin=resultslist","Article","Final","All Open Access; Gold Open Access; Green Open Access","Scopus","2-s2.0-85139418820"
"Wenzel M.A.; Piertney S.B.","Wenzel, Marius A. (55189414300); Piertney, Stuart B. (7004189994)","55189414300; 7004189994","Fine-scale population epigenetic structure in relation to gastrointestinal parasite load in red grouse (Lagopus lagopus scotica)","2014","Molecular Ecology","23","17","","4256","4273","44","10.1111/mec.12833","https://www.scopus.com/pages/publications/84906944156?origin=resultslist","Article","Final","All Open Access; Green Open Access; Hybrid Gold Open Access","Scopus","2-s2.0-84906944156"
"Zeng Y.; Verhoef A.; Vereecken H.; Ben-Dor E.; Veldkamp T.; Shaw L.; Van Der Ploeg M.; Wang Y.; Su Z.","Zeng, Yijian (26039604700); Verhoef, Anne (55777020000); Vereecken, Harry (7004082452); Ben-Dor, Eyal (7003384607); Veldkamp, Tom (7005175993); Shaw, Liz (7402573164); Van Der Ploeg, Martine (18635801500); Wang, Yunfei (57221921177); Su, Zhongbo (57204150801)","26039604700; 55777020000; 7004082452; 7003384607; 7005175993; 7402573164; 18635801500; 57221921177; 57204150801","Monitoring and Modeling the Soil-Plant System Toward Understanding Soil Health","2025","Reviews of Geophysics","63","1","e2024RG000836","","","49","10.1029/2024RG000836","https://www.scopus.com/pages/publications/85215771852?origin=resultslist","Review","Final","All Open Access; Green Open Access; Hybrid Gold Open Access","Scopus","2-s2.0-85215771852"
"Omondi E.; Barchi L.; Gaccione L.; Portis E.; Toppino L.; Tassone M.R.; Alonso D.; Prohens J.; Rotino G.L.; Schafleitner R.; van Zonneveld M.; Giuliano G.","Omondi, Emmanuel (57196006419); Barchi, Lorenzo (8385780700); Gaccione, Luciana (58139531400); Portis, Ezio (6602657344); Toppino, Laura (24178008400); Tassone, Maria Rosaria (57878146300); Alonso, David (58707268900); Prohens, Jaime (6701497184); Rotino, Giuseppe Leonardo (6602221950); Schafleitner, Roland (16064549900); van Zonneveld, Maarten (26024021000); Giuliano, Giovanni (7102027677)","57196006419; 8385780700; 58139531400; 6602657344; 24178008400; 57878146300; 58707268900; 6701497184; 6602221950; 16064549900; 26024021000; 7102027677","Association analyses reveal both anthropic and environmental selective events during eggplant domestication","2025","Plant Journal","121","3","e17229","","","7","10.1111/tpj.17229","https://www.scopus.com/pages/publications/85217054727?origin=resultslist","Article","Final","All Open Access; Green Open Access; Hybrid Gold Open Access","Scopus","2-s2.0-85217054727"
"Paolini K.E.; Schwartz M.K.; Friggens M.M.; Cushman S.A.; Weckworth J.K.; Holbrook J.D.","Paolini, Kelsey E. (57203454669); Schwartz, Michael K. (7404648559); Friggens, Megan M. (8972883500); Cushman, Samuel A. (7006293279); Weckworth, Julie K. (57216762149); Holbrook, Joseph D. (54924100600)","57203454669; 7404648559; 8972883500; 7006293279; 57216762149; 54924100600","A review of population and landscape level dynamics associated with pneumonia outbreaks in bighorn sheep with implications for land management","2023","Conservation Science and Practice","5","7","e12956","","","8","10.1111/csp2.12956","https://www.scopus.com/pages/publications/85161351923?origin=resultslist","Review","Final","All Open Access; Gold Open Access; Green Open Access","Scopus","2-s2.0-85161351923"
"Muller L.A.H.; Lucas J.E.; Georgianna D.R.; McCusker J.H.","Muller, L.A.H. (7202050728); Lucas, J.E. (23060693200); Georgianna, D.R. (17345618200); McCusker, J.H. (7103093422)","7202050728; 23060693200; 17345618200; 7103093422","Genome-wide association analysis of clinical vs. nonclinical origin provides insights into Saccharomyces cerevisiae pathogenesis","2011","Molecular Ecology","20","19","","4085","4097","42","10.1111/j.1365-294X.2011.05225.x","https://www.scopus.com/pages/publications/80053267267?origin=resultslist","Article","Final","All Open Access; Green Open Access","Scopus","2-s2.0-80053267267"
"Li Y.; Guo B.; O'Connor T.D.; Takala-Harrison S.; Stewart K.","Li, Yao (57204365985); Guo, Bing (57192414583); O'Connor, Timothy D. (22953918800); Takala-Harrison, Shannon (36129777400); Stewart, Kathleen (57203043731)","57204365985; 57192414583; 22953918800; 36129777400; 57203043731","Improving Malaria Parasite Gene Flow Inference Under Sparse Spatial Sampling","2026","Molecular Ecology Resources","26","6","e70182","","","0","10.1111/1755-0998.70182","https://www.scopus.com/pages/publications/105046617515?origin=resultslist","Article","Final","All Open Access; Green Open Access; Hybrid Gold Open Access","Scopus","2-s2.0-105046617515"
"Sumitha M.K.; Kalimuthu M.; Kumar M.S.; Paramasivan R.; Kumar N.P.; Sunish I.P.; Balaji T.; Sarma D.K.; Kumar D.; Suman D.S.; Srivastava H.; Bhowmick I.P.; Vaishnav K.; Singh O.P.; Patil P.B.; Tyagi S.; Mohanty S.S.; Barik T.K.; Uragayala S.; Kumar A.; Gupta B.","Sumitha, Melveettil Kishor (57208803435); Kalimuthu, Mariapillai (56193791500); Kumar, Mayandi Senthil (59037717500); Paramasivan, Rajaiah (14044195800); Kumar, Narendran Pradeep (7401450402); Sunish, Ittoop Pulikkottil (6603624194); Balaji, Thiruppathi (55867067400); Sarma, Devojit Kumar (26967856200); Kumar, Devendra (57315481700); Suman, Devi Shankar (24725392300); Srivastava, Hemlata (59880625100); Bhowmick, Ipsita Pal (35095093100); Vaishnav, Keshav (15830465900); Singh, Om P. (57201677783); Patil, Prabhakar B. (58710018200); Tyagi, Suchi (37762278300); Mohanty, Suman S. (7202570263); Barik, Tapan Kumar (36665752600); Uragayala, Sreehari (6506964861); Kumar, Ashwani (57218323719); Gupta, Bhavna (55326705800)","57208803435; 56193791500; 59037717500; 14044195800; 7401450402; 6603624194; 55867067400; 26967856200; 57315481700; 24725392300; 59880625100; 35095093100; 15830465900; 57201677783; 58710018200; 37762278300; 7202570263; 36665752600; 6506964861; 57218323719; 55326705800","Genetic differentiation among Aedes aegypti populations from different eco-geographical zones of India","2023","PLoS Neglected Tropical Diseases","17","7 July","e0011486","","","19","10.1371/journal.pntd.0011486","https://www.scopus.com/pages/publications/85166658461?origin=resultslist","Article","Final","All Open Access; Gold Open Access; Green Open Access","Scopus","2-s2.0-85166658461"
"Zhang X.; Guo R.; Shen R.; Landis J.B.; Jiang Q.; Liu F.; Wang H.; Yao X.","Zhang, Xu (57192510100); Guo, Rui (57660325300); Shen, Ruinan (57209802084); Landis, Jacob B. (24511878000); Jiang, Quan (57733723800); Liu, Fang (57205223688); Wang, Hengchang (8608923400); Yao, Xiaohong (13806137600)","57192510100; 57660325300; 57209802084; 24511878000; 57733723800; 57205223688; 8608923400; 13806137600","The genomic and epigenetic footprint of local adaptation to variable climates in kiwifruit","2023","Horticulture Research","10","4","uhad031","","","22","10.1093/hr/uhad031","https://www.scopus.com/pages/publications/85174404147?origin=resultslist","Article","Final","All Open Access; Gold Open Access; Green Open Access","Scopus","2-s2.0-85174404147"
"López-Márquez V.; Cushman S.A.; Templado J.; Wan H.Y.; Bothwell H.M.; Machordom A.","López-Márquez, Violeta (55498565500); Cushman, Samuel A. (7006293279); Templado, José (6602368299); Wan, Ho Yi (56197059600); Bothwell, Helen M. (55363179600); Machordom, Annie (55991046600)","55498565500; 7006293279; 6602368299; 56197059600; 55363179600; 55991046600","Genetic connectivity of two marine gastropods in the Mediterranean Sea: seascape genetics reveals species-specific oceanographic drivers of gene flow","2021","Molecular Ecology","30","19","","4608","4629","18","10.1111/mec.16080","https://www.scopus.com/pages/publications/85111660331?origin=resultslist","Article","Final","","Scopus","2-s2.0-85111660331"
"Li Y.; Si Y.-T.; He Y.-X.; Li J.-X.","Li, Yong (56179438800); Si, Yu-Tao (57222243247); He, Yan-Xia (55498950800); Li, Jia-Xin (57204805109)","56179438800; 57222243247; 55498950800; 57204805109","Comparative analysis of drought-responsive and -adaptive genes in Chinese wingnut (Pterocarya stenoptera C. DC)","2021","BMC Genomics","22","1","155","","","7","10.1186/s12864-021-07470-z","https://www.scopus.com/pages/publications/85101988665?origin=resultslist","Article","Final","All Open Access; Gold Open Access; Green Open Access","Scopus","2-s2.0-85101988665"
"Sandercock A.M.; Westbrook J.W.; Zhang Q.; Holliday J.A.","Sandercock, Alexander M. (57640459300); Westbrook, Jared W. (38562486900); Zhang, Qian (57194166164); Holliday, Jason A. (23968732300)","57640459300; 38562486900; 57194166164; 23968732300","A genome-guided strategy for climate resilience in American chestnut restoration populations","2024","Proceedings of the National Academy of Sciences of the United States of America","121","30","e2403505121","","","18","10.1073/pnas.2403505121","https://www.scopus.com/pages/publications/85199015940?origin=resultslist","Article","Final","All Open Access; Green Open Access; Hybrid Gold Open Access","Scopus","2-s2.0-85199015940"
"Smith C.C.; Weber J.N.; Mikheyev A.S.; Roces F.; Bollazzi M.; Kellner K.; Seal J.N.; Mueller U.G.","Smith, Chad C. (57203477138); Weber, Jesse N. (8836520000); Mikheyev, Alexander S. (6602781067); Roces, Flavio (7003358164); Bollazzi, Martin (22953188800); Kellner, Katrin (9740410600); Seal, Jon N. (15059254600); Mueller, Ulrich G. (7102827102)","57203477138; 8836520000; 6602781067; 7003358164; 22953188800; 9740410600; 15059254600; 7102827102","Landscape genomics of an obligate mutualism: Concordant and discordant population structures between the leafcutter ant Atta texana and its two main fungal symbiont types","2019","Molecular Ecology","28","11","","2831","2845","20","10.1111/mec.15111","https://www.scopus.com/pages/publications/85066473953?origin=resultslist","Article","Final","All Open Access; Green Open Access","Scopus","2-s2.0-85066473953"
"Fraik A.K.; Margres M.J.; Epstein B.; Barbosa S.; Jones M.; Hendricks S.; Schönfeld B.; Stahlke A.R.; Veillet A.; Hamede R.; McCallum H.; Lopez-Contreras E.; Kallinen S.J.; Hohenlohe P.A.; Kelley J.L.; Storfer A.","Fraik, Alexandra K. (57201127237); Margres, Mark J. (55414667800); Epstein, Brendan (55042958200); Barbosa, Soraia (57196936572); Jones, Menna (57209557205); Hendricks, Sarah (56640900100); Schönfeld, Barbara (57190985486); Stahlke, Amanda R. (57190286023); Veillet, Anne (24759462600); Hamede, Rodrigo (22634147700); McCallum, Hamish (7005980838); Lopez-Contreras, Elisa (57217035887); Kallinen, Samantha J. (57217033838); Hohenlohe, Paul A. (6603133542); Kelley, Joanna L. (8234514200); Storfer, Andrew (6603789071)","57201127237; 55414667800; 55042958200; 57196936572; 57209557205; 56640900100; 57190985486; 57190286023; 24759462600; 22634147700; 7005980838; 57217035887; 57217033838; 6603133542; 8234514200; 6603789071","Disease swamps molecular signatures of genetic-environmental associations to abiotic factors in Tasmanian devil (Sarcophilus harrisii) populations","2020","Evolution","74","7","","1392","1408","20","10.1111/evo.14023","https://www.scopus.com/pages/publications/85085880389?origin=resultslist","Article","Final","All Open Access; Bronze Open Access; Green Open Access","Scopus","2-s2.0-85085880389"
"Poveda-Martínez D.; Noguerales V.; Hight S.D.; Logarzo G.; Emerson B.C.; Varone L.; Hasson E.","Poveda-Martínez, Daniel (57191589743); Noguerales, Víctor (56081370600); Hight, Stephen D. (6603810092); Logarzo, Guillermo (6602974800); Emerson, Brent C. (55809548900); Varone, Laura (8354045100); Hasson, Esteban (7003513986)","57191589743; 56081370600; 6603810092; 6602974800; 55809548900; 8354045100; 7003513986","Geography, climate and shifts in host plants distribution explain the genomic variation in the cactus moth","2023","Frontiers in Ecology and Evolution","11","","1260857","","","3","10.3389/fevo.2023.1260857","https://www.scopus.com/pages/publications/85173780831?origin=resultslist","Article","Final","All Open Access; Gold Open Access; Green Open Access","Scopus","2-s2.0-85173780831"
"Mdladla K.; Dzomba E.F.; Muchadeyi F.C.","Mdladla, K. (57079272300); Dzomba, E.F. (37112011500); Muchadeyi, F.C. (15751270400)","57079272300; 37112011500; 15751270400","Landscape genomics and pathway analysis to understand genetic adaptation of South African indigenous goat populations","2018","Heredity","120","4","","369","378","30","10.1038/s41437-017-0044-z","https://www.scopus.com/pages/publications/85041549100?origin=resultslist","Article","Final","All Open Access; Bronze Open Access; Green Open Access","Scopus","2-s2.0-85041549100"
